file,inputPath,platform,gameId,title,reason,action
3ds-eshop-licensed-catalog-reviewed-overviews-6.json,data/games/reviewed-overview-imports/3ds-eshop-licensed-catalog-reviewed-overviews-6.csv,3ds,3ds-a-ressha-de-ikou-3d-neo,,currentOverview is stale; rerun with --force after re-reviewing this row,"Refresh currentOverview from live game data, re-read the reviewed copy beside the current record, then import with --force only after confirming the row is still accurate."
3ds-eshop-licensed-catalog-reviewed-overviews-6.json,data/games/reviewed-overview-imports/3ds-eshop-licensed-catalog-reviewed-overviews-6.csv,3ds,3ds-adventure-bar-story,,currentOverview is stale; rerun with --force after re-reviewing this row,"Refresh currentOverview from live game data, re-read the reviewed copy beside the current record, then import with --force only after confirming the row is still accurate."
3ds-eshop-licensed-catalog-reviewed-overviews-6.json,data/games/reviewed-overview-imports/3ds-eshop-licensed-catalog-reviewed-overviews-6.csv,3ds,3ds-adventure-labyrinth-story,,currentOverview is stale; rerun with --force after re-reviewing this row,"Refresh currentOverview from live game data, re-read the reviewed copy beside the current record, then import with --force only after confirming the row is still accurate."
3ds-eshop-licensed-catalog-reviewed-overviews-6.json,data/games/reviewed-overview-imports/3ds-eshop-licensed-catalog-reviewed-overviews-6.csv,3ds,3ds-aeternoblade,,currentOverview is stale; rerun with --force after re-reviewing this row,"Refresh currentOverview from live game data, re-read the reviewed copy beside the current record, then import with --force only after confirming the row is still accurate."
3ds-eshop-licensed-catalog-reviewed-overviews-6.json,data/games/reviewed-overview-imports/3ds-eshop-licensed-catalog-reviewed-overviews-6.csv,3ds,3ds-aikatsu-my-no-1-stage,,currentOverview is stale; rerun with --force after re-reviewing this row,"Refresh currentOverview from live game data, re-read the reviewed copy beside the current record, then import with --force only after confirming the row is still accurate."
3ds-eshop-licensed-catalog-reviewed-overviews-6.json,data/games/reviewed-overview-imports/3ds-eshop-licensed-catalog-reviewed-overviews-6.csv,3ds,3ds-airace-speed,,currentOverview is stale; rerun with --force after re-reviewing this row,"Refresh currentOverview from live game data, re-read the reviewed copy beside the current record, then import with --force only after confirming the row is still accurate."
3ds-eshop-licensed-catalog-reviewed-overviews-6.json,data/games/reviewed-overview-imports/3ds-eshop-licensed-catalog-reviewed-overviews-6.csv,3ds,3ds-airace-xeno,,currentOverview is stale; rerun with --force after re-reviewing this row,"Refresh currentOverview from live game data, re-read the reviewed copy beside the current record, then import with --force only after confirming the row is still accurate."
3ds-eshop-licensed-catalog-reviewed-overviews-6.json,data/games/reviewed-overview-imports/3ds-eshop-licensed-catalog-reviewed-overviews-6.csv,3ds,3ds-akari-by-nikoli,,currentOverview is stale; rerun with --force after re-reviewing this row,"Refresh currentOverview from live game data, re-read the reviewed copy beside the current record, then import with --force only after confirming the row is still accurate."
3ds-eshop-licensed-catalog-reviewed-overviews-6.json,data/games/reviewed-overview-imports/3ds-eshop-licensed-catalog-reviewed-overviews-6.csv,3ds,3ds-alchemic-dungeons,,currentOverview is stale; rerun with --force after re-reviewing this row,"Refresh currentOverview from live game data, re-read the reviewed copy beside the current record, then import with --force only after confirming the row is still accurate."
3ds-eshop-licensed-catalog-reviewed-overviews-6.json,data/games/reviewed-overview-imports/3ds-eshop-licensed-catalog-reviewed-overviews-6.csv,3ds,3ds-ambition-of-the-slimes,,currentOverview is stale; rerun with --force after re-reviewing this row,"Refresh currentOverview from live game data, re-read the reviewed copy beside the current record, then import with --force only after confirming the row is still accurate."
3ds-eshop-licensed-catalog-reviewed-overviews-6.json,data/games/reviewed-overview-imports/3ds-eshop-licensed-catalog-reviewed-overviews-6.csv,3ds,3ds-atv-wild-ride-3d,,currentOverview is stale; rerun with --force after re-reviewing this row,"Refresh currentOverview from live game data, re-read the reviewed copy beside the current record, then import with --force only after confirming the row is still accurate."
3ds-franchise-collector-reviewed-overviews-2.json,data/games/reviewed-overview-imports/3ds-franchise-collector-reviewed-overviews-2.csv,3ds,3ds-disney-magical-world,,currentOverview is stale; rerun with --force after re-reviewing this row,"Refresh currentOverview from live game data, re-read the reviewed copy beside the current record, then import with --force only after confirming the row is still accurate."
3ds-franchise-collector-reviewed-overviews-2.json,data/games/reviewed-overview-imports/3ds-franchise-collector-reviewed-overviews-2.csv,3ds,3ds-dragon-quest-monsters-joker-3,,currentOverview is stale; rerun with --force after re-reviewing this row,"Refresh currentOverview from live game data, re-read the reviewed copy beside the current record, then import with --force only after confirming the row is still accurate."
3ds-franchise-collector-reviewed-overviews-2.json,data/games/reviewed-overview-imports/3ds-franchise-collector-reviewed-overviews-2.csv,3ds,3ds-dragon-quest-monsters-joker-3-professional,,currentOverview is stale; rerun with --force after re-reviewing this row,"Refresh currentOverview from live game data, re-read the reviewed copy beside the current record, then import with --force only after confirming the row is still accurate."
3ds-franchise-collector-reviewed-overviews-2.json,data/games/reviewed-overview-imports/3ds-franchise-collector-reviewed-overviews-2.csv,3ds,3ds-lego-jurassic-world,,currentOverview is stale; rerun with --force after re-reviewing this row,"Refresh currentOverview from live game data, re-read the reviewed copy beside the current record, then import with --force only after confirming the row is still accurate."
3ds-franchise-collector-reviewed-overviews-2.json,data/games/reviewed-overview-imports/3ds-franchise-collector-reviewed-overviews-2.csv,3ds,3ds-lego-star-wars-the-force-awakens,,currentOverview is stale; rerun with --force after re-reviewing this row,"Refresh currentOverview from live game data, re-read the reviewed copy beside the current record, then import with --force only after confirming the row is still accurate."
3ds-franchise-collector-reviewed-overviews-2.json,data/games/reviewed-overview-imports/3ds-franchise-collector-reviewed-overviews-2.csv,3ds,3ds-my-nintendo-picross-the-legend-of-zelda-twilight-princess,,currentOverview is stale; rerun with --force after re-reviewing this row,"Refresh currentOverview from live game data, re-read the reviewed copy beside the current record, then import with --force only after confirming the row is still accurate."
3ds-franchise-collector-reviewed-overviews-2.json,data/games/reviewed-overview-imports/3ds-franchise-collector-reviewed-overviews-2.csv,3ds,3ds-naruto-powerful-shippuden,,currentOverview is stale; rerun with --force after re-reviewing this row,"Refresh currentOverview from live game data, re-read the reviewed copy beside the current record, then import with --force only after confirming the row is still accurate."
3ds-franchise-collector-reviewed-overviews-2.json,data/games/reviewed-overview-imports/3ds-franchise-collector-reviewed-overviews-2.csv,3ds,3ds-persona-q2-new-cinema-labyrinth,,currentOverview is stale; rerun with --force after re-reviewing this row,"Refresh currentOverview from live game data, re-read the reviewed copy beside the current record, then import with --force only after confirming the row is still accurate."
3ds-franchise-collector-reviewed-overviews-2.json,data/games/reviewed-overview-imports/3ds-franchise-collector-reviewed-overviews-2.csv,3ds,3ds-puzzle-and-dragons-super-mario-bros-edition,,currentOverview is stale; rerun with --force after re-reviewing this row,"Refresh currentOverview from live game data, re-read the reviewed copy beside the current record, then import with --force only after confirming the row is still accurate."
3ds-franchise-collector-reviewed-overviews-2.json,data/games/reviewed-overview-imports/3ds-franchise-collector-reviewed-overviews-2.csv,3ds,3ds-sonic-boom-fire-and-ice,,currentOverview is stale; rerun with --force after re-reviewing this row,"Refresh currentOverview from live game data, re-read the reviewed copy beside the current record, then import with --force only after confirming the row is still accurate."
3ds-franchise-collector-reviewed-overviews-2.json,data/games/reviewed-overview-imports/3ds-franchise-collector-reviewed-overviews-2.csv,3ds,3ds-yo-kai-watch-busters-2-treasure-legend-banbaraya-magnum,,currentOverview is stale; rerun with --force after re-reviewing this row,"Refresh currentOverview from live game data, re-read the reviewed copy beside the current record, then import with --force only after confirming the row is still accurate."
3ds-franchise-collector-reviewed-overviews-2.json,data/games/reviewed-overview-imports/3ds-franchise-collector-reviewed-overviews-2.csv,3ds,3ds-yo-kai-watch-busters-2-treasure-legend-banbaraya-sword,,currentOverview is stale; rerun with --force after re-reviewing this row,"Refresh currentOverview from live game data, re-read the reviewed copy beside the current record, then import with --force only after confirming the row is still accurate."
3ds-franchise-collector-reviewed-overviews-3.json,data/games/reviewed-overview-imports/3ds-franchise-collector-reviewed-overviews-3.csv,3ds,3ds-final-fantasy,,currentOverview is stale; rerun with --force after re-reviewing this row,"Refresh currentOverview from live game data, re-read the reviewed copy beside the current record, then import with --force only after confirming the row is still accurate."
3ds-franchise-collector-reviewed-overviews-3.json,data/games/reviewed-overview-imports/3ds-franchise-collector-reviewed-overviews-3.csv,3ds,3ds-meitantei-conan-marionette-symphony,,currentOverview is stale; rerun with --force after re-reviewing this row,"Refresh currentOverview from live game data, re-read the reviewed copy beside the current record, then import with --force only after confirming the row is still accurate."
3ds-franchise-collector-reviewed-overviews-3.json,data/games/reviewed-overview-imports/3ds-franchise-collector-reviewed-overviews-3.csv,3ds,3ds-one-piece-super-grand-battle-x,,currentOverview is stale; rerun with --force after re-reviewing this row,"Refresh currentOverview from live game data, re-read the reviewed copy beside the current record, then import with --force only after confirming the row is still accurate."
3ds-franchise-collector-reviewed-overviews-3.json,data/games/reviewed-overview-imports/3ds-franchise-collector-reviewed-overviews-3.csv,3ds,3ds-one-piece-unlimited-cruise-sp,,currentOverview is stale; rerun with --force after re-reviewing this row,"Refresh currentOverview from live game data, re-read the reviewed copy beside the current record, then import with --force only after confirming the row is still accurate."
3ds-franchise-collector-reviewed-overviews-3.json,data/games/reviewed-overview-imports/3ds-franchise-collector-reviewed-overviews-3.csv,3ds,3ds-sd-gundam-g-generation,,currentOverview is stale; rerun with --force after re-reviewing this row,"Refresh currentOverview from live game data, re-read the reviewed copy beside the current record, then import with --force only after confirming the row is still accurate."
3ds-pokemon-tcg-anime-reviewed-overviews.json,data/games/reviewed-overview-imports/3ds-pokemon-tcg-anime-reviewed-overviews.csv,3ds,3ds-pokemon-dream-radar,,currentOverview is stale; rerun with --force after re-reviewing this row,"Refresh currentOverview from live game data, re-read the reviewed copy beside the current record, then import with --force only after confirming the row is still accurate."
3ds-pokemon-tcg-anime-reviewed-overviews.json,data/games/reviewed-overview-imports/3ds-pokemon-tcg-anime-reviewed-overviews.csv,3ds,3ds-pokemon-picross,,currentOverview is stale; rerun with --force after re-reviewing this row,"Refresh currentOverview from live game data, re-read the reviewed copy beside the current record, then import with --force only after confirming the row is still accurate."
3ds-pokemon-tcg-anime-reviewed-overviews.json,data/games/reviewed-overview-imports/3ds-pokemon-tcg-anime-reviewed-overviews.csv,3ds,3ds-the-thieves-and-the-1000-pokemon,,currentOverview is stale; rerun with --force after re-reviewing this row,"Refresh currentOverview from live game data, re-read the reviewed copy beside the current record, then import with --force only after confirming the row is still accurate."
3ds-pokemon-tcg-anime-reviewed-overviews.json,data/games/reviewed-overview-imports/3ds-pokemon-tcg-anime-reviewed-overviews.csv,3ds,3ds-yu-gi-oh-zexal-world-duel-carnival,,currentOverview is stale; rerun with --force after re-reviewing this row,"Refresh currentOverview from live game data, re-read the reviewed copy beside the current record, then import with --force only after confirming the row is still accurate."
3ds-pokemon-tcg-anime-reviewed-overviews.json,data/games/reviewed-overview-imports/3ds-pokemon-tcg-anime-reviewed-overviews.csv,3ds,3ds-dragon-ball-heroes-ultimate-mission-2,,currentOverview is stale; rerun with --force after re-reviewing this row,"Refresh currentOverview from live game data, re-read the reviewed copy beside the current record, then import with --force only after confirming the row is still accurate."
3ds-pokemon-tcg-anime-reviewed-overviews.json,data/games/reviewed-overview-imports/3ds-pokemon-tcg-anime-reviewed-overviews.csv,3ds,3ds-dragon-ball-heroes-ultimate-mission-x,,currentOverview is stale; rerun with --force after re-reviewing this row,"Refresh currentOverview from live game data, re-read the reviewed copy beside the current record, then import with --force only after confirming the row is still accurate."
3ds-pokemon-tcg-anime-reviewed-overviews.json,data/games/reviewed-overview-imports/3ds-pokemon-tcg-anime-reviewed-overviews.csv,3ds,3ds-monster-hunter-diary-poka-poka-airou-village-dx,,currentOverview is stale; rerun with --force after re-reviewing this row,"Refresh currentOverview from live game data, re-read the reviewed copy beside the current record, then import with --force only after confirming the row is still accurate."
3ds-pokemon-tcg-anime-reviewed-overviews.json,data/games/reviewed-overview-imports/3ds-pokemon-tcg-anime-reviewed-overviews.csv,3ds,3ds-yo-kai-sangokushi,,currentOverview is stale; rerun with --force after re-reviewing this row,"Refresh currentOverview from live game data, re-read the reviewed copy beside the current record, then import with --force only after confirming the row is still accurate."
3ds-pokemon-tcg-anime-reviewed-overviews.json,data/games/reviewed-overview-imports/3ds-pokemon-tcg-anime-reviewed-overviews.csv,3ds,3ds-attack-on-titan-humanity-in-chains,,currentOverview is stale; rerun with --force after re-reviewing this row,"Refresh currentOverview from live game data, re-read the reviewed copy beside the current record, then import with --force only after confirming the row is still accurate."
3ds-priority-6x1-aikatsu-reviewed-overviews-2026-08-25.json,data/games/reviewed-overview-imports/3ds-priority-6x1-aikatsu-reviewed-overviews-2026-08-25.csv,3ds,3ds-6-1-unlimited,,currentOverview is stale; rerun with --force after re-reviewing this row,"Refresh currentOverview from live game data, re-read the reviewed copy beside the current record, then import with --force only after confirming the row is still accurate."
3ds-priority-6x1-aikatsu-reviewed-overviews-2026-08-25.json,data/games/reviewed-overview-imports/3ds-priority-6x1-aikatsu-reviewed-overviews-2026-08-25.csv,3ds,3ds-12-sai-honto-no-kimochi,,currentOverview is stale; rerun with --force after re-reviewing this row,"Refresh currentOverview from live game data, re-read the reviewed copy beside the current record, then import with --force only after confirming the row is still accurate."
3ds-priority-6x1-aikatsu-reviewed-overviews-2026-08-25.json,data/games/reviewed-overview-imports/3ds-priority-6x1-aikatsu-reviewed-overviews-2026-08-25.csv,3ds,3ds-12-sai-koisuru-diary,,currentOverview is stale; rerun with --force after re-reviewing this row,"Refresh currentOverview from live game data, re-read the reviewed copy beside the current record, then import with --force only after confirming the row is still accurate."
3ds-priority-6x1-aikatsu-reviewed-overviews-2026-08-25.json,data/games/reviewed-overview-imports/3ds-priority-6x1-aikatsu-reviewed-overviews-2026-08-25.csv,3ds,3ds-12-sai-torokeru-puzzle-futari-no-harmony,,currentOverview is stale; rerun with --force after re-reviewing this row,"Refresh currentOverview from live game data, re-read the reviewed copy beside the current record, then import with --force only after confirming the row is still accurate."
3ds-priority-6x1-aikatsu-reviewed-overviews-2026-08-25.json,data/games/reviewed-overview-imports/3ds-priority-6x1-aikatsu-reviewed-overviews-2026-08-25.csv,3ds,3ds-36-fragments-of-midnight,,currentOverview is stale; rerun with --force after re-reviewing this row,"Refresh currentOverview from live game data, re-read the reviewed copy beside the current record, then import with --force only after confirming the row is still accurate."
3ds-priority-6x1-aikatsu-reviewed-overviews-2026-08-25.json,data/games/reviewed-overview-imports/3ds-priority-6x1-aikatsu-reviewed-overviews-2026-08-25.csv,3ds,3ds-50-pinch-barrage,,currentOverview is stale; rerun with --force after re-reviewing this row,"Refresh currentOverview from live game data, re-read the reviewed copy beside the current record, then import with --force only after confirming the row is still accurate."
3ds-priority-6x1-aikatsu-reviewed-overviews-2026-08-25.json,data/games/reviewed-overview-imports/3ds-priority-6x1-aikatsu-reviewed-overviews-2026-08-25.csv,3ds,3ds-101-dinopets-3d,,currentOverview is stale; rerun with --force after re-reviewing this row,"Refresh currentOverview from live game data, re-read the reviewed copy beside the current record, then import with --force only after confirming the row is still accurate."
3ds-priority-6x1-aikatsu-reviewed-overviews-2026-08-25.json,data/games/reviewed-overview-imports/3ds-priority-6x1-aikatsu-reviewed-overviews-2026-08-25.csv,3ds,3ds-101-penguin-pets-3d,,currentOverview is stale; rerun with --force after re-reviewing this row,"Refresh currentOverview from live game data, re-read the reviewed copy beside the current record, then import with --force only after confirming the row is still accurate."
3ds-priority-6x1-aikatsu-reviewed-overviews-2026-08-25.json,data/games/reviewed-overview-imports/3ds-priority-6x1-aikatsu-reviewed-overviews-2026-08-25.csv,3ds,3ds-101-pony-pets-3d,,currentOverview is stale; rerun with --force after re-reviewing this row,"Refresh currentOverview from live game data, re-read the reviewed copy beside the current record, then import with --force only after confirming the row is still accurate."
3ds-priority-6x1-aikatsu-reviewed-overviews-2026-08-25.json,data/games/reviewed-overview-imports/3ds-priority-6x1-aikatsu-reviewed-overviews-2026-08-25.csv,3ds,3ds-accel-knights-2-full-throttle,,currentOverview is stale; rerun with --force after re-reviewing this row,"Refresh currentOverview from live game data, re-read the reviewed copy beside the current record, then import with --force only after confirming the row is still accurate."
3ds-priority-6x1-aikatsu-reviewed-overviews-2026-08-25.json,data/games/reviewed-overview-imports/3ds-priority-6x1-aikatsu-reviewed-overviews-2026-08-25.csv,3ds,3ds-acrylic-palette-irodori-cafe-cheers,,currentOverview is stale; rerun with --force after re-reviewing this row,"Refresh currentOverview from live game data, re-read the reviewed copy beside the current record, then import with --force only after confirming the row is still accurate."
3ds-priority-6x1-aikatsu-reviewed-overviews-2026-08-25.json,data/games/reviewed-overview-imports/3ds-priority-6x1-aikatsu-reviewed-overviews-2026-08-25.csv,3ds,3ds-aikatsu-stars-first-appeal,,currentOverview is stale; rerun with --force after re-reviewing this row,"Refresh currentOverview from live game data, re-read the reviewed copy beside the current record, then import with --force only after confirming the row is still accurate."
3ds-priority-6x1-aikatsu-reviewed-overviews-2026-08-25.json,data/games/reviewed-overview-imports/3ds-priority-6x1-aikatsu-reviewed-overviews-2026-08-25.csv,3ds,3ds-aikatsu-stars-my-special-appeal,,currentOverview is stale; rerun with --force after re-reviewing this row,"Refresh currentOverview from live game data, re-read the reviewed copy beside the current record, then import with --force only after confirming the row is still accurate."
3ds-priority-6x1-aikatsu-reviewed-overviews-2026-08-25.json,data/games/reviewed-overview-imports/3ds-priority-6x1-aikatsu-reviewed-overviews-2026-08-25.csv,3ds,3ds-aikatsu-2-nin-no-my-princess,,currentOverview is stale; rerun with --force after re-reviewing this row,"Refresh currentOverview from live game data, re-read the reviewed copy beside the current record, then import with --force only after confirming the row is still accurate."
3ds-priority-areyou-azito-reviewed-overviews-2026-08-25.json,data/games/reviewed-overview-imports/3ds-priority-areyou-azito-reviewed-overviews-2026-08-25.csv,3ds,3ds-asonde-shogi-ga-tsuyoku-naru-ginsei-shogi-dx,,currentOverview is stale; rerun with --force after re-reviewing this row,"Refresh currentOverview from live game data, re-read the reviewed copy beside the current record, then import with --force only after confirming the row is still accurate."
3ds-priority-areyou-azito-reviewed-overviews-2026-08-25.json,data/games/reviewed-overview-imports/3ds-priority-areyou-azito-reviewed-overviews-2026-08-25.csv,3ds,3ds-astro,,currentOverview is stale; rerun with --force after re-reviewing this row,"Refresh currentOverview from live game data, re-read the reviewed copy beside the current record, then import with --force only after confirming the row is still accurate."
3ds-priority-areyou-azito-reviewed-overviews-2026-08-25.json,data/games/reviewed-overview-imports/3ds-priority-areyou-azito-reviewed-overviews-2026-08-25.csv,3ds,3ds-atlantis-6,,currentOverview is stale; rerun with --force after re-reviewing this row,"Refresh currentOverview from live game data, re-read the reviewed copy beside the current record, then import with --force only after confirming the row is still accurate."
3ds-priority-bearshark-bestof-reviewed-overviews-2026-08-25.json,data/games/reviewed-overview-imports/3ds-priority-bearshark-bestof-reviewed-overviews-2026-08-25.csv,3ds,3ds-best-of-arcade-games,,currentOverview is stale; rerun with --force after re-reviewing this row,"Refresh currentOverview from live game data, re-read the reviewed copy beside the current record, then import with --force only after confirming the row is still accurate."
3ds-priority-bearshark-bestof-reviewed-overviews-2026-08-25.json,data/games/reviewed-overview-imports/3ds-priority-bearshark-bestof-reviewed-overviews-2026-08-25.csv,3ds,3ds-best-of-casual-games,,currentOverview is stale; rerun with --force after re-reviewing this row,"Refresh currentOverview from live game data, re-read the reviewed copy beside the current record, then import with --force only after confirming the row is still accurate."
3ds-priority-bibi-birdmania-reviewed-overviews-2026-08-25.json,data/games/reviewed-overview-imports/3ds-priority-bibi-birdmania-reviewed-overviews-2026-08-25.csv,3ds,3ds-bikkuri-tobidasu-mahou-no-pen,,currentOverview is stale; rerun with --force after re-reviewing this row,"Refresh currentOverview from live game data, re-read the reviewed copy beside the current record, then import with --force only after confirming the row is still accurate."
3ds-priority-bibi-birdmania-reviewed-overviews-2026-08-25.json,data/games/reviewed-overview-imports/3ds-priority-bibi-birdmania-reviewed-overviews-2026-08-25.csv,3ds,3ds-bikkuriman-kanjuku-haoh-sanmi-douran-sensouki,,currentOverview is stale; rerun with --force after re-reviewing this row,"Refresh currentOverview from live game data, re-read the reviewed copy beside the current record, then import with --force only after confirming the row is still accurate."
3ds-priority-bibi-birdmania-reviewed-overviews-2026-08-25.json,data/games/reviewed-overview-imports/3ds-priority-bibi-birdmania-reviewed-overviews-2026-08-25.csv,3ds,3ds-bingo-collection,,currentOverview is stale; rerun with --force after re-reviewing this row,"Refresh currentOverview from live game data, re-read the reviewed copy beside the current record, then import with --force only after confirming the row is still accurate."
3ds-priority-birdmania-blookid-reviewed-overviews-2026-08-25.json,data/games/reviewed-overview-imports/3ds-priority-birdmania-blookid-reviewed-overviews-2026-08-25.csv,3ds,3ds-bit-dungeon-plus,,currentOverview is stale; rerun with --force after re-reviewing this row,"Refresh currentOverview from live game data, re-read the reviewed copy beside the current record, then import with --force only after confirming the row is still accurate."
3ds-priority-birdmania-blookid-reviewed-overviews-2026-08-25.json,data/games/reviewed-overview-imports/3ds-priority-birdmania-blookid-reviewed-overviews-2026-08-25.csv,3ds,3ds-blockform,,currentOverview is stale; rerun with --force after re-reviewing this row,"Refresh currentOverview from live game data, re-read the reviewed copy beside the current record, then import with --force only after confirming the row is still accurate."
3ds-priority-birdmania-blookid-reviewed-overviews-2026-08-25.json,data/games/reviewed-overview-imports/3ds-priority-birdmania-blookid-reviewed-overviews-2026-08-25.csv,3ds,3ds-bloo-kid-2,,currentOverview is stale; rerun with --force after re-reviewing this row,"Refresh currentOverview from live game data, re-read the reviewed copy beside the current record, then import with --force only after confirming the row is still accurate."
3ds-priority-boku-bombmonkey-reviewed-overviews-2026-08-25.json,data/games/reviewed-overview-imports/3ds-priority-boku-bombmonkey-reviewed-overviews-2026-08-25.csv,3ds,3ds-boku-no-hero-academia-battle-for-all,,currentOverview is stale; rerun with --force after re-reviewing this row,"Refresh currentOverview from live game data, re-read the reviewed copy beside the current record, then import with --force only after confirming the row is still accurate."
3ds-priority-boku-bombmonkey-reviewed-overviews-2026-08-25.json,data/games/reviewed-overview-imports/3ds-priority-boku-bombmonkey-reviewed-overviews-2026-08-25.csv,3ds,3ds-boku-wa-koukuu-kanseikan-airport-hero-3d-haneda-with-jal,,currentOverview is stale; rerun with --force after re-reviewing this row,"Refresh currentOverview from live game data, re-read the reviewed copy beside the current record, then import with --force only after confirming the row is still accurate."
3ds-priority-boku-bombmonkey-reviewed-overviews-2026-08-25.json,data/games/reviewed-overview-imports/3ds-priority-boku-bombmonkey-reviewed-overviews-2026-08-25.csv,3ds,3ds-boku-wa-koukuu-kanseikan-airport-hero-3d-naha-premium,,currentOverview is stale; rerun with --force after re-reviewing this row,"Refresh currentOverview from live game data, re-read the reviewed copy beside the current record, then import with --force only after confirming the row is still accurate."
3ds-priority-boku-bombmonkey-reviewed-overviews-2026-08-25.json,data/games/reviewed-overview-imports/3ds-priority-boku-bombmonkey-reviewed-overviews-2026-08-25.csv,3ds,3ds-boku-wa-koukuu-kanseikan-airport-hero-3d-shin-chitose-with-jal,,currentOverview is stale; rerun with --force after re-reviewing this row,"Refresh currentOverview from live game data, re-read the reviewed copy beside the current record, then import with --force only after confirming the row is still accurate."
3ds-priority-boku-bombmonkey-reviewed-overviews-2026-08-25.json,data/games/reviewed-overview-imports/3ds-priority-boku-bombmonkey-reviewed-overviews-2026-08-25.csv,3ds,3ds-bokura-no-gakkou-sensou-tsuukai-adventure,,currentOverview is stale; rerun with --force after re-reviewing this row,"Refresh currentOverview from live game data, re-read the reviewed copy beside the current record, then import with --force only after confirming the row is still accurate."
3ds-priority-boku-bombmonkey-reviewed-overviews-2026-08-25.json,data/games/reviewed-overview-imports/3ds-priority-boku-bombmonkey-reviewed-overviews-2026-08-25.csv,3ds,3ds-bokura-no-nanokakan-sensou-yuujou-adventure,,currentOverview is stale; rerun with --force after re-reviewing this row,"Refresh currentOverview from live game data, re-read the reviewed copy beside the current record, then import with --force only after confirming the row is still accurate."
3ds-priority-bonbon-bravedungeon-reviewed-overviews-2026-08-25.json,data/games/reviewed-overview-imports/3ds-priority-bonbon-bravedungeon-reviewed-overviews-2026-08-25.csv,3ds,3ds-bonbon-ribbon-tokimeki-coord-kirakira-dance,,currentOverview is stale; rerun with --force after re-reviewing this row,"Refresh currentOverview from live game data, re-read the reviewed copy beside the current record, then import with --force only after confirming the row is still accurate."
3ds-priority-bonbon-bravedungeon-reviewed-overviews-2026-08-25.json,data/games/reviewed-overview-imports/3ds-priority-bonbon-bravedungeon-reviewed-overviews-2026-08-25.csv,3ds,3ds-bookstores-everywhere,,currentOverview is stale; rerun with --force after re-reviewing this row,"Refresh currentOverview from live game data, re-read the reviewed copy beside the current record, then import with --force only after confirming the row is still accurate."
3ds-priority-bonbon-bravedungeon-reviewed-overviews-2026-08-25.json,data/games/reviewed-overview-imports/3ds-priority-bonbon-bravedungeon-reviewed-overviews-2026-08-25.csv,3ds,3ds-box-up,,currentOverview is stale; rerun with --force after re-reviewing this row,"Refresh currentOverview from live game data, re-read the reviewed copy beside the current record, then import with --force only after confirming the row is still accurate."
3ds-priority-bonbon-bravedungeon-reviewed-overviews-2026-08-25.json,data/games/reviewed-overview-imports/3ds-priority-bonbon-bravedungeon-reviewed-overviews-2026-08-25.csv,3ds,3ds-boxzle,,currentOverview is stale; rerun with --force after re-reviewing this row,"Refresh currentOverview from live game data, re-read the reviewed copy beside the current record, then import with --force only after confirming the row is still accurate."
3ds-priority-bonbon-bravedungeon-reviewed-overviews-2026-08-25.json,data/games/reviewed-overview-imports/3ds-priority-bonbon-bravedungeon-reviewed-overviews-2026-08-25.csv,3ds,3ds-brain-training-3d,,currentOverview is stale; rerun with --force after re-reviewing this row,"Refresh currentOverview from live game data, re-read the reviewed copy beside the current record, then import with --force only after confirming the row is still accurate."
3ds-priority-bonbon-bravedungeon-reviewed-overviews-2026-08-25.json,data/games/reviewed-overview-imports/3ds-priority-bonbon-bravedungeon-reviewed-overviews-2026-08-25.csv,3ds,3ds-brave-company,,currentOverview is stale; rerun with --force after re-reviewing this row,"Refresh currentOverview from live game data, re-read the reviewed copy beside the current record, then import with --force only after confirming the row is still accurate."
3ds-priority-breakout-bricks-reviewed-overviews-2026-08-25.json,data/games/reviewed-overview-imports/3ds-priority-breakout-bricks-reviewed-overviews-2026-08-25.csv,3ds,3ds-breakout-defender,,currentOverview is stale; rerun with --force after re-reviewing this row,"Refresh currentOverview from live game data, re-read the reviewed copy beside the current record, then import with --force only after confirming the row is still accurate."
3ds-priority-breakout-bricks-reviewed-overviews-2026-08-25.json,data/games/reviewed-overview-imports/3ds-priority-breakout-bricks-reviewed-overviews-2026-08-25.csv,3ds,3ds-breakout-defender-2,,currentOverview is stale; rerun with --force after re-reviewing this row,"Refresh currentOverview from live game data, re-read the reviewed copy beside the current record, then import with --force only after confirming the row is still accurate."
3ds-priority-breakout-bricks-reviewed-overviews-2026-08-25.json,data/games/reviewed-overview-imports/3ds-priority-breakout-bricks-reviewed-overviews-2026-08-25.csv,3ds,3ds-breakout-defense-2,,currentOverview is stale; rerun with --force after re-reviewing this row,"Refresh currentOverview from live game data, re-read the reviewed copy beside the current record, then import with --force only after confirming the row is still accurate."
3ds-priority-breakout-bricks-reviewed-overviews-2026-08-25.json,data/games/reviewed-overview-imports/3ds-priority-breakout-bricks-reviewed-overviews-2026-08-25.csv,3ds,3ds-brick-thru,,currentOverview is stale; rerun with --force after re-reviewing this row,"Refresh currentOverview from live game data, re-read the reviewed copy beside the current record, then import with --force only after confirming the row is still accurate."
3ds-priority-breakout-bricks-reviewed-overviews-2026-08-25.json,data/games/reviewed-overview-imports/3ds-priority-breakout-bricks-reviewed-overviews-2026-08-25.csv,3ds,3ds-bricks-defender,,currentOverview is stale; rerun with --force after re-reviewing this row,"Refresh currentOverview from live game data, re-read the reviewed copy beside the current record, then import with --force only after confirming the row is still accurate."
3ds-priority-breakout-bricks-reviewed-overviews-2026-08-25.json,data/games/reviewed-overview-imports/3ds-priority-breakout-bricks-reviewed-overviews-2026-08-25.csv,3ds,3ds-bricks-defender-2,,currentOverview is stale; rerun with --force after re-reviewing this row,"Refresh currentOverview from live game data, re-read the reviewed copy beside the current record, then import with --force only after confirming the row is still accurate."
3ds-priority-breakout-bricks-reviewed-overviews-2026-08-25.json,data/games/reviewed-overview-imports/3ds-priority-breakout-bricks-reviewed-overviews-2026-08-25.csv,3ds,3ds-bricks-defender-3,,currentOverview is stale; rerun with --force after re-reviewing this row,"Refresh currentOverview from live game data, re-read the reviewed copy beside the current record, then import with --force only after confirming the row is still accurate."
3ds-priority-breakout-bricks-reviewed-overviews-2026-08-25.json,data/games/reviewed-overview-imports/3ds-priority-breakout-bricks-reviewed-overviews-2026-08-25.csv,3ds,3ds-bricks-defender-4,,currentOverview is stale; rerun with --force after re-reviewing this row,"Refresh currentOverview from live game data, re-read the reviewed copy beside the current record, then import with --force only after confirming the row is still accurate."
3ds-recognizable-eshop-classics-reviewed-overviews.json,data/games/reviewed-overview-imports/3ds-recognizable-eshop-classics-reviewed-overviews.csv,3ds,3ds-3d-block-kuzushi,,currentOverview is stale; rerun with --force after re-reviewing this row,"Refresh currentOverview from live game data, re-read the reviewed copy beside the current record, then import with --force only after confirming the row is still accurate."
3ds-recognizable-eshop-classics-reviewed-overviews.json,data/games/reviewed-overview-imports/3ds-recognizable-eshop-classics-reviewed-overviews.csv,3ds,3ds-3d-ecco-the-dolphin,,currentOverview is stale; rerun with --force after re-reviewing this row,"Refresh currentOverview from live game data, re-read the reviewed copy beside the current record, then import with --force only after confirming the row is still accurate."
3ds-recognizable-eshop-classics-reviewed-overviews.json,data/games/reviewed-overview-imports/3ds-recognizable-eshop-classics-reviewed-overviews.csv,3ds,3ds-3d-game-collection-55-in-1,,currentOverview is stale; rerun with --force after re-reviewing this row,"Refresh currentOverview from live game data, re-read the reviewed copy beside the current record, then import with --force only after confirming the row is still accurate."
3ds-recognizable-eshop-classics-reviewed-overviews.json,data/games/reviewed-overview-imports/3ds-recognizable-eshop-classics-reviewed-overviews.csv,3ds,3ds-3d-mahjongg,,currentOverview is stale; rerun with --force after re-reviewing this row,"Refresh currentOverview from live game data, re-read the reviewed copy beside the current record, then import with --force only after confirming the row is still accurate."
3ds-recognizable-eshop-classics-reviewed-overviews.json,data/games/reviewed-overview-imports/3ds-recognizable-eshop-classics-reviewed-overviews.csv,3ds,3ds-3d-retro-dungeon-puzzle-challenge,,currentOverview is stale; rerun with --force after re-reviewing this row,"Refresh currentOverview from live game data, re-read the reviewed copy beside the current record, then import with --force only after confirming the row is still accurate."
3ds-recognizable-eshop-classics-reviewed-overviews.json,data/games/reviewed-overview-imports/3ds-recognizable-eshop-classics-reviewed-overviews.csv,3ds,3ds-3d-solitaire,,currentOverview is stale; rerun with --force after re-reviewing this row,"Refresh currentOverview from live game data, re-read the reviewed copy beside the current record, then import with --force only after confirming the row is still accurate."
3ds-recognizable-eshop-classics-reviewed-overviews.json,data/games/reviewed-overview-imports/3ds-recognizable-eshop-classics-reviewed-overviews.csv,3ds,3ds-3d-streets-of-rage,,currentOverview is stale; rerun with --force after re-reviewing this row,"Refresh currentOverview from live game data, re-read the reviewed copy beside the current record, then import with --force only after confirming the row is still accurate."
3ds-recognizable-eshop-classics-reviewed-overviews.json,data/games/reviewed-overview-imports/3ds-recognizable-eshop-classics-reviewed-overviews.csv,3ds,3ds-4-elements,,currentOverview is stale; rerun with --force after re-reviewing this row,"Refresh currentOverview from live game data, re-read the reviewed copy beside the current record, then import with --force only after confirming the row is still accurate."
3ds-recognizable-eshop-classics-reviewed-overviews.json,data/games/reviewed-overview-imports/3ds-recognizable-eshop-classics-reviewed-overviews.csv,3ds,3ds-10-in-1-arcade-collection,,currentOverview is stale; rerun with --force after re-reviewing this row,"Refresh currentOverview from live game data, re-read the reviewed copy beside the current record, then import with --force only after confirming the row is still accurate."
3ds-recognizable-eshop-classics-reviewed-overviews.json,data/games/reviewed-overview-imports/3ds-recognizable-eshop-classics-reviewed-overviews.csv,3ds,3ds-50-classic-games-3d,,currentOverview is stale; rerun with --force after re-reviewing this row,"Refresh currentOverview from live game data, re-read the reviewed copy beside the current record, then import with --force only after confirming the row is still accurate."
3ds-recognizable-eshop-classics-reviewed-overviews.json,data/games/reviewed-overview-imports/3ds-recognizable-eshop-classics-reviewed-overviews.csv,3ds,3ds-80-s-overdrive,,currentOverview is stale; rerun with --force after re-reviewing this row,"Refresh currentOverview from live game data, re-read the reviewed copy beside the current record, then import with --force only after confirming the row is still accurate."
3ds-recognizable-eshop-classics-reviewed-overviews.json,data/games/reviewed-overview-imports/3ds-recognizable-eshop-classics-reviewed-overviews.csv,3ds,3ds-a-train-3d-city-simulator,,currentOverview is stale; rerun with --force after re-reviewing this row,"Refresh currentOverview from live game data, re-read the reviewed copy beside the current record, then import with --force only after confirming the row is still accurate."
ds-board-education-sim-mystery-reviewed-overviews-6.json,data/games/reviewed-overview-imports/ds-board-education-sim-mystery-reviewed-overviews-6.csv,ds,ds-50-more-classic-games,,currentOverview is stale; rerun with --force after re-reviewing this row,"Refresh currentOverview from live game data, re-read the reviewed copy beside the current record, then import with --force only after confirming the row is still accurate."
ds-board-education-sim-mystery-reviewed-overviews-6.json,data/games/reviewed-overview-imports/ds-board-education-sim-mystery-reviewed-overviews-6.csv,ds,ds-100-all-time-favorites,,currentOverview is stale; rerun with --force after re-reviewing this row,"Refresh currentOverview from live game data, re-read the reviewed copy beside the current record, then import with --force only after confirming the row is still accurate."
ds-board-education-sim-mystery-reviewed-overviews-6.json,data/games/reviewed-overview-imports/ds-board-education-sim-mystery-reviewed-overviews-6.csv,ds,ds-100-classic-games,,currentOverview is stale; rerun with --force after re-reviewing this row,"Refresh currentOverview from live game data, re-read the reviewed copy beside the current record, then import with --force only after confirming the row is still accurate."
ds-board-education-sim-mystery-reviewed-overviews-6.json,data/games/reviewed-overview-imports/ds-board-education-sim-mystery-reviewed-overviews-6.csv,ds,ds-1000-bornes,,currentOverview is stale; rerun with --force after re-reviewing this row,"Refresh currentOverview from live game data, re-read the reviewed copy beside the current record, then import with --force only after confirming the row is still accurate."
ds-board-education-sim-mystery-reviewed-overviews-6.json,data/games/reviewed-overview-imports/ds-board-education-sim-mystery-reviewed-overviews-6.csv,ds,ds-1001-crosswords,,currentOverview is stale; rerun with --force after re-reviewing this row,"Refresh currentOverview from live game data, re-read the reviewed copy beside the current record, then import with --force only after confirming the row is still accurate."
ds-board-education-sim-mystery-reviewed-overviews-6.json,data/games/reviewed-overview-imports/ds-board-education-sim-mystery-reviewed-overviews-6.csv,ds,ds-1500ds-spirits-vol-1-mahjong,,currentOverview is stale; rerun with --force after re-reviewing this row,"Refresh currentOverview from live game data, re-read the reviewed copy beside the current record, then import with --force only after confirming the row is still accurate."
ds-board-education-sim-mystery-reviewed-overviews-6.json,data/games/reviewed-overview-imports/ds-board-education-sim-mystery-reviewed-overviews-6.csv,ds,ds-1500ds-spirits-vol-2-shogi,,currentOverview is stale; rerun with --force after re-reviewing this row,"Refresh currentOverview from live game data, re-read the reviewed copy beside the current record, then import with --force only after confirming the row is still accurate."
ds-board-education-sim-mystery-reviewed-overviews-6.json,data/games/reviewed-overview-imports/ds-board-education-sim-mystery-reviewed-overviews-6.csv,ds,ds-a-ressha-de-ikou-ds,,currentOverview is stale; rerun with --force after re-reviewing this row,"Refresh currentOverview from live game data, re-read the reviewed copy beside the current record, then import with --force only after confirming the row is still accurate."
ds-board-education-sim-mystery-reviewed-overviews-6.json,data/games/reviewed-overview-imports/ds-board-education-sim-mystery-reviewed-overviews-6.csv,ds,ds-actua-pool,,currentOverview is stale; rerun with --force after re-reviewing this row,"Refresh currentOverview from live game data, re-read the reviewed copy beside the current record, then import with --force only after confirming the row is still accurate."
ds-board-education-sim-mystery-reviewed-overviews-6.json,data/games/reviewed-overview-imports/ds-board-education-sim-mystery-reviewed-overviews-6.csv,ds,ds-aibou-ds,,currentOverview is stale; rerun with --force after re-reviewing this row,"Refresh currentOverview from live game data, re-read the reviewed copy beside the current record, then import with --force only after confirming the row is still accurate."
ds-board-education-sim-mystery-reviewed-overviews-6.json,data/games/reviewed-overview-imports/ds-board-education-sim-mystery-reviewed-overviews-6.csv,ds,ds-akagawa-jirou-mystery-tsuki-no-hikari,,currentOverview is stale; rerun with --force after re-reviewing this row,"Refresh currentOverview from live game data, re-read the reviewed copy beside the current record, then import with --force only after confirming the row is still accurate."
ds-family-anime-collector-reviewed-overviews-8.json,data/games/reviewed-overview-imports/ds-family-anime-collector-reviewed-overviews-8.csv,ds,ds-barbie-dreamhouse-party,,currentOverview is stale; rerun with --force after re-reviewing this row,"Refresh currentOverview from live game data, re-read the reviewed copy beside the current record, then import with --force only after confirming the row is still accurate."
ds-family-anime-collector-reviewed-overviews-8.json,data/games/reviewed-overview-imports/ds-family-anime-collector-reviewed-overviews-8.csv,ds,ds-barbie-in-the-12-dancing-princesses,,currentOverview is stale; rerun with --force after re-reviewing this row,"Refresh currentOverview from live game data, re-read the reviewed copy beside the current record, then import with --force only after confirming the row is still accurate."
ds-family-anime-collector-reviewed-overviews-8.json,data/games/reviewed-overview-imports/ds-family-anime-collector-reviewed-overviews-8.csv,ds,ds-barbie-groom-and-glam-pups,,currentOverview is stale; rerun with --force after re-reviewing this row,"Refresh currentOverview from live game data, re-read the reviewed copy beside the current record, then import with --force only after confirming the row is still accurate."
ds-family-anime-collector-reviewed-overviews-8.json,data/games/reviewed-overview-imports/ds-family-anime-collector-reviewed-overviews-8.csv,ds,ds-barbie-jet-set-and-style,,currentOverview is stale; rerun with --force after re-reviewing this row,"Refresh currentOverview from live game data, re-read the reviewed copy beside the current record, then import with --force only after confirming the row is still accurate."
ds-family-anime-collector-reviewed-overviews-8.json,data/games/reviewed-overview-imports/ds-family-anime-collector-reviewed-overviews-8.csv,ds,ds-bratz-girlz-really-rock,,currentOverview is stale; rerun with --force after re-reviewing this row,"Refresh currentOverview from live game data, re-read the reviewed copy beside the current record, then import with --force only after confirming the row is still accurate."
ds-family-anime-collector-reviewed-overviews-8.json,data/games/reviewed-overview-imports/ds-family-anime-collector-reviewed-overviews-8.csv,ds,ds-bratz-kidz,,currentOverview is stale; rerun with --force after re-reviewing this row,"Refresh currentOverview from live game data, re-read the reviewed copy beside the current record, then import with --force only after confirming the row is still accurate."
ds-family-anime-collector-reviewed-overviews-8.json,data/games/reviewed-overview-imports/ds-family-anime-collector-reviewed-overviews-8.csv,ds,ds-bratz-ponyz,,currentOverview is stale; rerun with --force after re-reviewing this row,"Refresh currentOverview from live game data, re-read the reviewed copy beside the current record, then import with --force only after confirming the row is still accurate."
ds-family-anime-collector-reviewed-overviews-8.json,data/games/reviewed-overview-imports/ds-family-anime-collector-reviewed-overviews-8.csv,ds,ds-kidou-gekidan-haro-ichiza-gundam-mahjong-ds,,currentOverview is stale; rerun with --force after re-reviewing this row,"Refresh currentOverview from live game data, re-read the reviewed copy beside the current record, then import with --force only after confirming the row is still accurate."
ds-family-anime-collector-reviewed-overviews-8.json,data/games/reviewed-overview-imports/ds-family-anime-collector-reviewed-overviews-8.csv,ds,ds-kidou-gekidan-haro-ichiza-gundam-mahjong-z-sara-ni-deki-ruyouni-nattana,,currentOverview is stale; rerun with --force after re-reviewing this row,"Refresh currentOverview from live game data, re-read the reviewed copy beside the current record, then import with --force only after confirming the row is still accurate."
ds-family-anime-collector-reviewed-overviews-8.json,data/games/reviewed-overview-imports/ds-family-anime-collector-reviewed-overviews-8.csv,ds,ds-naruto-ninja-council-2-european-version,,currentOverview is stale; rerun with --force after re-reviewing this row,"Refresh currentOverview from live game data, re-read the reviewed copy beside the current record, then import with --force only after confirming the row is still accurate."
ds-family-anime-collector-reviewed-overviews-8.json,data/games/reviewed-overview-imports/ds-family-anime-collector-reviewed-overviews-8.csv,ds,ds-super-robot-gakuen,,currentOverview is stale; rerun with --force after re-reviewing this row,"Refresh currentOverview from live game data, re-read the reviewed copy beside the current record, then import with --force only after confirming the row is still accurate."
ds-family-anime-collector-reviewed-overviews-8.json,data/games/reviewed-overview-imports/ds-family-anime-collector-reviewed-overviews-8.csv,ds,ds-super-robot-wars-l,,currentOverview is stale; rerun with --force after re-reviewing this row,"Refresh currentOverview from live game data, re-read the reviewed copy beside the current record, then import with --force only after confirming the row is still accurate."
ds-family-licensed-collector-reviewed-overviews-9.json,data/games/reviewed-overview-imports/ds-family-licensed-collector-reviewed-overviews-9.csv,ds,ds-bratz-ponyz-2,,currentOverview is stale; rerun with --force after re-reviewing this row,"Refresh currentOverview from live game data, re-read the reviewed copy beside the current record, then import with --force only after confirming the row is still accurate."
ds-family-licensed-collector-reviewed-overviews-9.json,data/games/reviewed-overview-imports/ds-family-licensed-collector-reviewed-overviews-9.csv,ds,ds-bratz-fashion-boutique,,currentOverview is stale; rerun with --force after re-reviewing this row,"Refresh currentOverview from live game data, re-read the reviewed copy beside the current record, then import with --force only after confirming the row is still accurate."
ds-family-licensed-collector-reviewed-overviews-9.json,data/games/reviewed-overview-imports/ds-family-licensed-collector-reviewed-overviews-9.csv,ds,ds-bratz-forever-diamondz,,currentOverview is stale; rerun with --force after re-reviewing this row,"Refresh currentOverview from live game data, re-read the reviewed copy beside the current record, then import with --force only after confirming the row is still accurate."
ds-family-licensed-collector-reviewed-overviews-9.json,data/games/reviewed-overview-imports/ds-family-licensed-collector-reviewed-overviews-9.csv,ds,ds-disney-pixar-s-cars,,currentOverview is stale; rerun with --force after re-reviewing this row,"Refresh currentOverview from live game data, re-read the reviewed copy beside the current record, then import with --force only after confirming the row is still accurate."
ds-family-licensed-collector-reviewed-overviews-9.json,data/games/reviewed-overview-imports/ds-family-licensed-collector-reviewed-overviews-9.csv,ds,ds-disney-pixar-s-cars-2,,currentOverview is stale; rerun with --force after re-reviewing this row,"Refresh currentOverview from live game data, re-read the reviewed copy beside the current record, then import with --force only after confirming the row is still accurate."
ds-family-licensed-collector-reviewed-overviews-9.json,data/games/reviewed-overview-imports/ds-family-licensed-collector-reviewed-overviews-9.csv,ds,ds-dora-and-kai-lan-s-pet-shelter,,currentOverview is stale; rerun with --force after re-reviewing this row,"Refresh currentOverview from live game data, re-read the reviewed copy beside the current record, then import with --force only after confirming the row is still accurate."
ds-family-licensed-collector-reviewed-overviews-9.json,data/games/reviewed-overview-imports/ds-family-licensed-collector-reviewed-overviews-9.csv,ds,ds-dora-the-explorer-dora-saves-the-mermaids,,currentOverview is stale; rerun with --force after re-reviewing this row,"Refresh currentOverview from live game data, re-read the reviewed copy beside the current record, then import with --force only after confirming the row is still accurate."
ds-family-licensed-collector-reviewed-overviews-9.json,data/games/reviewed-overview-imports/ds-family-licensed-collector-reviewed-overviews-9.csv,ds,ds-hello-kitty-party,,currentOverview is stale; rerun with --force after re-reviewing this row,"Refresh currentOverview from live game data, re-read the reviewed copy beside the current record, then import with --force only after confirming the row is still accurate."
ds-family-licensed-collector-reviewed-overviews-9.json,data/games/reviewed-overview-imports/ds-family-licensed-collector-reviewed-overviews-9.csv,ds,ds-hot-wheels-battle-force-5,,currentOverview is stale; rerun with --force after re-reviewing this row,"Refresh currentOverview from live game data, re-read the reviewed copy beside the current record, then import with --force only after confirming the row is still accurate."
ds-family-licensed-collector-reviewed-overviews-9.json,data/games/reviewed-overview-imports/ds-family-licensed-collector-reviewed-overviews-9.csv,ds,ds-monster-high-13-wishes,,currentOverview is stale; rerun with --force after re-reviewing this row,"Refresh currentOverview from live game data, re-read the reviewed copy beside the current record, then import with --force only after confirming the row is still accurate."
ds-family-licensed-collector-reviewed-overviews-9.json,data/games/reviewed-overview-imports/ds-family-licensed-collector-reviewed-overviews-9.csv,ds,ds-zhu-zhu-pets,,currentOverview is stale; rerun with --force after re-reviewing this row,"Refresh currentOverview from live game data, re-read the reviewed copy beside the current record, then import with --force only after confirming the row is still accurate."
ds-family-licensed-collector-reviewed-overviews-9.json,data/games/reviewed-overview-imports/ds-family-licensed-collector-reviewed-overviews-9.csv,ds,ds-zhu-zhu-pets-kung-zhu,,currentOverview is stale; rerun with --force after re-reviewing this row,"Refresh currentOverview from live game data, re-read the reviewed copy beside the current record, then import with --force only after confirming the row is still accurate."
ds-franchise-collector-reviewed-overviews-3.json,data/games/reviewed-overview-imports/ds-franchise-collector-reviewed-overviews-3.csv,ds,ds-naruto-path-of-the-ninja-2,,currentOverview is stale; rerun with --force after re-reviewing this row,"Refresh currentOverview from live game data, re-read the reviewed copy beside the current record, then import with --force only after confirming the row is still accurate."
ds-franchise-collector-reviewed-overviews-3.json,data/games/reviewed-overview-imports/ds-franchise-collector-reviewed-overviews-3.csv,ds,ds-naruto-shippuden-shinobi-rumble,,currentOverview is stale; rerun with --force after re-reviewing this row,"Refresh currentOverview from live game data, re-read the reviewed copy beside the current record, then import with --force only after confirming the row is still accurate."
ds-franchise-collector-reviewed-overviews-3.json,data/games/reviewed-overview-imports/ds-franchise-collector-reviewed-overviews-3.csv,ds,ds-one-piece-gigant-battle,,currentOverview is stale; rerun with --force after re-reviewing this row,"Refresh currentOverview from live game data, re-read the reviewed copy beside the current record, then import with --force only after confirming the row is still accurate."
ds-franchise-collector-reviewed-overviews-3.json,data/games/reviewed-overview-imports/ds-franchise-collector-reviewed-overviews-3.csv,ds,ds-spyro-shadow-legacy,,currentOverview is stale; rerun with --force after re-reviewing this row,"Refresh currentOverview from live game data, re-read the reviewed copy beside the current record, then import with --force only after confirming the row is still accurate."
ds-franchise-collector-reviewed-overviews-3.json,data/games/reviewed-overview-imports/ds-franchise-collector-reviewed-overviews-3.csv,ds,ds-emblem-of-gundam,,currentOverview is stale; rerun with --force after re-reviewing this row,"Refresh currentOverview from live game data, re-read the reviewed copy beside the current record, then import with --force only after confirming the row is still accurate."
ds-franchise-collector-reviewed-overviews-3.json,data/games/reviewed-overview-imports/ds-franchise-collector-reviewed-overviews-3.csv,ds,ds-sd-gundam-g-generation-ds,,currentOverview is stale; rerun with --force after re-reviewing this row,"Refresh currentOverview from live game data, re-read the reviewed copy beside the current record, then import with --force only after confirming the row is still accurate."
ds-franchise-collector-reviewed-overviews-3.json,data/games/reviewed-overview-imports/ds-franchise-collector-reviewed-overviews-3.csv,ds,ds-sd-gundam-g-generation-cross-drive,,currentOverview is stale; rerun with --force after re-reviewing this row,"Refresh currentOverview from live game data, re-read the reviewed copy beside the current record, then import with --force only after confirming the row is still accurate."
ds-franchise-collector-reviewed-overviews-3.json,data/games/reviewed-overview-imports/ds-franchise-collector-reviewed-overviews-3.csv,ds,ds-kidou-senshi-gundam-00,,currentOverview is stale; rerun with --force after re-reviewing this row,"Refresh currentOverview from live game data, re-read the reviewed copy beside the current record, then import with --force only after confirming the row is still accurate."
ds-franchise-tcg-collector-reviewed-overviews-2.json,data/games/reviewed-overview-imports/ds-franchise-tcg-collector-reviewed-overviews-2.csv,ds,ds-lego-star-wars-ii-the-original-trilogy,,currentOverview is stale; rerun with --force after re-reviewing this row,"Refresh currentOverview from live game data, re-read the reviewed copy beside the current record, then import with --force only after confirming the row is still accurate."
ds-franchise-tcg-collector-reviewed-overviews-2.json,data/games/reviewed-overview-imports/ds-franchise-tcg-collector-reviewed-overviews-2.csv,ds,ds-mega-man-star-force-2-zerker-ninja,,currentOverview is stale; rerun with --force after re-reviewing this row,"Refresh currentOverview from live game data, re-read the reviewed copy beside the current record, then import with --force only after confirming the row is still accurate."
ds-franchise-tcg-collector-reviewed-overviews-2.json,data/games/reviewed-overview-imports/ds-franchise-tcg-collector-reviewed-overviews-2.csv,ds,ds-mega-man-star-force-2-zerker-saurian,,currentOverview is stale; rerun with --force after re-reviewing this row,"Refresh currentOverview from live game data, re-read the reviewed copy beside the current record, then import with --force only after confirming the row is still accurate."
ds-franchise-tcg-collector-reviewed-overviews-2.json,data/games/reviewed-overview-imports/ds-franchise-tcg-collector-reviewed-overviews-2.csv,ds,ds-mega-man-star-force-3-red-joker,,currentOverview is stale; rerun with --force after re-reviewing this row,"Refresh currentOverview from live game data, re-read the reviewed copy beside the current record, then import with --force only after confirming the row is still accurate."
ds-franchise-tcg-collector-reviewed-overviews-2.json,data/games/reviewed-overview-imports/ds-franchise-tcg-collector-reviewed-overviews-2.csv,ds,ds-naruto-rpg-2-chidori-vs-rasengan,,currentOverview is stale; rerun with --force after re-reviewing this row,"Refresh currentOverview from live game data, re-read the reviewed copy beside the current record, then import with --force only after confirming the row is still accurate."
ds-franchise-tcg-collector-reviewed-overviews-2.json,data/games/reviewed-overview-imports/ds-franchise-tcg-collector-reviewed-overviews-2.csv,ds,ds-naruto-shippuden-naruto-vs-sasuke,,currentOverview is stale; rerun with --force after re-reviewing this row,"Refresh currentOverview from live game data, re-read the reviewed copy beside the current record, then import with --force only after confirming the row is still accurate."
ds-franchise-tcg-collector-reviewed-overviews-2.json,data/games/reviewed-overview-imports/ds-franchise-tcg-collector-reviewed-overviews-2.csv,ds,ds-naruto-path-of-the-ninja,,currentOverview is stale; rerun with --force after re-reviewing this row,"Refresh currentOverview from live game data, re-read the reviewed copy beside the current record, then import with --force only after confirming the row is still accurate."
ds-franchise-tcg-collector-reviewed-overviews-2.json,data/games/reviewed-overview-imports/ds-franchise-tcg-collector-reviewed-overviews-2.csv,ds,ds-transformers-war-for-cybertron-autobots,,currentOverview is stale; rerun with --force after re-reviewing this row,"Refresh currentOverview from live game data, re-read the reviewed copy beside the current record, then import with --force only after confirming the row is still accurate."
ds-franchise-tcg-collector-reviewed-overviews-2.json,data/games/reviewed-overview-imports/ds-franchise-tcg-collector-reviewed-overviews-2.csv,ds,ds-transformers-war-for-cybertron-decepticons,,currentOverview is stale; rerun with --force after re-reviewing this row,"Refresh currentOverview from live game data, re-read the reviewed copy beside the current record, then import with --force only after confirming the row is still accurate."
ds-franchise-tcg-collector-reviewed-overviews-2.json,data/games/reviewed-overview-imports/ds-franchise-tcg-collector-reviewed-overviews-2.csv,ds,ds-yu-gi-oh-duel-monsters-gx-spirit-summoner,,currentOverview is stale; rerun with --force after re-reviewing this row,"Refresh currentOverview from live game data, re-read the reviewed copy beside the current record, then import with --force only after confirming the row is still accurate."
ds-licensed-rpg-collector-reviewed-overviews-4.json,data/games/reviewed-overview-imports/ds-licensed-rpg-collector-reviewed-overviews-4.csv,ds,ds-disney-hannah-montana-music-jam,,currentOverview is stale; rerun with --force after re-reviewing this row,"Refresh currentOverview from live game data, re-read the reviewed copy beside the current record, then import with --force only after confirming the row is still accurate."
ds-pokemon-yugioh-digimon-reviewed-overviews.json,data/games/reviewed-overview-imports/ds-pokemon-yugioh-digimon-reviewed-overviews.csv,ds,ds-pokemon-mystery-dungeon-explorers-of-darkness,,currentOverview is stale; rerun with --force after re-reviewing this row,"Refresh currentOverview from live game data, re-read the reviewed copy beside the current record, then import with --force only after confirming the row is still accurate."
ds-pokemon-yugioh-digimon-reviewed-overviews.json,data/games/reviewed-overview-imports/ds-pokemon-yugioh-digimon-reviewed-overviews.csv,ds,ds-pokemon-mystery-dungeon-explorers-of-time,,currentOverview is stale; rerun with --force after re-reviewing this row,"Refresh currentOverview from live game data, re-read the reviewed copy beside the current record, then import with --force only after confirming the row is still accurate."
ds-pokemon-yugioh-digimon-reviewed-overviews.json,data/games/reviewed-overview-imports/ds-pokemon-yugioh-digimon-reviewed-overviews.csv,ds,ds-pokemon-trozei,,currentOverview is stale; rerun with --force after re-reviewing this row,"Refresh currentOverview from live game data, re-read the reviewed copy beside the current record, then import with --force only after confirming the row is still accurate."
ds-pokemon-yugioh-digimon-reviewed-overviews.json,data/games/reviewed-overview-imports/ds-pokemon-yugioh-digimon-reviewed-overviews.csv,ds,ds-digimon-world-dawn,,currentOverview is stale; rerun with --force after re-reviewing this row,"Refresh currentOverview from live game data, re-read the reviewed copy beside the current record, then import with --force only after confirming the row is still accurate."
ds-pokemon-yugioh-digimon-reviewed-overviews.json,data/games/reviewed-overview-imports/ds-pokemon-yugioh-digimon-reviewed-overviews.csv,ds,ds-digimon-world-dusk,,currentOverview is stale; rerun with --force after re-reviewing this row,"Refresh currentOverview from live game data, re-read the reviewed copy beside the current record, then import with --force only after confirming the row is still accurate."
ds-pokemon-yugioh-digimon-reviewed-overviews.json,data/games/reviewed-overview-imports/ds-pokemon-yugioh-digimon-reviewed-overviews.csv,ds,ds-dragon-quest-monsters-joker-2,,currentOverview is stale; rerun with --force after re-reviewing this row,"Refresh currentOverview from live game data, re-read the reviewed copy beside the current record, then import with --force only after confirming the row is still accurate."
ds-pokemon-yugioh-digimon-reviewed-overviews.json,data/games/reviewed-overview-imports/ds-pokemon-yugioh-digimon-reviewed-overviews.csv,ds,ds-dragon-ball-z-supersonic-warriors-2,,currentOverview is stale; rerun with --force after re-reviewing this row,"Refresh currentOverview from live game data, re-read the reviewed copy beside the current record, then import with --force only after confirming the row is still accurate."
ds-pokemon-yugioh-digimon-reviewed-overviews.json,data/games/reviewed-overview-imports/ds-pokemon-yugioh-digimon-reviewed-overviews.csv,ds,ds-yu-gi-oh-duel-monsters-world-championship-2007,,currentOverview is stale; rerun with --force after re-reviewing this row,"Refresh currentOverview from live game data, re-read the reviewed copy beside the current record, then import with --force only after confirming the row is still accurate."
ds-pokemon-yugioh-digimon-reviewed-overviews.json,data/games/reviewed-overview-imports/ds-pokemon-yugioh-digimon-reviewed-overviews.csv,ds,ds-nintendogs-chihuahua-and-friends,,currentOverview is stale; rerun with --force after re-reviewing this row,"Refresh currentOverview from live game data, re-read the reviewed copy beside the current record, then import with --force only after confirming the row is still accurate."
ds-priority-flaklypa-fortboyard-reviewed-overviews-2026-08-24.json,data/games/reviewed-overview-imports/ds-priority-flaklypa-fortboyard-reviewed-overviews-2026-08-24.csv,ds,ds-football-academy,,currentOverview is stale; rerun with --force after re-reviewing this row,"Refresh currentOverview from live game data, re-read the reviewed copy beside the current record, then import with --force only after confirming the row is still accurate."
ds-priority-gamewatch-gamics-reviewed-overviews-2026-08-24.json,data/games/reviewed-overview-imports/ds-priority-gamewatch-gamics-reviewed-overviews-2026-08-24.csv,ds,ds-game-hits,,currentOverview is stale; rerun with --force after re-reviewing this row,"Refresh currentOverview from live game data, re-read the reviewed copy beside the current record, then import with --force only after confirming the row is still accurate."
ds-priority-gamewatch-gamics-reviewed-overviews-2026-08-24.json,data/games/reviewed-overview-imports/ds-priority-gamewatch-gamics-reviewed-overviews-2026-08-24.csv,ds,ds-gamics-series-vol-1-yokoyama-mitsuteru-san-goku-shi-vol-2-ryofu-no-matsuro,,currentOverview is stale; rerun with --force after re-reviewing this row,"Refresh currentOverview from live game data, re-read the reviewed copy beside the current record, then import with --force only after confirming the row is still accurate."
ds-priority-heavy-heracles-reviewed-overviews-2026-08-25.json,data/games/reviewed-overview-imports/ds-priority-heavy-heracles-reviewed-overviews-2026-08-25.csv,ds,ds-heavy-armor-brigade,,currentOverview is stale; rerun with --force after re-reviewing this row,"Refresh currentOverview from live game data, re-read the reviewed copy beside the current record, then import with --force only after confirming the row is still accurate."
ds-priority-heavy-heracles-reviewed-overviews-2026-08-25.json,data/games/reviewed-overview-imports/ds-priority-heavy-heracles-reviewed-overviews-2026-08-25.csv,ds,ds-hell-s-kitchen,,currentOverview is stale; rerun with --force after re-reviewing this row,"Refresh currentOverview from live game data, re-read the reviewed copy beside the current record, then import with --force only after confirming the row is still accurate."
ds-priority-heavy-heracles-reviewed-overviews-2026-08-25.json,data/games/reviewed-overview-imports/ds-priority-heavy-heracles-reviewed-overviews-2026-08-25.csv,ds,ds-hello-baby,,currentOverview is stale; rerun with --force after re-reviewing this row,"Refresh currentOverview from live game data, re-read the reviewed copy beside the current record, then import with --force only after confirming the row is still accurate."
ds-priority-heavy-heracles-reviewed-overviews-2026-08-25.json,data/games/reviewed-overview-imports/ds-priority-heavy-heracles-reviewed-overviews-2026-08-25.csv,ds,ds-hello-kitty-no-gotouchi-collection-koi-no-dokidoki-trouble,,currentOverview is stale; rerun with --force after re-reviewing this row,"Refresh currentOverview from live game data, re-read the reviewed copy beside the current record, then import with --force only after confirming the row is still accurate."
ds-priority-heavy-heracles-reviewed-overviews-2026-08-25.json,data/games/reviewed-overview-imports/ds-priority-heavy-heracles-reviewed-overviews-2026-08-25.csv,ds,ds-hello-kitty-no-oshare-party-sanrio-character-zukan-ds,,currentOverview is stale; rerun with --force after re-reviewing this row,"Refresh currentOverview from live game data, re-read the reviewed copy beside the current record, then import with --force only after confirming the row is still accurate."
ds-priority-heavy-heracles-reviewed-overviews-2026-08-25.json,data/games/reviewed-overview-imports/ds-priority-heavy-heracles-reviewed-overviews-2026-08-25.csv,ds,ds-hello-kitty-no-panda-sport-stadium,,currentOverview is stale; rerun with --force after re-reviewing this row,"Refresh currentOverview from live game data, re-read the reviewed copy beside the current record, then import with --force only after confirming the row is still accurate."
ds-priority-heavy-heracles-reviewed-overviews-2026-08-25.json,data/games/reviewed-overview-imports/ds-priority-heavy-heracles-reviewed-overviews-2026-08-25.csv,ds,ds-hello-pocoyo,,currentOverview is stale; rerun with --force after re-reviewing this row,"Refresh currentOverview from live game data, re-read the reviewed copy beside the current record, then import with --force only after confirming the row is still accurate."
ds-priority-heavy-heracles-reviewed-overviews-2026-08-25.json,data/games/reviewed-overview-imports/ds-priority-heavy-heracles-reviewed-overviews-2026-08-25.csv,ds,ds-heracles-battle-with-the-gods,,currentOverview is stale; rerun with --force after re-reviewing this row,"Refresh currentOverview from live game data, re-read the reviewed copy beside the current record, then import with --force only after confirming the row is still accurate."
ds-priority-jeopardy-jewelmaster-reviewed-overviews-2026-08-25.json,data/games/reviewed-overview-imports/ds-priority-jeopardy-jewelmaster-reviewed-overviews-2026-08-25.csv,ds,ds-jeopardy,,currentOverview is stale; rerun with --force after re-reviewing this row,"Refresh currentOverview from live game data, re-read the reviewed copy beside the current record, then import with --force only after confirming the row is still accurate."
ds-priority-jeopardy-jewelmaster-reviewed-overviews-2026-08-25.json,data/games/reviewed-overview-imports/ds-priority-jeopardy-jewelmaster-reviewed-overviews-2026-08-25.csv,ds,ds-jewel-adventures,,currentOverview is stale; rerun with --force after re-reviewing this row,"Refresh currentOverview from live game data, re-read the reviewed copy beside the current record, then import with --force only after confirming the row is still accurate."
ds-priority-jeopardy-jewelmaster-reviewed-overviews-2026-08-25.json,data/games/reviewed-overview-imports/ds-priority-jeopardy-jewelmaster-reviewed-overviews-2026-08-25.csv,ds,ds-jewel-legends-tree-of-life,,currentOverview is stale; rerun with --force after re-reviewing this row,"Refresh currentOverview from live game data, re-read the reviewed copy beside the current record, then import with --force only after confirming the row is still accurate."
ds-priority-jeopardy-jewelmaster-reviewed-overviews-2026-08-25.json,data/games/reviewed-overview-imports/ds-priority-jeopardy-jewelmaster-reviewed-overviews-2026-08-25.csv,ds,ds-jewel-link-arctic-quest,,currentOverview is stale; rerun with --force after re-reviewing this row,"Refresh currentOverview from live game data, re-read the reviewed copy beside the current record, then import with --force only after confirming the row is still accurate."
ds-priority-jeopardy-jewelmaster-reviewed-overviews-2026-08-25.json,data/games/reviewed-overview-imports/ds-priority-jeopardy-jewelmaster-reviewed-overviews-2026-08-25.csv,ds,ds-jewel-link-legends-of-atlantis,,currentOverview is stale; rerun with --force after re-reviewing this row,"Refresh currentOverview from live game data, re-read the reviewed copy beside the current record, then import with --force only after confirming the row is still accurate."
ds-priority-jeopardy-jewelmaster-reviewed-overviews-2026-08-25.json,data/games/reviewed-overview-imports/ds-priority-jeopardy-jewelmaster-reviewed-overviews-2026-08-25.csv,ds,ds-jewel-link-safari-quest,,currentOverview is stale; rerun with --force after re-reviewing this row,"Refresh currentOverview from live game data, re-read the reviewed copy beside the current record, then import with --force only after confirming the row is still accurate."
ds-priority-jeopardy-jewelmaster-reviewed-overviews-2026-08-25.json,data/games/reviewed-overview-imports/ds-priority-jeopardy-jewelmaster-reviewed-overviews-2026-08-25.csv,ds,ds-jewel-master-cradle-of-athena,,currentOverview is stale; rerun with --force after re-reviewing this row,"Refresh currentOverview from live game data, re-read the reviewed copy beside the current record, then import with --force only after confirming the row is still accurate."
ds-priority-jeopardy-jewelmaster-reviewed-overviews-2026-08-25.json,data/games/reviewed-overview-imports/ds-priority-jeopardy-jewelmaster-reviewed-overviews-2026-08-25.csv,ds,ds-jewel-master-cradle-of-egypt-2,,currentOverview is stale; rerun with --force after re-reviewing this row,"Refresh currentOverview from live game data, re-read the reviewed copy beside the current record, then import with --force only after confirming the row is still accurate."
ds-priority-jeopardy-jewelmaster-reviewed-overviews-2026-08-25.json,data/games/reviewed-overview-imports/ds-priority-jeopardy-jewelmaster-reviewed-overviews-2026-08-25.csv,ds,ds-jewel-master-cradle-of-persia,,currentOverview is stale; rerun with --force after re-reviewing this row,"Refresh currentOverview from live game data, re-read the reviewed copy beside the current record, then import with --force only after confirming the row is still accurate."
ds-priority-jewelmatch-jeweltime-reviewed-overviews-2026-08-25.json,data/games/reviewed-overview-imports/ds-priority-jewelmatch-jeweltime-reviewed-overviews-2026-08-25.csv,ds,ds-jewel-match,,currentOverview is stale; rerun with --force after re-reviewing this row,"Refresh currentOverview from live game data, re-read the reviewed copy beside the current record, then import with --force only after confirming the row is still accurate."
ds-priority-jewelmatch-jeweltime-reviewed-overviews-2026-08-25.json,data/games/reviewed-overview-imports/ds-priority-jewelmatch-jeweltime-reviewed-overviews-2026-08-25.csv,ds,ds-jewel-match-3,,currentOverview is stale; rerun with --force after re-reviewing this row,"Refresh currentOverview from live game data, re-read the reviewed copy beside the current record, then import with --force only after confirming the row is still accurate."
ds-priority-jewelmatch-jeweltime-reviewed-overviews-2026-08-25.json,data/games/reviewed-overview-imports/ds-priority-jewelmatch-jeweltime-reviewed-overviews-2026-08-25.csv,ds,ds-jewel-pet-kawaii-mahou-no-fantasy,,currentOverview is stale; rerun with --force after re-reviewing this row,"Refresh currentOverview from live game data, re-read the reviewed copy beside the current record, then import with --force only after confirming the row is still accurate."
ds-priority-jewelmatch-jeweltime-reviewed-overviews-2026-08-25.json,data/games/reviewed-overview-imports/ds-priority-jewelmatch-jeweltime-reviewed-overviews-2026-08-25.csv,ds,ds-jewel-pet-mahou-no-oheyya-de-issho-ni-asobou,,currentOverview is stale; rerun with --force after re-reviewing this row,"Refresh currentOverview from live game data, re-read the reviewed copy beside the current record, then import with --force only after confirming the row is still accurate."
ds-priority-jewelmatch-jeweltime-reviewed-overviews-2026-08-25.json,data/games/reviewed-overview-imports/ds-priority-jewelmatch-jeweltime-reviewed-overviews-2026-08-25.csv,ds,ds-jewel-quest-iv-heritage,,currentOverview is stale; rerun with --force after re-reviewing this row,"Refresh currentOverview from live game data, re-read the reviewed copy beside the current record, then import with --force only after confirming the row is still accurate."
ds-priority-jewelmatch-jeweltime-reviewed-overviews-2026-08-25.json,data/games/reviewed-overview-imports/ds-priority-jewelmatch-jeweltime-reviewed-overviews-2026-08-25.csv,ds,ds-jewel-quest-mysteries-2-trail-of-the-midnight-heart,,currentOverview is stale; rerun with --force after re-reviewing this row,"Refresh currentOverview from live game data, re-read the reviewed copy beside the current record, then import with --force only after confirming the row is still accurate."
ds-priority-jewelmatch-jeweltime-reviewed-overviews-2026-08-25.json,data/games/reviewed-overview-imports/ds-priority-jewelmatch-jeweltime-reviewed-overviews-2026-08-25.csv,ds,ds-jewel-quest-mysteries-3-the-seventh-gate,,currentOverview is stale; rerun with --force after re-reviewing this row,"Refresh currentOverview from live game data, re-read the reviewed copy beside the current record, then import with --force only after confirming the row is still accurate."
ds-priority-jewelmatch-jeweltime-reviewed-overviews-2026-08-25.json,data/games/reviewed-overview-imports/ds-priority-jewelmatch-jeweltime-reviewed-overviews-2026-08-25.csv,ds,ds-jewel-quest-solitaire,,currentOverview is stale; rerun with --force after re-reviewing this row,"Refresh currentOverview from live game data, re-read the reviewed copy beside the current record, then import with --force only after confirming the row is still accurate."
ds-priority-jewelmatch-jeweltime-reviewed-overviews-2026-08-25.json,data/games/reviewed-overview-imports/ds-priority-jewelmatch-jeweltime-reviewed-overviews-2026-08-25.csv,ds,ds-jewel-quest-v-the-sleepless-star,,currentOverview is stale; rerun with --force after re-reviewing this row,"Refresh currentOverview from live game data, re-read the reviewed copy beside the current record, then import with --force only after confirming the row is still accurate."
ds-priority-jewelmatch-jeweltime-reviewed-overviews-2026-08-25.json,data/games/reviewed-overview-imports/ds-priority-jewelmatch-jeweltime-reviewed-overviews-2026-08-25.csv,ds,ds-jewel-quest-expeditions,,currentOverview is stale; rerun with --force after re-reviewing this row,"Refresh currentOverview from live game data, re-read the reviewed copy beside the current record, then import with --force only after confirming the row is still accurate."
ds-priority-jewelmatch-jeweltime-reviewed-overviews-2026-08-25.json,data/games/reviewed-overview-imports/ds-priority-jewelmatch-jeweltime-reviewed-overviews-2026-08-25.csv,ds,ds-jewel-quest-solitaire-trio,,currentOverview is stale; rerun with --force after re-reviewing this row,"Refresh currentOverview from live game data, re-read the reviewed copy beside the current record, then import with --force only after confirming the row is still accurate."
ds-priority-jewelmatch-jeweltime-reviewed-overviews-2026-08-25.json,data/games/reviewed-overview-imports/ds-priority-jewelmatch-jeweltime-reviewed-overviews-2026-08-25.csv,ds,ds-jewel-time-deluxe,,currentOverview is stale; rerun with --force after re-reviewing this row,"Refresh currentOverview from live game data, re-read the reviewed copy beside the current record, then import with --force only after confirming the row is still accurate."
ds-priority-jewels-pachislot-reviewed-overviews-2026-08-25.json,data/games/reviewed-overview-imports/ds-priority-jewels-pachislot-reviewed-overviews-2026-08-25.csv,ds,ds-jewels-of-the-ages,,currentOverview is stale; rerun with --force after re-reviewing this row,"Refresh currentOverview from live game data, re-read the reviewed copy beside the current record, then import with --force only after confirming the row is still accurate."
ds-priority-jewels-pachislot-reviewed-overviews-2026-08-25.json,data/games/reviewed-overview-imports/ds-priority-jewels-pachislot-reviewed-overviews-2026-08-25.csv,ds,ds-jewels-of-the-tropical-lost-island,,currentOverview is stale; rerun with --force after re-reviewing this row,"Refresh currentOverview from live game data, re-read the reviewed copy beside the current record, then import with --force only after confirming the row is still accurate."
ds-priority-jewels-pachislot-reviewed-overviews-2026-08-25.json,data/games/reviewed-overview-imports/ds-priority-jewels-pachislot-reviewed-overviews-2026-08-25.csv,ds,ds-jig-a-pix-love-is,,currentOverview is stale; rerun with --force after re-reviewing this row,"Refresh currentOverview from live game data, re-read the reviewed copy beside the current record, then import with --force only after confirming the row is still accurate."
ds-priority-jewels-pachislot-reviewed-overviews-2026-08-25.json,data/games/reviewed-overview-imports/ds-priority-jewels-pachislot-reviewed-overviews-2026-08-25.csv,ds,ds-jig-a-pix-wild-world,,currentOverview is stale; rerun with --force after re-reviewing this row,"Refresh currentOverview from live game data, re-read the reviewed copy beside the current record, then import with --force only after confirming the row is still accurate."
ds-priority-jewels-pachislot-reviewed-overviews-2026-08-25.json,data/games/reviewed-overview-imports/ds-priority-jewels-pachislot-reviewed-overviews-2026-08-25.csv,ds,ds-jig-a-pix-wonderful-world,,currentOverview is stale; rerun with --force after re-reviewing this row,"Refresh currentOverview from live game data, re-read the reviewed copy beside the current record, then import with --force only after confirming the row is still accurate."
ds-priority-jewels-pachislot-reviewed-overviews-2026-08-25.json,data/games/reviewed-overview-imports/ds-priority-jewels-pachislot-reviewed-overviews-2026-08-25.csv,ds,ds-jigsaw-world-daigekitou-jig-battle-heroes,,currentOverview is stale; rerun with --force after re-reviewing this row,"Refresh currentOverview from live game data, re-read the reviewed copy beside the current record, then import with --force only after confirming the row is still accurate."
ds-priority-jewels-pachislot-reviewed-overviews-2026-08-25.json,data/games/reviewed-overview-imports/ds-priority-jewels-pachislot-reviewed-overviews-2026-08-25.csv,ds,ds-jinsei-game,,currentOverview is stale; rerun with --force after re-reviewing this row,"Refresh currentOverview from live game data, re-read the reviewed copy beside the current record, then import with --force only after confirming the row is still accurate."
ds-priority-jewels-pachislot-reviewed-overviews-2026-08-25.json,data/games/reviewed-overview-imports/ds-priority-jewels-pachislot-reviewed-overviews-2026-08-25.csv,ds,ds-jinsei-game-ds,,currentOverview is stale; rerun with --force after re-reviewing this row,"Refresh currentOverview from live game data, re-read the reviewed copy beside the current record, then import with --force only after confirming the row is still accurate."
ds-priority-jewels-pachislot-reviewed-overviews-2026-08-25.json,data/games/reviewed-overview-imports/ds-priority-jewels-pachislot-reviewed-overviews-2026-08-25.csv,ds,ds-jinsei-game-q-ds-heisei-no-dekigoto,,currentOverview is stale; rerun with --force after re-reviewing this row,"Refresh currentOverview from live game data, re-read the reviewed copy beside the current record, then import with --force only after confirming the row is still accurate."
ds-priority-jewels-pachislot-reviewed-overviews-2026-08-25.json,data/games/reviewed-overview-imports/ds-priority-jewels-pachislot-reviewed-overviews-2026-08-25.csv,ds,ds-jinsei-game-q-ds-shouwa-no-dekigoto,,currentOverview is stale; rerun with --force after re-reviewing this row,"Refresh currentOverview from live game data, re-read the reviewed copy beside the current record, then import with --force only after confirming the row is still accurate."
ds-priority-jewels-pachislot-reviewed-overviews-2026-08-25.json,data/games/reviewed-overview-imports/ds-priority-jewels-pachislot-reviewed-overviews-2026-08-25.csv,ds,ds-jissen-pachi-slot-hisshoho-ds-hokuto-no-ken,,currentOverview is stale; rerun with --force after re-reviewing this row,"Refresh currentOverview from live game data, re-read the reviewed copy beside the current record, then import with --force only after confirming the row is still accurate."
ds-priority-jewels-pachislot-reviewed-overviews-2026-08-25.json,data/games/reviewed-overview-imports/ds-priority-jewels-pachislot-reviewed-overviews-2026-08-25.csv,ds,ds-jissen-pachi-slot-hisshouhou-ds-aladdin-ii-evolution,,currentOverview is stale; rerun with --force after re-reviewing this row,"Refresh currentOverview from live game data, re-read the reviewed copy beside the current record, then import with --force only after confirming the row is still accurate."
ds-priority-jewels-pachislot-reviewed-overviews-2026-08-25.json,data/games/reviewed-overview-imports/ds-priority-jewels-pachislot-reviewed-overviews-2026-08-25.csv,ds,ds-jissen-pachi-slot-hisshouhou-ds-pachi-slot-hokuto-no-ken-se,,currentOverview is stale; rerun with --force after re-reviewing this row,"Refresh currentOverview from live game data, re-read the reviewed copy beside the current record, then import with --force only after confirming the row is still accurate."
ds-priority-joan-junior-reviewed-overviews-2026-08-25.json,data/games/reviewed-overview-imports/ds-priority-joan-junior-reviewed-overviews-2026-08-25.csv,ds,ds-joan-jade-and-the-gates-of-xibalba,,currentOverview is stale; rerun with --force after re-reviewing this row,"Refresh currentOverview from live game data, re-read the reviewed copy beside the current record, then import with --force only after confirming the row is still accurate."
ds-priority-joan-junior-reviewed-overviews-2026-08-25.json,data/games/reviewed-overview-imports/ds-priority-joan-junior-reviewed-overviews-2026-08-25.csv,ds,ds-john-deere-harvest-in-the-heartland,,currentOverview is stale; rerun with --force after re-reviewing this row,"Refresh currentOverview from live game data, re-read the reviewed copy beside the current record, then import with --force only after confirming the row is still accurate."
ds-priority-joan-junior-reviewed-overviews-2026-08-25.json,data/games/reviewed-overview-imports/ds-priority-joan-junior-reviewed-overviews-2026-08-25.csv,ds,ds-johnny-bravo-in-the-hukka-mega-mighty-ultra-extreme-date-o-rama,,currentOverview is stale; rerun with --force after re-reviewing this row,"Refresh currentOverview from live game data, re-read the reviewed copy beside the current record, then import with --force only after confirming the row is still accurate."
ds-priority-joan-junior-reviewed-overviews-2026-08-25.json,data/games/reviewed-overview-imports/ds-priority-joan-junior-reviewed-overviews-2026-08-25.csv,ds,ds-johnny-no-dasshutsu-daisakusen,,currentOverview is stale; rerun with --force after re-reviewing this row,"Refresh currentOverview from live game data, re-read the reviewed copy beside the current record, then import with --force only after confirming the row is still accurate."
ds-priority-joan-junior-reviewed-overviews-2026-08-25.json,data/games/reviewed-overview-imports/ds-priority-joan-junior-reviewed-overviews-2026-08-25.csv,ds,ds-jojo-s-fashion-show,,currentOverview is stale; rerun with --force after re-reviewing this row,"Refresh currentOverview from live game data, re-read the reviewed copy beside the current record, then import with --force only after confirming the row is still accurate."
ds-priority-joan-junior-reviewed-overviews-2026-08-25.json,data/games/reviewed-overview-imports/ds-priority-joan-junior-reviewed-overviews-2026-08-25.csv,ds,ds-jonas,,currentOverview is stale; rerun with --force after re-reviewing this row,"Refresh currentOverview from live game data, re-read the reviewed copy beside the current record, then import with --force only after confirming the row is still accurate."
ds-priority-joan-junior-reviewed-overviews-2026-08-25.json,data/games/reviewed-overview-imports/ds-priority-joan-junior-reviewed-overviews-2026-08-25.csv,ds,ds-joshikousei-nigeru-shinrei-puzzle-gakuen,,currentOverview is stale; rerun with --force after re-reviewing this row,"Refresh currentOverview from live game data, re-read the reviewed copy beside the current record, then import with --force only after confirming the row is still accurate."
ds-priority-joan-junior-reviewed-overviews-2026-08-25.json,data/games/reviewed-overview-imports/ds-priority-joan-junior-reviewed-overviews-2026-08-25.csv,ds,ds-journey-to-the-center-of-the-earth,,currentOverview is stale; rerun with --force after re-reviewing this row,"Refresh currentOverview from live game data, re-read the reviewed copy beside the current record, then import with --force only after confirming the row is still accurate."
ds-priority-joan-junior-reviewed-overviews-2026-08-25.json,data/games/reviewed-overview-imports/ds-priority-joan-junior-reviewed-overviews-2026-08-25.csv,ds,ds-juggler-ds,,currentOverview is stale; rerun with --force after re-reviewing this row,"Refresh currentOverview from live game data, re-read the reviewed copy beside the current record, then import with --force only after confirming the row is still accurate."
ds-priority-joan-junior-reviewed-overviews-2026-08-25.json,data/games/reviewed-overview-imports/ds-priority-joan-junior-reviewed-overviews-2026-08-25.csv,ds,ds-jumble-madness,,currentOverview is stale; rerun with --force after re-reviewing this row,"Refresh currentOverview from live game data, re-read the reviewed copy beside the current record, then import with --force only after confirming the row is still accurate."
ds-priority-joan-junior-reviewed-overviews-2026-08-25.json,data/games/reviewed-overview-imports/ds-priority-joan-junior-reviewed-overviews-2026-08-25.csv,ds,ds-jumpstart-legend-of-lost-island,,currentOverview is stale; rerun with --force after re-reviewing this row,"Refresh currentOverview from live game data, re-read the reviewed copy beside the current record, then import with --force only after confirming the row is still accurate."
ds-priority-joan-junior-reviewed-overviews-2026-08-25.json,data/games/reviewed-overview-imports/ds-priority-joan-junior-reviewed-overviews-2026-08-25.csv,ds,ds-jungle-school,,currentOverview is stale; rerun with --force after re-reviewing this row,"Refresh currentOverview from live game data, re-read the reviewed copy beside the current record, then import with --force only after confirming the row is still accurate."
ds-priority-joan-junior-reviewed-overviews-2026-08-25.json,data/games/reviewed-overview-imports/ds-priority-joan-junior-reviewed-overviews-2026-08-25.csv,ds,ds-junior-brain-trainer,,currentOverview is stale; rerun with --force after re-reviewing this row,"Refresh currentOverview from live game data, re-read the reviewed copy beside the current record, then import with --force only after confirming the row is still accurate."
ds-priority-joan-junior-reviewed-overviews-2026-08-25.json,data/games/reviewed-overview-imports/ds-priority-joan-junior-reviewed-overviews-2026-08-25.csv,ds,ds-junior-brain-trainer-2,,currentOverview is stale; rerun with --force after re-reviewing this row,"Refresh currentOverview from live game data, re-read the reviewed copy beside the current record, then import with --force only after confirming the row is still accurate."
ds-priority-junior-kabutore-reviewed-overviews-2026-08-25.json,data/games/reviewed-overview-imports/ds-priority-junior-kabutore-reviewed-overviews-2026-08-25.csv,ds,ds-junior-brain-trainer-math-edition,,currentOverview is stale; rerun with --force after re-reviewing this row,"Refresh currentOverview from live game data, re-read the reviewed copy beside the current record, then import with --force only after confirming the row is still accurate."
ds-priority-junior-kabutore-reviewed-overviews-2026-08-25.json,data/games/reviewed-overview-imports/ds-priority-junior-kabutore-reviewed-overviews-2026-08-25.csv,ds,ds-junior-classic-games,,currentOverview is stale; rerun with --force after re-reviewing this row,"Refresh currentOverview from live game data, re-read the reviewed copy beside the current record, then import with --force only after confirming the row is still accurate."
ds-priority-junior-kabutore-reviewed-overviews-2026-08-25.json,data/games/reviewed-overview-imports/ds-priority-junior-kabutore-reviewed-overviews-2026-08-25.csv,ds,ds-junior-island-adventure,,currentOverview is stale; rerun with --force after re-reviewing this row,"Refresh currentOverview from live game data, re-read the reviewed copy beside the current record, then import with --force only after confirming the row is still accurate."
ds-priority-junior-kabutore-reviewed-overviews-2026-08-25.json,data/games/reviewed-overview-imports/ds-priority-junior-kabutore-reviewed-overviews-2026-08-25.csv,ds,ds-junior-mystery-quest,,currentOverview is stale; rerun with --force after re-reviewing this row,"Refresh currentOverview from live game data, re-read the reviewed copy beside the current record, then import with --force only after confirming the row is still accurate."
ds-priority-junior-kabutore-reviewed-overviews-2026-08-25.json,data/games/reviewed-overview-imports/ds-priority-junior-kabutore-reviewed-overviews-2026-08-25.csv,ds,ds-just-sing,,currentOverview is stale; rerun with --force after re-reviewing this row,"Refresh currentOverview from live game data, re-read the reviewed copy beside the current record, then import with --force only after confirming the row is still accurate."
ds-priority-junior-kabutore-reviewed-overviews-2026-08-25.json,data/games/reviewed-overview-imports/ds-priority-junior-kabutore-reviewed-overviews-2026-08-25.csv,ds,ds-just-sing-2,,currentOverview is stale; rerun with --force after re-reviewing this row,"Refresh currentOverview from live game data, re-read the reviewed copy beside the current record, then import with --force only after confirming the row is still accurate."
ds-priority-junior-kabutore-reviewed-overviews-2026-08-25.json,data/games/reviewed-overview-imports/ds-priority-junior-kabutore-reviewed-overviews-2026-08-25.csv,ds,ds-just-sing-3,,currentOverview is stale; rerun with --force after re-reviewing this row,"Refresh currentOverview from live game data, re-read the reviewed copy beside the current record, then import with --force only after confirming the row is still accurate."
ds-priority-junior-kabutore-reviewed-overviews-2026-08-25.json,data/games/reviewed-overview-imports/ds-priority-junior-kabutore-reviewed-overviews-2026-08-25.csv,ds,ds-juushin-embu-ds,,currentOverview is stale; rerun with --force after re-reviewing this row,"Refresh currentOverview from live game data, re-read the reviewed copy beside the current record, then import with --force only after confirming the row is still accurate."
ds-priority-junior-kabutore-reviewed-overviews-2026-08-25.json,data/games/reviewed-overview-imports/ds-priority-junior-kabutore-reviewed-overviews-2026-08-25.csv,ds,ds-juushinden-ultimate-beast-battlers,,currentOverview is stale; rerun with --force after re-reviewing this row,"Refresh currentOverview from live game data, re-read the reviewed copy beside the current record, then import with --force only after confirming the row is still accurate."
ds-priority-junior-kabutore-reviewed-overviews-2026-08-25.json,data/games/reviewed-overview-imports/ds-priority-junior-kabutore-reviewed-overviews-2026-08-25.csv,ds,ds-k3-en-de-vrolijke-noten,,currentOverview is stale; rerun with --force after re-reviewing this row,"Refresh currentOverview from live game data, re-read the reviewed copy beside the current record, then import with --force only after confirming the row is still accurate."
ds-priority-junior-kabutore-reviewed-overviews-2026-08-25.json,data/games/reviewed-overview-imports/ds-priority-junior-kabutore-reviewed-overviews-2026-08-25.csv,ds,ds-k3-en-het-ijsprinsesje,,currentOverview is stale; rerun with --force after re-reviewing this row,"Refresh currentOverview from live game data, re-read the reviewed copy beside the current record, then import with --force only after confirming the row is still accurate."
ds-priority-junior-kabutore-reviewed-overviews-2026-08-25.json,data/games/reviewed-overview-imports/ds-priority-junior-kabutore-reviewed-overviews-2026-08-25.csv,ds,ds-k3-fashion-party,,currentOverview is stale; rerun with --force after re-reviewing this row,"Refresh currentOverview from live game data, re-read the reviewed copy beside the current record, then import with --force only after confirming the row is still accurate."
ds-priority-junior-kabutore-reviewed-overviews-2026-08-25.json,data/games/reviewed-overview-imports/ds-priority-junior-kabutore-reviewed-overviews-2026-08-25.csv,ds,ds-k3-karaoke,,currentOverview is stale; rerun with --force after re-reviewing this row,"Refresh currentOverview from live game data, re-read the reviewed copy beside the current record, then import with --force only after confirming the row is still accurate."
ds-priority-junior-kabutore-reviewed-overviews-2026-08-25.json,data/games/reviewed-overview-imports/ds-priority-junior-kabutore-reviewed-overviews-2026-08-25.csv,ds,ds-k11-kommissare-im-einsatz,,currentOverview is stale; rerun with --force after re-reviewing this row,"Refresh currentOverview from live game data, re-read the reviewed copy beside the current record, then import with --force only after confirming the row is still accurate."
ds-priority-kabutore-kangaeru-reviewed-overviews-2026-08-25.json,data/games/reviewed-overview-imports/ds-priority-kabutore-kangaeru-reviewed-overviews-2026-08-25.csv,ds,ds-kabushiki-baibai-trainer-kabutore,,currentOverview is stale; rerun with --force after re-reviewing this row,"Refresh currentOverview from live game data, re-read the reviewed copy beside the current record, then import with --force only after confirming the row is still accurate."
ds-priority-kabutore-kangaeru-reviewed-overviews-2026-08-25.json,data/games/reviewed-overview-imports/ds-priority-kabutore-kangaeru-reviewed-overviews-2026-08-25.csv,ds,ds-kabushiki-baibai-trainer-kabutore-next,,currentOverview is stale; rerun with --force after re-reviewing this row,"Refresh currentOverview from live game data, re-read the reviewed copy beside the current record, then import with --force only after confirming the row is still accurate."
ds-priority-kabutore-kangaeru-reviewed-overviews-2026-08-25.json,data/games/reviewed-overview-imports/ds-priority-kabutore-kangaeru-reviewed-overviews-2026-08-25.csv,ds,ds-kacho-shima-kosaku-ds-dekiru-otoko-no-love-and-success,,currentOverview is stale; rerun with --force after re-reviewing this row,"Refresh currentOverview from live game data, re-read the reviewed copy beside the current record, then import with --force only after confirming the row is still accurate."
ds-priority-kabutore-kangaeru-reviewed-overviews-2026-08-25.json,data/games/reviewed-overview-imports/ds-priority-kabutore-kangaeru-reviewed-overviews-2026-08-25.csv,ds,ds-kageyama-hideo-no-iq-teacher-ds,,currentOverview is stale; rerun with --force after re-reviewing this row,"Refresh currentOverview from live game data, re-read the reviewed copy beside the current record, then import with --force only after confirming the row is still accurate."
ds-priority-kabutore-kangaeru-reviewed-overviews-2026-08-25.json,data/games/reviewed-overview-imports/ds-priority-kabutore-kangaeru-reviewed-overviews-2026-08-25.csv,ds,ds-kaiichi-otto-sensei-tokyo-daigaku-kanshuu-sukusuku-kosodate-ds-akachan-to-asobou,,currentOverview is stale; rerun with --force after re-reviewing this row,"Refresh currentOverview from live game data, re-read the reviewed copy beside the current record, then import with --force only after confirming the row is still accurate."
ds-priority-kabutore-kangaeru-reviewed-overviews-2026-08-25.json,data/games/reviewed-overview-imports/ds-priority-kabutore-kangaeru-reviewed-overviews-2026-08-25.csv,ds,ds-kaijuu-busters,,currentOverview is stale; rerun with --force after re-reviewing this row,"Refresh currentOverview from live game data, re-read the reviewed copy beside the current record, then import with --force only after confirming the row is still accurate."
ds-priority-kabutore-kangaeru-reviewed-overviews-2026-08-25.json,data/games/reviewed-overview-imports/ds-priority-kabutore-kangaeru-reviewed-overviews-2026-08-25.csv,ds,ds-kaijuu-busters-powered,,currentOverview is stale; rerun with --force after re-reviewing this row,"Refresh currentOverview from live game data, re-read the reviewed copy beside the current record, then import with --force only after confirming the row is still accurate."
ds-priority-kabutore-kangaeru-reviewed-overviews-2026-08-25.json,data/games/reviewed-overview-imports/ds-priority-kabutore-kangaeru-reviewed-overviews-2026-08-25.csv,ds,ds-kaite-oboeru-dora-gana,,currentOverview is stale; rerun with --force after re-reviewing this row,"Refresh currentOverview from live game data, re-read the reviewed copy beside the current record, then import with --force only after confirming the row is still accurate."
ds-priority-kabutore-kangaeru-reviewed-overviews-2026-08-25.json,data/games/reviewed-overview-imports/ds-priority-kabutore-kangaeru-reviewed-overviews-2026-08-25.csv,ds,ds-kaite-shabette-hajimeyou-monster-farm-ds,,currentOverview is stale; rerun with --force after re-reviewing this row,"Refresh currentOverview from live game data, re-read the reviewed copy beside the current record, then import with --force only after confirming the row is still accurate."
ds-priority-kabutore-kangaeru-reviewed-overviews-2026-08-25.json,data/games/reviewed-overview-imports/ds-priority-kabutore-kangaeru-reviewed-overviews-2026-08-25.csv,ds,ds-kaitou-rousseau,,currentOverview is stale; rerun with --force after re-reviewing this row,"Refresh currentOverview from live game data, re-read the reviewed copy beside the current record, then import with --force only after confirming the row is still accurate."
ds-priority-kabutore-kangaeru-reviewed-overviews-2026-08-25.json,data/games/reviewed-overview-imports/ds-priority-kabutore-kangaeru-reviewed-overviews-2026-08-25.csv,ds,ds-kaizoku-sentai-gokaiger-atsumete-henshin-35-sentai,,currentOverview is stale; rerun with --force after re-reviewing this row,"Refresh currentOverview from live game data, re-read the reviewed copy beside the current record, then import with --force only after confirming the row is still accurate."
ds-priority-kabutore-kangaeru-reviewed-overviews-2026-08-25.json,data/games/reviewed-overview-imports/ds-priority-kabutore-kangaeru-reviewed-overviews-2026-08-25.csv,ds,ds-kakuromaniacs,,currentOverview is stale; rerun with --force after re-reviewing this row,"Refresh currentOverview from live game data, re-read the reviewed copy beside the current record, then import with --force only after confirming the row is still accurate."
ds-priority-kabutore-kangaeru-reviewed-overviews-2026-08-25.json,data/games/reviewed-overview-imports/ds-priority-kabutore-kangaeru-reviewed-overviews-2026-08-25.csv,ds,ds-kamo-no-hashikamo-aimai-seikatsu-no-susume,,currentOverview is stale; rerun with --force after re-reviewing this row,"Refresh currentOverview from live game data, re-read the reviewed copy beside the current record, then import with --force only after confirming the row is still accurate."
ds-priority-kabutore-kangaeru-reviewed-overviews-2026-08-25.json,data/games/reviewed-overview-imports/ds-priority-kabutore-kangaeru-reviewed-overviews-2026-08-25.csv,ds,ds-kangaeru-chikara-o-gungun-nobasu-ds-youji-no-nou-tore,,currentOverview is stale; rerun with --force after re-reviewing this row,"Refresh currentOverview from live game data, re-read the reviewed copy beside the current record, then import with --force only after confirming the row is still accurate."
ds-priority-kanji-kawaii-reviewed-overviews-2026-08-25.json,data/games/reviewed-overview-imports/ds-priority-kanji-kawaii-reviewed-overviews-2026-08-25.csv,ds,ds-kanji-no-wataridori,,currentOverview is stale; rerun with --force after re-reviewing this row,"Refresh currentOverview from live game data, re-read the reviewed copy beside the current record, then import with --force only after confirming the row is still accurate."
ds-priority-kanji-kawaii-reviewed-overviews-2026-08-25.json,data/games/reviewed-overview-imports/ds-priority-kanji-kawaii-reviewed-overviews-2026-08-25.csv,ds,ds-kanshu-nippon-joshikiryoku-kentei-kyokai-imasara-hito-ni-wa-kikenai-otona-no-joshikiryoku-training-ds,,currentOverview is stale; rerun with --force after re-reviewing this row,"Refresh currentOverview from live game data, re-read the reviewed copy beside the current record, then import with --force only after confirming the row is still accurate."
ds-priority-kanji-kawaii-reviewed-overviews-2026-08-25.json,data/games/reviewed-overview-imports/ds-priority-kanji-kawaii-reviewed-overviews-2026-08-25.csv,ds,ds-katekyo-hitman-reborn-ds-fate-of-heat,,currentOverview is stale; rerun with --force after re-reviewing this row,"Refresh currentOverview from live game data, re-read the reviewed copy beside the current record, then import with --force only after confirming the row is still accurate."
ds-priority-kanji-kawaii-reviewed-overviews-2026-08-25.json,data/games/reviewed-overview-imports/ds-priority-kanji-kawaii-reviewed-overviews-2026-08-25.csv,ds,ds-katekyo-hitman-reborn-bongole-shiki-taisen-battle-sugoroku,,currentOverview is stale; rerun with --force after re-reviewing this row,"Refresh currentOverview from live game data, re-read the reviewed copy beside the current record, then import with --force only after confirming the row is still accurate."
ds-priority-kanji-kawaii-reviewed-overviews-2026-08-25.json,data/games/reviewed-overview-imports/ds-priority-kanji-kawaii-reviewed-overviews-2026-08-25.csv,ds,ds-katekyo-hitman-reborn-ds-fate-of-heat-ii-unmei-no-futari,,currentOverview is stale; rerun with --force after re-reviewing this row,"Refresh currentOverview from live game data, re-read the reviewed copy beside the current record, then import with --force only after confirming the row is still accurate."
ds-priority-kanji-kawaii-reviewed-overviews-2026-08-25.json,data/games/reviewed-overview-imports/ds-priority-kanji-kawaii-reviewed-overviews-2026-08-25.csv,ds,ds-katekyo-hitman-reborn-ds-flame-rumble-hyper-moeyo-mirai,,currentOverview is stale; rerun with --force after re-reviewing this row,"Refresh currentOverview from live game data, re-read the reviewed copy beside the current record, then import with --force only after confirming the row is still accurate."
ds-priority-kanji-kawaii-reviewed-overviews-2026-08-25.json,data/games/reviewed-overview-imports/ds-priority-kanji-kawaii-reviewed-overviews-2026-08-25.csv,ds,ds-katekyo-hitman-reborn-ds-flame-rumble-kaien-ring-soudatsuen,,currentOverview is stale; rerun with --force after re-reviewing this row,"Refresh currentOverview from live game data, re-read the reviewed copy beside the current record, then import with --force only after confirming the row is still accurate."
ds-priority-kanji-kawaii-reviewed-overviews-2026-08-25.json,data/games/reviewed-overview-imports/ds-priority-kanji-kawaii-reviewed-overviews-2026-08-25.csv,ds,ds-katekyo-hitman-reborn-ds-flame-rumble-x,,currentOverview is stale; rerun with --force after re-reviewing this row,"Refresh currentOverview from live game data, re-read the reviewed copy beside the current record, then import with --force only after confirming the row is still accurate."
ds-priority-kanji-kawaii-reviewed-overviews-2026-08-25.json,data/games/reviewed-overview-imports/ds-priority-kanji-kawaii-reviewed-overviews-2026-08-25.csv,ds,ds-katekyo-hitman-reborn-ds-flame-rumble-xx-kessen-real-6-chouka,,currentOverview is stale; rerun with --force after re-reviewing this row,"Refresh currentOverview from live game data, re-read the reviewed copy beside the current record, then import with --force only after confirming the row is still accurate."
ds-priority-kanji-kawaii-reviewed-overviews-2026-08-25.json,data/games/reviewed-overview-imports/ds-priority-kanji-kawaii-reviewed-overviews-2026-08-25.csv,ds,ds-katekyo-hitman-reborn-ds-mafia-daishuugou-bongole-festival,,currentOverview is stale; rerun with --force after re-reviewing this row,"Refresh currentOverview from live game data, re-read the reviewed copy beside the current record, then import with --force only after confirming the row is still accurate."
ds-priority-kanji-kawaii-reviewed-overviews-2026-08-25.json,data/games/reviewed-overview-imports/ds-priority-kanji-kawaii-reviewed-overviews-2026-08-25.csv,ds,ds-katekyo-hitman-reborn-ore-ga-boss-saikyou-family-taisen,,currentOverview is stale; rerun with --force after re-reviewing this row,"Refresh currentOverview from live game data, re-read the reviewed copy beside the current record, then import with --force only after confirming the row is still accurate."
ds-priority-kanji-kawaii-reviewed-overviews-2026-08-25.json,data/games/reviewed-overview-imports/ds-priority-kanji-kawaii-reviewed-overviews-2026-08-25.csv,ds,ds-kawaii-koinu-ds-2,,currentOverview is stale; rerun with --force after re-reviewing this row,"Refresh currentOverview from live game data, re-read the reviewed copy beside the current record, then import with --force only after confirming the row is still accurate."
ds-priority-kiku-kirikou-reviewed-overviews-2026-08-25.json,data/games/reviewed-overview-imports/ds-priority-kiku-kirikou-reviewed-overviews-2026-08-25.csv,ds,ds-kimokawae,,currentOverview is stale; rerun with --force after re-reviewing this row,"Refresh currentOverview from live game data, re-read the reviewed copy beside the current record, then import with --force only after confirming the row is still accurate."
ds-priority-kiku-kirikou-reviewed-overviews-2026-08-25.json,data/games/reviewed-overview-imports/ds-priority-kiku-kirikou-reviewed-overviews-2026-08-25.csv,ds,ds-kirarin-revolution-minna-de-odorou-furi-furi-debut,,currentOverview is stale; rerun with --force after re-reviewing this row,"Refresh currentOverview from live game data, re-read the reviewed copy beside the current record, then import with --force only after confirming the row is still accurate."
ds-priority-kiku-kirikou-reviewed-overviews-2026-08-25.json,data/games/reviewed-overview-imports/ds-priority-kiku-kirikou-reviewed-overviews-2026-08-25.csv,ds,ds-kirei-zukin-seikatsu-2,,currentOverview is stale; rerun with --force after re-reviewing this row,"Refresh currentOverview from live game data, re-read the reviewed copy beside the current record, then import with --force only after confirming the row is still accurate."
ds-priority-knerten-koisuru-reviewed-overviews-2026-08-25.json,data/games/reviewed-overview-imports/ds-priority-knerten-koisuru-reviewed-overviews-2026-08-25.csv,ds,ds-knerten-gets-married,,currentOverview is stale; rerun with --force after re-reviewing this row,"Refresh currentOverview from live game data, re-read the reviewed copy beside the current record, then import with --force only after confirming the row is still accurate."
ds-priority-knerten-koisuru-reviewed-overviews-2026-08-25.json,data/games/reviewed-overview-imports/ds-priority-knerten-koisuru-reviewed-overviews-2026-08-25.csv,ds,ds-knigge-spielend-zum-guten-benehmen,,currentOverview is stale; rerun with --force after re-reviewing this row,"Refresh currentOverview from live game data, re-read the reviewed copy beside the current record, then import with --force only after confirming the row is still accurate."
ds-priority-knerten-koisuru-reviewed-overviews-2026-08-25.json,data/games/reviewed-overview-imports/ds-priority-knerten-koisuru-reviewed-overviews-2026-08-25.csv,ds,ds-know-how,,currentOverview is stale; rerun with --force after re-reviewing this row,"Refresh currentOverview from live game data, re-read the reviewed copy beside the current record, then import with --force only after confirming the row is still accurate."
ds-priority-knerten-koisuru-reviewed-overviews-2026-08-25.json,data/games/reviewed-overview-imports/ds-priority-knerten-koisuru-reviewed-overviews-2026-08-25.csv,ds,ds-know-how-2,,currentOverview is stale; rerun with --force after re-reviewing this row,"Refresh currentOverview from live game data, re-read the reviewed copy beside the current record, then import with --force only after confirming the row is still accurate."
ds-priority-knerten-koisuru-reviewed-overviews-2026-08-25.json,data/games/reviewed-overview-imports/ds-priority-knerten-koisuru-reviewed-overviews-2026-08-25.csv,ds,ds-kodawari-saihai-simulation-ocha-no-ma-pro-yakyuu-ds,,currentOverview is stale; rerun with --force after re-reviewing this row,"Refresh currentOverview from live game data, re-read the reviewed copy beside the current record, then import with --force only after confirming the row is still accurate."
ds-priority-knerten-koisuru-reviewed-overviews-2026-08-25.json,data/games/reviewed-overview-imports/ds-priority-knerten-koisuru-reviewed-overviews-2026-08-25.csv,ds,ds-kodawari-saihai-simulation-ocha-no-ma-pro-yakyuu-ds-2010-nendohan,,currentOverview is stale; rerun with --force after re-reviewing this row,"Refresh currentOverview from live game data, re-read the reviewed copy beside the current record, then import with --force only after confirming the row is still accurate."
ds-priority-knerten-koisuru-reviewed-overviews-2026-08-25.json,data/games/reviewed-overview-imports/ds-priority-knerten-koisuru-reviewed-overviews-2026-08-25.csv,ds,ds-koh-lanta-survie-dans-la-jungle,,currentOverview is stale; rerun with --force after re-reviewing this row,"Refresh currentOverview from live game data, re-read the reviewed copy beside the current record, then import with --force only after confirming the row is still accurate."
ds-priority-knerten-koisuru-reviewed-overviews-2026-08-25.json,data/games/reviewed-overview-imports/ds-priority-knerten-koisuru-reviewed-overviews-2026-08-25.csv,ds,ds-koinu-de-kururin,,currentOverview is stale; rerun with --force after re-reviewing this row,"Refresh currentOverview from live game data, re-read the reviewed copy beside the current record, then import with --force only after confirming the row is still accurate."
ds-priority-knerten-koisuru-reviewed-overviews-2026-08-25.json,data/games/reviewed-overview-imports/ds-priority-knerten-koisuru-reviewed-overviews-2026-08-25.csv,ds,ds-koisuru-purin-koi-wa-daibouken-dr-kanmi-no-yabou,,currentOverview is stale; rerun with --force after re-reviewing this row,"Refresh currentOverview from live game data, re-read the reviewed copy beside the current record, then import with --force only after confirming the row is still accurate."
ds-priority-kokoro-mushiking-reviewed-overviews-2026-08-25.json,data/games/reviewed-overview-imports/ds-priority-kokoro-mushiking-reviewed-overviews-2026-08-25.csv,ds,ds-kokoro-ga-uruou-birei-aquarium-ds-2-sekai-no-uo-to-ikura-kujira-tachi,,currentOverview is stale; rerun with --force after re-reviewing this row,"Refresh currentOverview from live game data, re-read the reviewed copy beside the current record, then import with --force only after confirming the row is still accurate."
ds-priority-kokoro-mushiking-reviewed-overviews-2026-08-25.json,data/games/reviewed-overview-imports/ds-priority-kokoro-mushiking-reviewed-overviews-2026-08-25.csv,ds,ds-koma-neko-ds,,currentOverview is stale; rerun with --force after re-reviewing this row,"Refresh currentOverview from live game data, re-read the reviewed copy beside the current record, then import with --force only after confirming the row is still accurate."
ds-priority-kokoro-mushiking-reviewed-overviews-2026-08-25.json,data/games/reviewed-overview-imports/ds-priority-kokoro-mushiking-reviewed-overviews-2026-08-25.csv,ds,ds-kono-quiz-yarou,,currentOverview is stale; rerun with --force after re-reviewing this row,"Refresh currentOverview from live game data, re-read the reviewed copy beside the current record, then import with --force only after confirming the row is still accurate."
ds-priority-kokoro-mushiking-reviewed-overviews-2026-08-25.json,data/games/reviewed-overview-imports/ds-priority-kokoro-mushiking-reviewed-overviews-2026-08-25.csv,ds,ds-konzentration-und-aufmerksamkeit-1-4-klasse,,currentOverview is stale; rerun with --force after re-reviewing this row,"Refresh currentOverview from live game data, re-read the reviewed copy beside the current record, then import with --force only after confirming the row is still accurate."
ds-priority-kokoro-mushiking-reviewed-overviews-2026-08-25.json,data/games/reviewed-overview-imports/ds-priority-kokoro-mushiking-reviewed-overviews-2026-08-25.csv,ds,ds-kotoba-no-puzzle-mojipittan-ds,,currentOverview is stale; rerun with --force after re-reviewing this row,"Refresh currentOverview from live game data, re-read the reviewed copy beside the current record, then import with --force only after confirming the row is still accurate."
ds-priority-kokoro-mushiking-reviewed-overviews-2026-08-25.json,data/games/reviewed-overview-imports/ds-priority-kokoro-mushiking-reviewed-overviews-2026-08-25.csv,ds,ds-kou-rate-ura-mahjong-retsuden-mukoubuchi-goburei-shuuryou-desu-ne,,currentOverview is stale; rerun with --force after re-reviewing this row,"Refresh currentOverview from live game data, re-read the reviewed copy beside the current record, then import with --force only after confirming the row is still accurate."
ds-priority-kokoro-mushiking-reviewed-overviews-2026-08-25.json,data/games/reviewed-overview-imports/ds-priority-kokoro-mushiking-reviewed-overviews-2026-08-25.csv,ds,ds-kouchuu-kakutou-mushi-1-grand-prix,,currentOverview is stale; rerun with --force after re-reviewing this row,"Refresh currentOverview from live game data, re-read the reviewed copy beside the current record, then import with --force only after confirming the row is still accurate."
ds-priority-kokoro-mushiking-reviewed-overviews-2026-08-25.json,data/games/reviewed-overview-imports/ds-priority-kokoro-mushiking-reviewed-overviews-2026-08-25.csv,ds,ds-kouchuu-ouja-mushi-king-greatest-champion-e-no-michi-2,,currentOverview is stale; rerun with --force after re-reviewing this row,"Refresh currentOverview from live game data, re-read the reviewed copy beside the current record, then import with --force only after confirming the row is still accurate."
ds-priority-kokoro-mushiking-reviewed-overviews-2026-08-25.json,data/games/reviewed-overview-imports/ds-priority-kokoro-mushiking-reviewed-overviews-2026-08-25.csv,ds,ds-kouchuu-ouja-mushi-king-greatest-champion-e-no-michi-ds,,currentOverview is stale; rerun with --force after re-reviewing this row,"Refresh currentOverview from live game data, re-read the reviewed copy beside the current record, then import with --force only after confirming the row is still accurate."
ds-priority-kouenji-kurukuru-reviewed-overviews-2026-08-25.json,data/games/reviewed-overview-imports/ds-priority-kouenji-kurukuru-reviewed-overviews-2026-08-25.csv,ds,ds-kouenji-joshi-soccer-2-koi-wa-nebagiba-kouenji,,currentOverview is stale; rerun with --force after re-reviewing this row,"Refresh currentOverview from live game data, re-read the reviewed copy beside the current record, then import with --force only after confirming the row is still accurate."
ds-priority-kouenji-kurukuru-reviewed-overviews-2026-08-25.json,data/games/reviewed-overview-imports/ds-priority-kouenji-kurukuru-reviewed-overviews-2026-08-25.csv,ds,ds-koukou-juken-eitango-get-through-1900-eitan-zamurai-ds,,currentOverview is stale; rerun with --force after re-reviewing this row,"Refresh currentOverview from live game data, re-read the reviewed copy beside the current record, then import with --force only after confirming the row is still accurate."
ds-priority-kouenji-kurukuru-reviewed-overviews-2026-08-25.json,data/games/reviewed-overview-imports/ds-priority-kouenji-kurukuru-reviewed-overviews-2026-08-25.csv,ds,ds-koukou-yakyuu-dou-ds,,currentOverview is stale; rerun with --force after re-reviewing this row,"Refresh currentOverview from live game data, re-read the reviewed copy beside the current record, then import with --force only after confirming the row is still accurate."
ds-priority-kouenji-kurukuru-reviewed-overviews-2026-08-25.json,data/games/reviewed-overview-imports/ds-priority-kouenji-kurukuru-reviewed-overviews-2026-08-25.csv,ds,ds-koushounin-ds-the-negotiator,,currentOverview is stale; rerun with --force after re-reviewing this row,"Refresh currentOverview from live game data, re-read the reviewed copy beside the current record, then import with --force only after confirming the row is still accurate."
ds-priority-kouenji-kurukuru-reviewed-overviews-2026-08-25.json,data/games/reviewed-overview-imports/ds-priority-kouenji-kurukuru-reviewed-overviews-2026-08-25.csv,ds,ds-kumatanchi,,currentOverview is stale; rerun with --force after re-reviewing this row,"Refresh currentOverview from live game data, re-read the reviewed copy beside the current record, then import with --force only after confirming the row is still accurate."
ds-priority-kouenji-kurukuru-reviewed-overviews-2026-08-25.json,data/games/reviewed-overview-imports/ds-priority-kouenji-kurukuru-reviewed-overviews-2026-08-25.csv,ds,ds-kunitori-zunou-battle-nobunaga-no-yabou,,currentOverview is stale; rerun with --force after re-reviewing this row,"Refresh currentOverview from live game data, re-read the reviewed copy beside the current record, then import with --force only after confirming the row is still accurate."
ds-priority-kouenji-kurukuru-reviewed-overviews-2026-08-25.json,data/games/reviewed-overview-imports/ds-priority-kouenji-kurukuru-reviewed-overviews-2026-08-25.csv,ds,ds-kupuu-mamegoma,,currentOverview is stale; rerun with --force after re-reviewing this row,"Refresh currentOverview from live game data, re-read the reviewed copy beside the current record, then import with --force only after confirming the row is still accurate."
ds-priority-kouenji-kurukuru-reviewed-overviews-2026-08-25.json,data/games/reviewed-overview-imports/ds-priority-kouenji-kurukuru-reviewed-overviews-2026-08-25.csv,ds,ds-kurayami-no-hate-de-kimi-o-matsu,,currentOverview is stale; rerun with --force after re-reviewing this row,"Refresh currentOverview from live game data, re-read the reviewed copy beside the current record, then import with --force only after confirming the row is still accurate."
ds-priority-kouenji-kurukuru-reviewed-overviews-2026-08-25.json,data/games/reviewed-overview-imports/ds-priority-kouenji-kurukuru-reviewed-overviews-2026-08-25.csv,ds,ds-kurukuru-princess-tokimeki-figure-mezase-vancouver,,currentOverview is stale; rerun with --force after re-reviewing this row,"Refresh currentOverview from live game data, re-read the reviewed copy beside the current record, then import with --force only after confirming the row is still accurate."
ds-priority-kurupoto-laculture-reviewed-overviews-2026-08-25.json,data/games/reviewed-overview-imports/ds-priority-kurupoto-laculture-reviewed-overviews-2026-08-25.csv,ds,ds-kurupoto-cool-cool-stars,,currentOverview is stale; rerun with --force after re-reviewing this row,"Refresh currentOverview from live game data, re-read the reviewed copy beside the current record, then import with --force only after confirming the row is still accurate."
ds-priority-kurupoto-laculture-reviewed-overviews-2026-08-25.json,data/games/reviewed-overview-imports/ds-priority-kurupoto-laculture-reviewed-overviews-2026-08-25.csv,ds,ds-kururin-doughnuts-okashi-recipe,,currentOverview is stale; rerun with --force after re-reviewing this row,"Refresh currentOverview from live game data, re-read the reviewed copy beside the current record, then import with --force only after confirming the row is still accurate."
ds-priority-kurupoto-laculture-reviewed-overviews-2026-08-25.json,data/games/reviewed-overview-imports/ds-priority-kurupoto-laculture-reviewed-overviews-2026-08-25.csv,ds,ds-kutsushita-nyanko-kutsushita-o-haita-neko-to-kurashi-hajime-mashita,,currentOverview is stale; rerun with --force after re-reviewing this row,"Refresh currentOverview from live game data, re-read the reviewed copy beside the current record, then import with --force only after confirming the row is still accurate."
ds-priority-kurupoto-laculture-reviewed-overviews-2026-08-25.json,data/games/reviewed-overview-imports/ds-priority-kurupoto-laculture-reviewed-overviews-2026-08-25.csv,ds,ds-kuukan-zukei-hirameki-training-kuutore,,currentOverview is stale; rerun with --force after re-reviewing this row,"Refresh currentOverview from live game data, re-read the reviewed copy beside the current record, then import with --force only after confirming the row is still accurate."
ds-priority-kurupoto-laculture-reviewed-overviews-2026-08-25.json,data/games/reviewed-overview-imports/ds-priority-kurupoto-laculture-reviewed-overviews-2026-08-25.csv,ds,ds-kuwagata-tsumami,,currentOverview is stale; rerun with --force after re-reviewing this row,"Refresh currentOverview from live game data, re-read the reviewed copy beside the current record, then import with --force only after confirming the row is still accurate."
ds-priority-kurupoto-laculture-reviewed-overviews-2026-08-25.json,data/games/reviewed-overview-imports/ds-priority-kurupoto-laculture-reviewed-overviews-2026-08-25.csv,ds,ds-l-enigmistica,,currentOverview is stale; rerun with --force after re-reviewing this row,"Refresh currentOverview from live game data, re-read the reviewed copy beside the current record, then import with --force only after confirming the row is still accurate."
ds-priority-kurupoto-laculture-reviewed-overviews-2026-08-25.json,data/games/reviewed-overview-imports/ds-priority-kurupoto-laculture-reviewed-overviews-2026-08-25.csv,ds,ds-l-histoire-de-france-pour-les-nuls,,currentOverview is stale; rerun with --force after re-reviewing this row,"Refresh currentOverview from live game data, re-read the reviewed copy beside the current record, then import with --force only after confirming the row is still accurate."
ds-priority-kurupoto-laculture-reviewed-overviews-2026-08-25.json,data/games/reviewed-overview-imports/ds-priority-kurupoto-laculture-reviewed-overviews-2026-08-25.csv,ds,ds-la-carte-au-tresor,,currentOverview is stale; rerun with --force after re-reviewing this row,"Refresh currentOverview from live game data, re-read the reviewed copy beside the current record, then import with --force only after confirming the row is still accurate."
ds-priority-kurupoto-laculture-reviewed-overviews-2026-08-25.json,data/games/reviewed-overview-imports/ds-priority-kurupoto-laculture-reviewed-overviews-2026-08-25.csv,ds,ds-la-culture-generale-pour-les-nuls-edition-2,,currentOverview is stale; rerun with --force after re-reviewing this row,"Refresh currentOverview from live game data, re-read the reviewed copy beside the current record, then import with --force only after confirming the row is still accurate."
ds-priority-labyrinth-learnscience-reviewed-overviews-2026-08-25.json,data/games/reviewed-overview-imports/ds-priority-labyrinth-learnscience-reviewed-overviews-2026-08-25.csv,ds,ds-labyrinth,,currentOverview is stale; rerun with --force after re-reviewing this row,"Refresh currentOverview from live game data, re-read the reviewed copy beside the current record, then import with --force only after confirming the row is still accurate."
ds-priority-labyrinth-learnscience-reviewed-overviews-2026-08-25.json,data/games/reviewed-overview-imports/ds-priority-labyrinth-learnscience-reviewed-overviews-2026-08-25.csv,ds,ds-lalaloopsy,,currentOverview is stale; rerun with --force after re-reviewing this row,"Refresh currentOverview from live game data, re-read the reviewed copy beside the current record, then import with --force only after confirming the row is still accurate."
ds-priority-labyrinth-learnscience-reviewed-overviews-2026-08-25.json,data/games/reviewed-overview-imports/ds-priority-labyrinth-learnscience-reviewed-overviews-2026-08-25.csv,ds,ds-lalaloopsy-carnival-of-friends,,currentOverview is stale; rerun with --force after re-reviewing this row,"Refresh currentOverview from live game data, re-read the reviewed copy beside the current record, then import with --force only after confirming the row is still accurate."
ds-priority-labyrinth-learnscience-reviewed-overviews-2026-08-25.json,data/games/reviewed-overview-imports/ds-priority-labyrinth-learnscience-reviewed-overviews-2026-08-25.csv,ds,ds-lanfeust-of-troy,,currentOverview is stale; rerun with --force after re-reviewing this row,"Refresh currentOverview from live game data, re-read the reviewed copy beside the current record, then import with --force only after confirming the row is still accurate."
ds-priority-labyrinth-learnscience-reviewed-overviews-2026-08-25.json,data/games/reviewed-overview-imports/ds-priority-labyrinth-learnscience-reviewed-overviews-2026-08-25.csv,ds,ds-lapin-malin-j-apprends-a-lire-et-a-ecrire,,currentOverview is stale; rerun with --force after re-reviewing this row,"Refresh currentOverview from live game data, re-read the reviewed copy beside the current record, then import with --force only after confirming the row is still accurate."
ds-priority-labyrinth-learnscience-reviewed-overviews-2026-08-25.json,data/games/reviewed-overview-imports/ds-priority-labyrinth-learnscience-reviewed-overviews-2026-08-25.csv,ds,ds-last-bullet,,currentOverview is stale; rerun with --force after re-reviewing this row,"Refresh currentOverview from live game data, re-read the reviewed copy beside the current record, then import with --force only after confirming the row is still accurate."
ds-priority-labyrinth-learnscience-reviewed-overviews-2026-08-25.json,data/games/reviewed-overview-imports/ds-priority-labyrinth-learnscience-reviewed-overviews-2026-08-25.csv,ds,ds-last-king-of-africa,,currentOverview is stale; rerun with --force after re-reviewing this row,"Refresh currentOverview from live game data, re-read the reviewed copy beside the current record, then import with --force only after confirming the row is still accurate."
ds-priority-labyrinth-learnscience-reviewed-overviews-2026-08-25.json,data/games/reviewed-overview-imports/ds-priority-labyrinth-learnscience-reviewed-overviews-2026-08-25.csv,ds,ds-learn-chess,,currentOverview is stale; rerun with --force after re-reviewing this row,"Refresh currentOverview from live game data, re-read the reviewed copy beside the current record, then import with --force only after confirming the row is still accurate."
ds-priority-labyrinth-learnscience-reviewed-overviews-2026-08-25.json,data/games/reviewed-overview-imports/ds-priority-labyrinth-learnscience-reviewed-overviews-2026-08-25.csv,ds,ds-learn-geography,,currentOverview is stale; rerun with --force after re-reviewing this row,"Refresh currentOverview from live game data, re-read the reviewed copy beside the current record, then import with --force only after confirming the row is still accurate."
ds-priority-labyrinth-learnscience-reviewed-overviews-2026-08-25.json,data/games/reviewed-overview-imports/ds-priority-labyrinth-learnscience-reviewed-overviews-2026-08-25.csv,ds,ds-learn-science,,currentOverview is stale; rerun with --force after re-reviewing this row,"Refresh currentOverview from live game data, re-read the reviewed copy beside the current record, then import with --force only after confirming the row is still accurate."
ds-priority-learntoplay-letplayflight-reviewed-overviews-2026-08-25.json,data/games/reviewed-overview-imports/ds-priority-learntoplay-letplayflight-reviewed-overviews-2026-08-25.csv,ds,ds-learn-to-play-chess-with-fritz-and-chesster,,currentOverview is stale; rerun with --force after re-reviewing this row,"Refresh currentOverview from live game data, re-read the reviewed copy beside the current record, then import with --force only after confirming the row is still accurate."
ds-priority-learntoplay-letplayflight-reviewed-overviews-2026-08-25.json,data/games/reviewed-overview-imports/ds-priority-learntoplay-letplayflight-reviewed-overviews-2026-08-25.csv,ds,ds-learning-to-spell,,currentOverview is stale; rerun with --force after re-reviewing this row,"Refresh currentOverview from live game data, re-read the reviewed copy beside the current record, then import with --force only after confirming the row is still accurate."
ds-priority-learntoplay-letplayflight-reviewed-overviews-2026-08-25.json,data/games/reviewed-overview-imports/ds-priority-learntoplay-letplayflight-reviewed-overviews-2026-08-25.csv,ds,ds-left-brain-right-brain,,currentOverview is stale; rerun with --force after re-reviewing this row,"Refresh currentOverview from live game data, re-read the reviewed copy beside the current record, then import with --force only after confirming the row is still accurate."
ds-priority-learntoplay-letplayflight-reviewed-overviews-2026-08-25.json,data/games/reviewed-overview-imports/ds-priority-learntoplay-letplayflight-reviewed-overviews-2026-08-25.csv,ds,ds-left-brain-right-brain-2,,currentOverview is stale; rerun with --force after re-reviewing this row,"Refresh currentOverview from live game data, re-read the reviewed copy beside the current record, then import with --force only after confirming the row is still accurate."
ds-priority-learntoplay-letplayflight-reviewed-overviews-2026-08-25.json,data/games/reviewed-overview-imports/ds-priority-learntoplay-letplayflight-reviewed-overviews-2026-08-25.csv,ds,ds-les-aventures-de-t-choupi-a-l-ecole,,currentOverview is stale; rerun with --force after re-reviewing this row,"Refresh currentOverview from live game data, re-read the reviewed copy beside the current record, then import with --force only after confirming the row is still accurate."
ds-priority-learntoplay-letplayflight-reviewed-overviews-2026-08-25.json,data/games/reviewed-overview-imports/ds-priority-learntoplay-letplayflight-reviewed-overviews-2026-08-25.csv,ds,ds-les-nouvelles-aventures-de-t-choupi-et-ses-amis,,currentOverview is stale; rerun with --force after re-reviewing this row,"Refresh currentOverview from live game data, re-read the reviewed copy beside the current record, then import with --force only after confirming the row is still accurate."
ds-priority-learntoplay-letplayflight-reviewed-overviews-2026-08-25.json,data/games/reviewed-overview-imports/ds-priority-learntoplay-letplayflight-reviewed-overviews-2026-08-25.csv,ds,ds-let-s-mangaka-ds-style,,currentOverview is stale; rerun with --force after re-reviewing this row,"Refresh currentOverview from live game data, re-read the reviewed copy beside the current record, then import with --force only after confirming the row is still accurate."
ds-priority-learntoplay-letplayflight-reviewed-overviews-2026-08-25.json,data/games/reviewed-overview-imports/ds-priority-learntoplay-letplayflight-reviewed-overviews-2026-08-25.csv,ds,ds-let-s-play-ballerina,,currentOverview is stale; rerun with --force after re-reviewing this row,"Refresh currentOverview from live game data, re-read the reviewed copy beside the current record, then import with --force only after confirming the row is still accurate."
ds-priority-learntoplay-letplayflight-reviewed-overviews-2026-08-25.json,data/games/reviewed-overview-imports/ds-priority-learntoplay-letplayflight-reviewed-overviews-2026-08-25.csv,ds,ds-let-s-play-fashion-designer,,currentOverview is stale; rerun with --force after re-reviewing this row,"Refresh currentOverview from live game data, re-read the reviewed copy beside the current record, then import with --force only after confirming the row is still accurate."
ds-priority-learntoplay-letplayflight-reviewed-overviews-2026-08-25.json,data/games/reviewed-overview-imports/ds-priority-learntoplay-letplayflight-reviewed-overviews-2026-08-25.csv,ds,ds-let-s-play-flight-attendant,,currentOverview is stale; rerun with --force after re-reviewing this row,"Refresh currentOverview from live game data, re-read the reviewed copy beside the current record, then import with --force only after confirming the row is still accurate."
ds-priority-letsplaygarden-lingo-reviewed-overviews-2026-08-25.json,data/games/reviewed-overview-imports/ds-priority-letsplaygarden-lingo-reviewed-overviews-2026-08-25.csv,ds,ds-let-s-play-garden,,currentOverview is stale; rerun with --force after re-reviewing this row,"Refresh currentOverview from live game data, re-read the reviewed copy beside the current record, then import with --force only after confirming the row is still accurate."
ds-priority-letsplaygarden-lingo-reviewed-overviews-2026-08-25.json,data/games/reviewed-overview-imports/ds-priority-letsplaygarden-lingo-reviewed-overviews-2026-08-25.csv,ds,ds-let-s-play-journalists,,currentOverview is stale; rerun with --force after re-reviewing this row,"Refresh currentOverview from live game data, re-read the reviewed copy beside the current record, then import with --force only after confirming the row is still accurate."
ds-priority-letsplaygarden-lingo-reviewed-overviews-2026-08-25.json,data/games/reviewed-overview-imports/ds-priority-letsplaygarden-lingo-reviewed-overviews-2026-08-25.csv,ds,ds-let-s-play-pet-hospitals,,currentOverview is stale; rerun with --force after re-reviewing this row,"Refresh currentOverview from live game data, re-read the reviewed copy beside the current record, then import with --force only after confirming the row is still accurate."
ds-priority-letsplaygarden-lingo-reviewed-overviews-2026-08-25.json,data/games/reviewed-overview-imports/ds-priority-letsplaygarden-lingo-reviewed-overviews-2026-08-25.csv,ds,ds-let-s-play-schools,,currentOverview is stale; rerun with --force after re-reviewing this row,"Refresh currentOverview from live game data, re-read the reviewed copy beside the current record, then import with --force only after confirming the row is still accurate."
ds-priority-letsplaygarden-lingo-reviewed-overviews-2026-08-25.json,data/games/reviewed-overview-imports/ds-priority-letsplaygarden-lingo-reviewed-overviews-2026-08-25.csv,ds,ds-let-s-ride-friends-forever,,currentOverview is stale; rerun with --force after re-reviewing this row,"Refresh currentOverview from live game data, re-read the reviewed copy beside the current record, then import with --force only after confirming the row is still accurate."
ds-priority-letsplaygarden-lingo-reviewed-overviews-2026-08-25.json,data/games/reviewed-overview-imports/ds-priority-letsplaygarden-lingo-reviewed-overviews-2026-08-25.csv,ds,ds-lettriq,,currentOverview is stale; rerun with --force after re-reviewing this row,"Refresh currentOverview from live game data, re-read the reviewed copy beside the current record, then import with --force only after confirming the row is still accurate."
ds-priority-letsplaygarden-lingo-reviewed-overviews-2026-08-25.json,data/games/reviewed-overview-imports/ds-priority-letsplaygarden-lingo-reviewed-overviews-2026-08-25.csv,ds,ds-lilpri-ds-hime-chen-apple-pink,,currentOverview is stale; rerun with --force after re-reviewing this row,"Refresh currentOverview from live game data, re-read the reviewed copy beside the current record, then import with --force only after confirming the row is still accurate."
ds-priority-letsplaygarden-lingo-reviewed-overviews-2026-08-25.json,data/games/reviewed-overview-imports/ds-priority-letsplaygarden-lingo-reviewed-overviews-2026-08-25.csv,ds,ds-lingo,,currentOverview is stale; rerun with --force after re-reviewing this row,"Refresh currentOverview from live game data, re-read the reviewed copy beside the current record, then import with --force only after confirming the row is still accurate."
ds-priority-letsplaygarden-lingo-reviewed-overviews-2026-08-25.json,data/games/reviewed-overview-imports/ds-priority-letsplaygarden-lingo-reviewed-overviews-2026-08-25.csv,ds,ds-lingo-deluxe,,currentOverview is stale; rerun with --force after re-reviewing this row,"Refresh currentOverview from live game data, re-read the reviewed copy beside the current record, then import with --force only after confirming the row is still accurate."
ds-priority-letsplaygarden-lingo-reviewed-overviews-2026-08-25.json,data/games/reviewed-overview-imports/ds-priority-letsplaygarden-lingo-reviewed-overviews-2026-08-25.csv,ds,ds-lingo-voor-kinderen,,currentOverview is stale; rerun with --force after re-reviewing this row,"Refresh currentOverview from live game data, re-read the reviewed copy beside the current record, then import with --force only after confirming the row is still accurate."
ds-priority-overviews-2-2026-09-05.json,data/games/reviewed-overview-imports/ds-priority-overviews-2-2026-09-05.csv,ds,ds-paws-and-claws-pampered-pets-2,,currentOverview is stale; rerun with --force after re-reviewing this row,"Refresh currentOverview from live game data, re-read the reviewed copy beside the current record, then import with --force only after confirming the row is still accurate."
ds-priority-shogi-jakehunter-reviewed-overviews-2026-08-25.json,data/games/reviewed-overview-imports/ds-priority-shogi-jakehunter-reviewed-overviews-2026-08-25.csv,ds,ds-itsu-demo-doko-demo-dekiru-shogi-ai-shogi-ds,,currentOverview is stale; rerun with --force after re-reviewing this row,"Refresh currentOverview from live game data, re-read the reviewed copy beside the current record, then import with --force only after confirming the row is still accurate."
ds-priority-shogi-jakehunter-reviewed-overviews-2026-08-25.json,data/games/reviewed-overview-imports/ds-priority-shogi-jakehunter-reviewed-overviews-2026-08-25.csv,ds,ds-jake-hunter-detective-chronicles,,currentOverview is stale; rerun with --force after re-reviewing this row,"Refresh currentOverview from live game data, re-read the reviewed copy beside the current record, then import with --force only after confirming the row is still accurate."
ds-recognizable-board-trivia-reviewed-overviews.json,data/games/reviewed-overview-imports/ds-recognizable-board-trivia-reviewed-overviews.csv,ds,ds-4-kyouka-perfect-clear-ds-eigo-onsei-tsuki,,currentOverview is stale; rerun with --force after re-reviewing this row,"Refresh currentOverview from live game data, re-read the reviewed copy beside the current record, then import with --force only after confirming the row is still accurate."
ds-recognizable-board-trivia-reviewed-overviews.json,data/games/reviewed-overview-imports/ds-recognizable-board-trivia-reviewed-overviews.csv,ds,ds-5-nen-kanji-keisan-nigate-hunter-ds,,currentOverview is stale; rerun with --force after re-reviewing this row,"Refresh currentOverview from live game data, re-read the reviewed copy beside the current record, then import with --force only after confirming the row is still accurate."
ds-recognizable-board-trivia-reviewed-overviews.json,data/games/reviewed-overview-imports/ds-recognizable-board-trivia-reviewed-overviews.csv,ds,ds-7-wonders-treasures-of-seven,,currentOverview is stale; rerun with --force after re-reviewing this row,"Refresh currentOverview from live game data, re-read the reviewed copy beside the current record, then import with --force only after confirming the row is still accurate."
ds-recognizable-board-trivia-reviewed-overviews.json,data/games/reviewed-overview-imports/ds-recognizable-board-trivia-reviewed-overviews.csv,ds,ds-8ball-allstars,,currentOverview is stale; rerun with --force after re-reviewing this row,"Refresh currentOverview from live game data, re-read the reviewed copy beside the current record, then import with --force only after confirming the row is still accurate."
ds-recognizable-board-trivia-reviewed-overviews.json,data/games/reviewed-overview-imports/ds-recognizable-board-trivia-reviewed-overviews.csv,ds,ds-10-voor-taal,,currentOverview is stale; rerun with --force after re-reviewing this row,"Refresh currentOverview from live game data, re-read the reviewed copy beside the current record, then import with --force only after confirming the row is still accurate."
ds-recognizable-board-trivia-reviewed-overviews.json,data/games/reviewed-overview-imports/ds-recognizable-board-trivia-reviewed-overviews.csv,ds,ds-12-family-games,,currentOverview is stale; rerun with --force after re-reviewing this row,"Refresh currentOverview from live game data, re-read the reviewed copy beside the current record, then import with --force only after confirming the row is still accurate."
ds-recognizable-board-trivia-reviewed-overviews.json,data/games/reviewed-overview-imports/ds-recognizable-board-trivia-reviewed-overviews.csv,ds,ds-18-classic-card-games,,currentOverview is stale; rerun with --force after re-reviewing this row,"Refresh currentOverview from live game data, re-read the reviewed copy beside the current record, then import with --force only after confirming the row is still accurate."
ds-recognizable-family-brain-action-reviewed-overviews-7.json,data/games/reviewed-overview-imports/ds-recognizable-family-brain-action-reviewed-overviews-7.csv,ds,ds-all-kamen-rider-rider-generation,,currentOverview is stale; rerun with --force after re-reviewing this row,"Refresh currentOverview from live game data, re-read the reviewed copy beside the current record, then import with --force only after confirming the row is still accurate."
ds-recognizable-family-brain-action-reviewed-overviews-7.json,data/games/reviewed-overview-imports/ds-recognizable-family-brain-action-reviewed-overviews-7.csv,ds,ds-all-kamen-rider-rider-generation-2,,currentOverview is stale; rerun with --force after re-reviewing this row,"Refresh currentOverview from live game data, re-read the reviewed copy beside the current record, then import with --force only after confirming the row is still accurate."
ds-recognizable-family-brain-action-reviewed-overviews-7.json,data/games/reviewed-overview-imports/ds-recognizable-family-brain-action-reviewed-overviews-7.csv,ds,ds-kamen-rider-dragon-knight,,currentOverview is stale; rerun with --force after re-reviewing this row,"Refresh currentOverview from live game data, re-read the reviewed copy beside the current record, then import with --force only after confirming the row is still accurate."
ds-recognizable-family-brain-action-reviewed-overviews-7.json,data/games/reviewed-overview-imports/ds-recognizable-family-brain-action-reviewed-overviews-7.csv,ds,ds-backyard-baseball-09,,currentOverview is stale; rerun with --force after re-reviewing this row,"Refresh currentOverview from live game data, re-read the reviewed copy beside the current record, then import with --force only after confirming the row is still accurate."
ds-recognizable-family-brain-action-reviewed-overviews-7.json,data/games/reviewed-overview-imports/ds-recognizable-family-brain-action-reviewed-overviews-7.csv,ds,ds-backyard-sports-sandlot-sluggers,,currentOverview is stale; rerun with --force after re-reviewing this row,"Refresh currentOverview from live game data, re-read the reviewed copy beside the current record, then import with --force only after confirming the row is still accurate."
ds-recognizable-family-brain-action-reviewed-overviews-7.json,data/games/reviewed-overview-imports/ds-recognizable-family-brain-action-reviewed-overviews-7.csv,ds,ds-barbie-fashion-show-an-eye-for-style,,currentOverview is stale; rerun with --force after re-reviewing this row,"Refresh currentOverview from live game data, re-read the reviewed copy beside the current record, then import with --force only after confirming the row is still accurate."
ds-recognizable-family-brain-action-reviewed-overviews-7.json,data/games/reviewed-overview-imports/ds-recognizable-family-brain-action-reviewed-overviews-7.csv,ds,ds-barbie-horse-adventures-riding-camp,,currentOverview is stale; rerun with --force after re-reviewing this row,"Refresh currentOverview from live game data, re-read the reviewed copy beside the current record, then import with --force only after confirming the row is still accurate."
ds-recognizable-family-brain-action-reviewed-overviews-7.json,data/games/reviewed-overview-imports/ds-recognizable-family-brain-action-reviewed-overviews-7.csv,ds,ds-brain-boost-beta-wave,,currentOverview is stale; rerun with --force after re-reviewing this row,"Refresh currentOverview from live game data, re-read the reviewed copy beside the current record, then import with --force only after confirming the row is still accurate."
ds-recognizable-family-brain-action-reviewed-overviews-7.json,data/games/reviewed-overview-imports/ds-recognizable-family-brain-action-reviewed-overviews-7.csv,ds,ds-brain-boost-gamma-wave,,currentOverview is stale; rerun with --force after re-reviewing this row,"Refresh currentOverview from live game data, re-read the reviewed copy beside the current record, then import with --force only after confirming the row is still accurate."
ds-recognizable-family-brain-action-reviewed-overviews-7.json,data/games/reviewed-overview-imports/ds-recognizable-family-brain-action-reviewed-overviews-7.csv,ds,ds-dragon-quest-monsters-joker-2-professional,,currentOverview is stale; rerun with --force after re-reviewing this row,"Refresh currentOverview from live game data, re-read the reviewed copy beside the current record, then import with --force only after confirming the row is still accurate."
ds-tcg-monster-battle-reviewed-overviews.json,data/games/reviewed-overview-imports/ds-tcg-monster-battle-reviewed-overviews.csv,ds,ds-bakugan-battle-brawlers,,currentOverview is stale; rerun with --force after re-reviewing this row,"Refresh currentOverview from live game data, re-read the reviewed copy beside the current record, then import with --force only after confirming the row is still accurate."
ds-tcg-monster-battle-reviewed-overviews.json,data/games/reviewed-overview-imports/ds-tcg-monster-battle-reviewed-overviews.csv,ds,ds-bakugan-battle-brawlers-battle-trainer,,currentOverview is stale; rerun with --force after re-reviewing this row,"Refresh currentOverview from live game data, re-read the reviewed copy beside the current record, then import with --force only after confirming the row is still accurate."
ds-tcg-monster-battle-reviewed-overviews.json,data/games/reviewed-overview-imports/ds-tcg-monster-battle-reviewed-overviews.csv,ds,ds-metal-fight-beyblade-choujou-kessen-big-bang-bladers,,currentOverview is stale; rerun with --force after re-reviewing this row,"Refresh currentOverview from live game data, re-read the reviewed copy beside the current record, then import with --force only after confirming the row is still accurate."
ds-tcg-monster-battle-reviewed-overviews.json,data/games/reviewed-overview-imports/ds-tcg-monster-battle-reviewed-overviews.csv,ds,ds-digimon-story-super-xros-wars-blue,,currentOverview is stale; rerun with --force after re-reviewing this row,"Refresh currentOverview from live game data, re-read the reviewed copy beside the current record, then import with --force only after confirming the row is still accurate."
ds-tcg-monster-battle-reviewed-overviews.json,data/games/reviewed-overview-imports/ds-tcg-monster-battle-reviewed-overviews.csv,ds,ds-mega-man-star-force-dragon,,currentOverview is stale; rerun with --force after re-reviewing this row,"Refresh currentOverview from live game data, re-read the reviewed copy beside the current record, then import with --force only after confirming the row is still accurate."
ds-tcg-monster-battle-reviewed-overviews.json,data/games/reviewed-overview-imports/ds-tcg-monster-battle-reviewed-overviews.csv,ds,ds-mega-man-star-force-leo,,currentOverview is stale; rerun with --force after re-reviewing this row,"Refresh currentOverview from live game data, re-read the reviewed copy beside the current record, then import with --force only after confirming the row is still accurate."
ds-tcg-monster-battle-reviewed-overviews.json,data/games/reviewed-overview-imports/ds-tcg-monster-battle-reviewed-overviews.csv,ds,ds-mega-man-star-force-pegasus,,currentOverview is stale; rerun with --force after re-reviewing this row,"Refresh currentOverview from live game data, re-read the reviewed copy beside the current record, then import with --force only after confirming the row is still accurate."
ds-tcg-monster-battle-reviewed-overviews.json,data/games/reviewed-overview-imports/ds-tcg-monster-battle-reviewed-overviews.csv,ds,ds-yu-gi-oh-5d-s-world-championship-2011-over-the-nexus,,currentOverview is stale; rerun with --force after re-reviewing this row,"Refresh currentOverview from live game data, re-read the reviewed copy beside the current record, then import with --force only after confirming the row is still accurate."
ds-tcg-monster-battle-reviewed-overviews.json,data/games/reviewed-overview-imports/ds-tcg-monster-battle-reviewed-overviews.csv,ds,ds-yu-gi-oh-duel-monsters-world-championship-2008,,currentOverview is stale; rerun with --force after re-reviewing this row,"Refresh currentOverview from live game data, re-read the reviewed copy beside the current record, then import with --force only after confirming the row is still accurate."
gameboy-franchise-arcade-collector-reviewed-overviews-3.json,data/games/reviewed-overview-imports/gameboy-franchise-arcade-collector-reviewed-overviews-3.csv,gameboy,gbc-bomberman-max-blue-champion,,currentOverview is stale; rerun with --force after re-reviewing this row,"Refresh currentOverview from live game data, re-read the reviewed copy beside the current record, then import with --force only after confirming the row is still accurate."
gameboy-franchise-collector-reviewed-overviews-2.json,data/games/reviewed-overview-imports/gameboy-franchise-collector-reviewed-overviews-2.csv,gameboy,gb-donkey-kong-land-iii,,currentOverview is stale; rerun with --force after re-reviewing this row,"Refresh currentOverview from live game data, re-read the reviewed copy beside the current record, then import with --force only after confirming the row is still accurate."
gameboy-franchise-collector-reviewed-overviews-2.json,data/games/reviewed-overview-imports/gameboy-franchise-collector-reviewed-overviews-2.csv,gameboy,gb-dragon-ball-z-goku-hishouden,,currentOverview is stale; rerun with --force after re-reviewing this row,"Refresh currentOverview from live game data, re-read the reviewed copy beside the current record, then import with --force only after confirming the row is still accurate."
gameboy-franchise-collector-reviewed-overviews-2.json,data/games/reviewed-overview-imports/gameboy-franchise-collector-reviewed-overviews-2.csv,gameboy,gbc-from-tv-animation-one-piece-maboroshi-no-grand-line-boukenki,,currentOverview is stale; rerun with --force after re-reviewing this row,"Refresh currentOverview from live game data, re-read the reviewed copy beside the current record, then import with --force only after confirming the row is still accurate."
gameboy-licensed-classics-reviewed-overviews.json,data/games/reviewed-overview-imports/gameboy-licensed-classics-reviewed-overviews.csv,gameboy,gbc-3d-pocket-pool,,currentOverview is stale; rerun with --force after re-reviewing this row,"Refresh currentOverview from live game data, re-read the reviewed copy beside the current record, then import with --force only after confirming the row is still accurate."
gameboy-licensed-classics-reviewed-overviews.json,data/games/reviewed-overview-imports/gameboy-licensed-classics-reviewed-overviews.csv,gameboy,gb-4-in-1-fun-pak,,currentOverview is stale; rerun with --force after re-reviewing this row,"Refresh currentOverview from live game data, re-read the reviewed copy beside the current record, then import with --force only after confirming the row is still accurate."
gameboy-licensed-classics-reviewed-overviews.json,data/games/reviewed-overview-imports/gameboy-licensed-classics-reviewed-overviews.csv,gameboy,gb-4-in-1-funpak-volume-ii,,currentOverview is stale; rerun with --force after re-reviewing this row,"Refresh currentOverview from live game data, re-read the reviewed copy beside the current record, then import with --force only after confirming the row is still accurate."
gameboy-licensed-classics-reviewed-overviews.json,data/games/reviewed-overview-imports/gameboy-licensed-classics-reviewed-overviews.csv,gameboy,gb-after-burst,,currentOverview is stale; rerun with --force after re-reviewing this row,"Refresh currentOverview from live game data, re-read the reviewed copy beside the current record, then import with --force only after confirming the row is still accurate."
gameboy-licensed-classics-reviewed-overviews.json,data/games/reviewed-overview-imports/gameboy-licensed-classics-reviewed-overviews.csv,gameboy,gb-aguri-suzuki-f-1-super-driving,,currentOverview is stale; rerun with --force after re-reviewing this row,"Refresh currentOverview from live game data, re-read the reviewed copy beside the current record, then import with --force only after confirming the row is still accurate."
gameboy-licensed-classics-reviewed-overviews.json,data/games/reviewed-overview-imports/gameboy-licensed-classics-reviewed-overviews.csv,gameboy,gbc-airforce-delta,,currentOverview is stale; rerun with --force after re-reviewing this row,"Refresh currentOverview from live game data, re-read the reviewed copy beside the current record, then import with --force only after confirming the row is still accurate."
gameboy-licensed-classics-reviewed-overviews.json,data/games/reviewed-overview-imports/gameboy-licensed-classics-reviewed-overviews.csv,gameboy,gb-aladdin,,currentOverview is stale; rerun with --force after re-reviewing this row,"Refresh currentOverview from live game data, re-read the reviewed copy beside the current record, then import with --force only after confirming the row is still accurate."
gameboy-licensed-classics-reviewed-overviews.json,data/games/reviewed-overview-imports/gameboy-licensed-classics-reviewed-overviews.csv,gameboy,gbc-aladdin,,currentOverview is stale; rerun with --force after re-reviewing this row,"Refresh currentOverview from live game data, re-read the reviewed copy beside the current record, then import with --force only after confirming the row is still accurate."
gameboy-licensed-classics-reviewed-overviews.json,data/games/reviewed-overview-imports/gameboy-licensed-classics-reviewed-overviews.csv,gameboy,gb-alfred-chicken,,currentOverview is stale; rerun with --force after re-reviewing this row,"Refresh currentOverview from live game data, re-read the reviewed copy beside the current record, then import with --force only after confirming the row is still accurate."
gameboy-licensed-classics-reviewed-overviews.json,data/games/reviewed-overview-imports/gameboy-licensed-classics-reviewed-overviews.csv,gameboy,gb-alien-vs-predator-the-last-of-his-clan,,currentOverview is stale; rerun with --force after re-reviewing this row,"Refresh currentOverview from live game data, re-read the reviewed copy beside the current record, then import with --force only after confirming the row is still accurate."
gameboy-licensed-classics-reviewed-overviews.json,data/games/reviewed-overview-imports/gameboy-licensed-classics-reviewed-overviews.csv,gameboy,gb-alien3,,currentOverview is stale; rerun with --force after re-reviewing this row,"Refresh currentOverview from live game data, re-read the reviewed copy beside the current record, then import with --force only after confirming the row is still accurate."
gameboy-licensed-classics-reviewed-overviews.json,data/games/reviewed-overview-imports/gameboy-licensed-classics-reviewed-overviews.csv,gameboy,gb-animaniacs,,currentOverview is stale; rerun with --force after re-reviewing this row,"Refresh currentOverview from live game data, re-read the reviewed copy beside the current record, then import with --force only after confirming the row is still accurate."
gameboy-licensed-classics-reviewed-overviews.json,data/games/reviewed-overview-imports/gameboy-licensed-classics-reviewed-overviews.csv,gameboy,gb-another-bible,,currentOverview is stale; rerun with --force after re-reviewing this row,"Refresh currentOverview from live game data, re-read the reviewed copy beside the current record, then import with --force only after confirming the row is still accurate."
gameboy-licensed-classics-reviewed-overviews.json,data/games/reviewed-overview-imports/gameboy-licensed-classics-reviewed-overviews.csv,gameboy,gbc-army-men,,currentOverview is stale; rerun with --force after re-reviewing this row,"Refresh currentOverview from live game data, re-read the reviewed copy beside the current record, then import with --force only after confirming the row is still accurate."
gameboy-tcg-rpg-collector-reviewed-overviews.json,data/games/reviewed-overview-imports/gameboy-tcg-rpg-collector-reviewed-overviews.csv,gameboy,gbc-pokemon-card-gb2-great-rocket-dan-sanjo,,currentOverview is stale; rerun with --force after re-reviewing this row,"Refresh currentOverview from live game data, re-read the reviewed copy beside the current record, then import with --force only after confirming the row is still accurate."
gameboy-tcg-rpg-collector-reviewed-overviews.json,data/games/reviewed-overview-imports/gameboy-tcg-rpg-collector-reviewed-overviews.csv,gameboy,gb-yu-gi-oh-duel-monsters,,currentOverview is stale; rerun with --force after re-reviewing this row,"Refresh currentOverview from live game data, re-read the reviewed copy beside the current record, then import with --force only after confirming the row is still accurate."
gameboy-tcg-rpg-collector-reviewed-overviews.json,data/games/reviewed-overview-imports/gameboy-tcg-rpg-collector-reviewed-overviews.csv,gameboy,gbc-yu-gi-oh-duel-monsters-4-battle-of-great-duelists-yugi-deck,,currentOverview is stale; rerun with --force after re-reviewing this row,"Refresh currentOverview from live game data, re-read the reviewed copy beside the current record, then import with --force only after confirming the row is still accurate."
gameboy-tcg-rpg-collector-reviewed-overviews.json,data/games/reviewed-overview-imports/gameboy-tcg-rpg-collector-reviewed-overviews.csv,gameboy,gbc-yu-gi-oh-duel-monsters-4-battle-of-great-duelists-kaiba-deck,,currentOverview is stale; rerun with --force after re-reviewing this row,"Refresh currentOverview from live game data, re-read the reviewed copy beside the current record, then import with --force only after confirming the row is still accurate."
gameboy-tcg-rpg-collector-reviewed-overviews.json,data/games/reviewed-overview-imports/gameboy-tcg-rpg-collector-reviewed-overviews.csv,gameboy,gbc-yu-gi-oh-monster-capsule-gb,,currentOverview is stale; rerun with --force after re-reviewing this row,"Refresh currentOverview from live game data, re-read the reviewed copy beside the current record, then import with --force only after confirming the row is still accurate."
gameboy-tcg-rpg-collector-reviewed-overviews.json,data/games/reviewed-overview-imports/gameboy-tcg-rpg-collector-reviewed-overviews.csv,gameboy,gbc-dragon-warrior-monsters-2-cobi-s-journey,,currentOverview is stale; rerun with --force after re-reviewing this row,"Refresh currentOverview from live game data, re-read the reviewed copy beside the current record, then import with --force only after confirming the row is still accurate."
gameboy-tcg-rpg-collector-reviewed-overviews.json,data/games/reviewed-overview-imports/gameboy-tcg-rpg-collector-reviewed-overviews.csv,gameboy,gbc-dragon-warrior-i-and-ii,,currentOverview is stale; rerun with --force after re-reviewing this row,"Refresh currentOverview from live game data, re-read the reviewed copy beside the current record, then import with --force only after confirming the row is still accurate."
gameboy-tcg-rpg-collector-reviewed-overviews.json,data/games/reviewed-overview-imports/gameboy-tcg-rpg-collector-reviewed-overviews.csv,gameboy,gb-wario-land-ii,,currentOverview is stale; rerun with --force after re-reviewing this row,"Refresh currentOverview from live game data, re-read the reviewed copy beside the current record, then import with --force only after confirming the row is still accurate."
gameboy-tcg-rpg-collector-reviewed-overviews.json,data/games/reviewed-overview-imports/gameboy-tcg-rpg-collector-reviewed-overviews.csv,gameboy,gb-mega-man-v,,currentOverview is stale; rerun with --force after re-reviewing this row,"Refresh currentOverview from live game data, re-read the reviewed copy beside the current record, then import with --force only after confirming the row is still accurate."
gameboy-tcg-rpg-collector-reviewed-overviews.json,data/games/reviewed-overview-imports/gameboy-tcg-rpg-collector-reviewed-overviews.csv,gameboy,gb-mario-s-picross,,currentOverview is stale; rerun with --force after re-reviewing this row,"Refresh currentOverview from live game data, re-read the reviewed copy beside the current record, then import with --force only after confirming the row is still accurate."
gba-franchise-arcade-collector-reviewed-overviews-3.json,data/games/reviewed-overview-imports/gba-franchise-arcade-collector-reviewed-overviews-3.csv,gba,gba-bomberman-max-2-red-advance,,currentOverview is stale; rerun with --force after re-reviewing this row,"Refresh currentOverview from live game data, re-read the reviewed copy beside the current record, then import with --force only after confirming the row is still accurate."
gba-franchise-collector-reviewed-overviews-2.json,data/games/reviewed-overview-imports/gba-franchise-collector-reviewed-overviews-2.csv,gba,gba-beyblade-vforce-ultimate-blader-jam,,currentOverview is stale; rerun with --force after re-reviewing this row,"Refresh currentOverview from live game data, re-read the reviewed copy beside the current record, then import with --force only after confirming the row is still accurate."
gba-franchise-collector-reviewed-overviews-2.json,data/games/reviewed-overview-imports/gba-franchise-collector-reviewed-overviews-2.csv,gba,gba-from-tv-animation-one-piece-nanatsu-jima-no-dai-hiho,,currentOverview is stale; rerun with --force after re-reviewing this row,"Refresh currentOverview from live game data, re-read the reviewed copy beside the current record, then import with --force only after confirming the row is still accurate."
gba-franchise-collector-reviewed-overviews-2.json,data/games/reviewed-overview-imports/gba-franchise-collector-reviewed-overviews-2.csv,gba,gba-mobile-suit-gundam-seed-battle-assault,,currentOverview is stale; rerun with --force after re-reviewing this row,"Refresh currentOverview from live game data, re-read the reviewed copy beside the current record, then import with --force only after confirming the row is still accurate."
gba-franchise-collector-reviewed-overviews-2.json,data/games/reviewed-overview-imports/gba-franchise-collector-reviewed-overviews-2.csv,gba,gba-sd-gundam-g-generation-advance,,currentOverview is stale; rerun with --force after re-reviewing this row,"Refresh currentOverview from live game data, re-read the reviewed copy beside the current record, then import with --force only after confirming the row is still accurate."
gba-franchise-collector-reviewed-overviews-2.json,data/games/reviewed-overview-imports/gba-franchise-collector-reviewed-overviews-2.csv,gba,gba-naruto-ninja-council,,currentOverview is stale; rerun with --force after re-reviewing this row,"Refresh currentOverview from live game data, re-read the reviewed copy beside the current record, then import with --force only after confirming the row is still accurate."
gba-franchise-handheld-collector-reviewed-overviews-4.json,data/games/reviewed-overview-imports/gba-franchise-handheld-collector-reviewed-overviews-4.csv,gba,gba-duel-masters-kaijudo-showdown,,currentOverview is stale; rerun with --force after re-reviewing this row,"Refresh currentOverview from live game data, re-read the reviewed copy beside the current record, then import with --force only after confirming the row is still accurate."
gba-priority-overviews-2-2026-09-06.json,data/games/reviewed-overview-imports/gba-priority-overviews-2-2026-09-06.csv,gba,gba-animaniacs-lights-camera-action,,"newOverview is too short, template-like, or contains internal editorial language",Rewrite newOverview with specific player-facing detail and remove template/internal language before re-running the dry-run importer.
gba-recognizable-licensed-reviewed-overviews.json,data/games/reviewed-overview-imports/gba-recognizable-licensed-reviewed-overviews.csv,gba,gba-classic-nes-series-dr-mario,,currentOverview is stale; rerun with --force after re-reviewing this row,"Refresh currentOverview from live game data, re-read the reviewed copy beside the current record, then import with --force only after confirming the row is still accurate."
gba-recognizable-licensed-reviewed-overviews.json,data/games/reviewed-overview-imports/gba-recognizable-licensed-reviewed-overviews.csv,gba,gba-dr-mario-and-puzzle-league,,currentOverview is stale; rerun with --force after re-reviewing this row,"Refresh currentOverview from live game data, re-read the reviewed copy beside the current record, then import with --force only after confirming the row is still accurate."
gba-recognizable-licensed-reviewed-overviews.json,data/games/reviewed-overview-imports/gba-recognizable-licensed-reviewed-overviews.csv,gba,gba-mega-man-battle-network,,currentOverview is stale; rerun with --force after re-reviewing this row,"Refresh currentOverview from live game data, re-read the reviewed copy beside the current record, then import with --force only after confirming the row is still accurate."
gba-recognizable-licensed-reviewed-overviews.json,data/games/reviewed-overview-imports/gba-recognizable-licensed-reviewed-overviews.csv,gba,gba-mega-man-battle-network-3-white,,currentOverview is stale; rerun with --force after re-reviewing this row,"Refresh currentOverview from live game data, re-read the reviewed copy beside the current record, then import with --force only after confirming the row is still accurate."
gba-recognizable-licensed-reviewed-overviews.json,data/games/reviewed-overview-imports/gba-recognizable-licensed-reviewed-overviews.csv,gba,gba-mega-man-zero-3,,currentOverview is stale; rerun with --force after re-reviewing this row,"Refresh currentOverview from live game data, re-read the reviewed copy beside the current record, then import with --force only after confirming the row is still accurate."
gba-recognizable-licensed-reviewed-overviews.json,data/games/reviewed-overview-imports/gba-recognizable-licensed-reviewed-overviews.csv,gba,gba-dragon-ball-z-supersonic-warriors,,currentOverview is stale; rerun with --force after re-reviewing this row,"Refresh currentOverview from live game data, re-read the reviewed copy beside the current record, then import with --force only after confirming the row is still accurate."
gba-recognizable-licensed-reviewed-overviews.json,data/games/reviewed-overview-imports/gba-recognizable-licensed-reviewed-overviews.csv,gba,gba-dragon-ball-z-the-legacy-of-goku,,currentOverview is stale; rerun with --force after re-reviewing this row,"Refresh currentOverview from live game data, re-read the reviewed copy beside the current record, then import with --force only after confirming the row is still accurate."
gba-recognizable-licensed-reviewed-overviews.json,data/games/reviewed-overview-imports/gba-recognizable-licensed-reviewed-overviews.csv,gba,gba-yu-gi-oh-gx-duel-academy,,currentOverview is stale; rerun with --force after re-reviewing this row,"Refresh currentOverview from live game data, re-read the reviewed copy beside the current record, then import with --force only after confirming the row is still accurate."
gba-recognizable-licensed-reviewed-overviews.json,data/games/reviewed-overview-imports/gba-recognizable-licensed-reviewed-overviews.csv,gba,gba-yu-gi-oh-reshef-of-destruction,,currentOverview is stale; rerun with --force after re-reviewing this row,"Refresh currentOverview from live game data, re-read the reviewed copy beside the current record, then import with --force only after confirming the row is still accurate."
gba-recognizable-licensed-reviewed-overviews.json,data/games/reviewed-overview-imports/gba-recognizable-licensed-reviewed-overviews.csv,gba,gba-yu-gi-oh-worldwide-edition-stairway-to-the-destined-duel,,currentOverview is stale; rerun with --force after re-reviewing this row,"Refresh currentOverview from live game data, re-read the reviewed copy beside the current record, then import with --force only after confirming the row is still accurate."
gba-tcg-rpg-collector-reviewed-overviews.json,data/games/reviewed-overview-imports/gba-tcg-rpg-collector-reviewed-overviews.csv,gba,gba-yu-gi-oh-ultimate-masters-world-championship-tournament-2006,,currentOverview is stale; rerun with --force after re-reviewing this row,"Refresh currentOverview from live game data, re-read the reviewed copy beside the current record, then import with --force only after confirming the row is still accurate."
gba-tcg-rpg-collector-reviewed-overviews.json,data/games/reviewed-overview-imports/gba-tcg-rpg-collector-reviewed-overviews.csv,gba,gba-yu-gi-oh-destiny-board-traveler,,currentOverview is stale; rerun with --force after re-reviewing this row,"Refresh currentOverview from live game data, re-read the reviewed copy beside the current record, then import with --force only after confirming the row is still accurate."
gba-tcg-rpg-collector-reviewed-overviews.json,data/games/reviewed-overview-imports/gba-tcg-rpg-collector-reviewed-overviews.csv,gba,gba-mega-man-battle-network-4-blue-moon,,currentOverview is stale; rerun with --force after re-reviewing this row,"Refresh currentOverview from live game data, re-read the reviewed copy beside the current record, then import with --force only after confirming the row is still accurate."
gba-tcg-rpg-collector-reviewed-overviews.json,data/games/reviewed-overview-imports/gba-tcg-rpg-collector-reviewed-overviews.csv,gba,gba-mega-man-battle-network-5-team-colonel,,currentOverview is stale; rerun with --force after re-reviewing this row,"Refresh currentOverview from live game data, re-read the reviewed copy beside the current record, then import with --force only after confirming the row is still accurate."
gba-tcg-rpg-collector-reviewed-overviews.json,data/games/reviewed-overview-imports/gba-tcg-rpg-collector-reviewed-overviews.csv,gba,gba-mega-man-battle-network-5-team-protoman,,currentOverview is stale; rerun with --force after re-reviewing this row,"Refresh currentOverview from live game data, re-read the reviewed copy beside the current record, then import with --force only after confirming the row is still accurate."
gba-tcg-rpg-collector-reviewed-overviews.json,data/games/reviewed-overview-imports/gba-tcg-rpg-collector-reviewed-overviews.csv,gba,gba-mega-man-battle-network-6-cybeast-falzar,,currentOverview is stale; rerun with --force after re-reviewing this row,"Refresh currentOverview from live game data, re-read the reviewed copy beside the current record, then import with --force only after confirming the row is still accurate."
gba-tcg-rpg-collector-reviewed-overviews.json,data/games/reviewed-overview-imports/gba-tcg-rpg-collector-reviewed-overviews.csv,gba,gba-mega-man-battle-network-6-cybeast-gregar,,currentOverview is stale; rerun with --force after re-reviewing this row,"Refresh currentOverview from live game data, re-read the reviewed copy beside the current record, then import with --force only after confirming the row is still accurate."
gba-tcg-rpg-collector-reviewed-overviews.json,data/games/reviewed-overview-imports/gba-tcg-rpg-collector-reviewed-overviews.csv,gba,gba-harvest-moon-friends-of-mineral-town,,currentOverview is stale; rerun with --force after re-reviewing this row,"Refresh currentOverview from live game data, re-read the reviewed copy beside the current record, then import with --force only after confirming the row is still accurate."
gba-tcg-rpg-collector-reviewed-overviews.json,data/games/reviewed-overview-imports/gba-tcg-rpg-collector-reviewed-overviews.csv,gba,gba-harvest-moon-more-friends-of-mineral-town,,currentOverview is stale; rerun with --force after re-reviewing this row,"Refresh currentOverview from live game data, re-read the reviewed copy beside the current record, then import with --force only after confirming the row is still accurate."
ps1-active-queue-reviewed-overviews-2026-08-23-b.json,data/games/reviewed-overview-imports/ps1-active-queue-reviewed-overviews-2026-08-23-b.csv,ps1,ps1-b-senjou-no-alice-alice-on-borderlines,,currentOverview is stale; rerun with --force after re-reviewing this row,"Refresh currentOverview from live game data, re-read the reviewed copy beside the current record, then import with --force only after confirming the row is still accurate."
ps1-active-queue-reviewed-overviews-2026-08-23-b.json,data/games/reviewed-overview-imports/ps1-active-queue-reviewed-overviews-2026-08-23-b.csv,ps1,ps1-barbapapa,,currentOverview is stale; rerun with --force after re-reviewing this row,"Refresh currentOverview from live game data, re-read the reviewed copy beside the current record, then import with --force only after confirming the row is still accurate."
ps1-active-queue-reviewed-overviews-2026-08-23-c.json,data/games/reviewed-overview-imports/ps1-active-queue-reviewed-overviews-2026-08-23-c.csv,ps1,ps1-battle-athletess-daiundoukai-alternative,,currentOverview is stale; rerun with --force after re-reviewing this row,"Refresh currentOverview from live game data, re-read the reviewed copy beside the current record, then import with --force only after confirming the row is still accurate."
ps1-active-queue-reviewed-overviews-2026-08-23-d.json,data/games/reviewed-overview-imports/ps1-active-queue-reviewed-overviews-2026-08-23-d.csv,ps1,ps1-beatmania-append-3rd-mix,,currentOverview is stale; rerun with --force after re-reviewing this row,"Refresh currentOverview from live game data, re-read the reviewed copy beside the current record, then import with --force only after confirming the row is still accurate."
ps1-active-queue-reviewed-overviews-2026-08-23-e.json,data/games/reviewed-overview-imports/ps1-active-queue-reviewed-overviews-2026-08-23-e.csv,ps1,ps1-beatmania-featuring-dreams-come-true,,currentOverview is stale; rerun with --force after re-reviewing this row,"Refresh currentOverview from live game data, re-read the reviewed copy beside the current record, then import with --force only after confirming the row is still accurate."
ps1-active-queue-reviewed-overviews-2026-08-23-e.json,data/games/reviewed-overview-imports/ps1-active-queue-reviewed-overviews-2026-08-23-e.csv,ps1,ps1-black-jack-vs-matsuda-jun,,currentOverview is stale; rerun with --force after re-reviewing this row,"Refresh currentOverview from live game data, re-read the reviewed copy beside the current record, then import with --force only after confirming the row is still accurate."
ps1-active-queue-reviewed-overviews-2026-08-23.json,data/games/reviewed-overview-imports/ps1-active-queue-reviewed-overviews-2026-08-23.csv,ps1,ps1-aura-battler-dunbine,,currentOverview is stale; rerun with --force after re-reviewing this row,"Refresh currentOverview from live game data, re-read the reviewed copy beside the current record, then import with --force only after confirming the row is still accurate."
ps1-anime-education-strategy-reviewed-overviews-8.json,data/games/reviewed-overview-imports/ps1-anime-education-strategy-reviewed-overviews-8.csv,ps1,ps1-captain-tsubasa-aratanaru-densetsu-joshou,,currentOverview is stale; rerun with --force after re-reviewing this row,"Refresh currentOverview from live game data, re-read the reviewed copy beside the current record, then import with --force only after confirming the row is still accurate."
ps1-anime-education-strategy-reviewed-overviews-8.json,data/games/reviewed-overview-imports/ps1-anime-education-strategy-reviewed-overviews-8.csv,ps1,ps1-animetic-story-game-1-cardcaptor-sakura,,currentOverview is stale; rerun with --force after re-reviewing this row,"Refresh currentOverview from live game data, re-read the reviewed copy beside the current record, then import with --force only after confirming the row is still accurate."
ps1-anime-education-strategy-reviewed-overviews-8.json,data/games/reviewed-overview-imports/ps1-anime-education-strategy-reviewed-overviews-8.csv,ps1,ps1-cardcaptor-sakura-clow-card-magic,,currentOverview is stale; rerun with --force after re-reviewing this row,"Refresh currentOverview from live game data, re-read the reviewed copy beside the current record, then import with --force only after confirming the row is still accurate."
ps1-anime-education-strategy-reviewed-overviews-8.json,data/games/reviewed-overview-imports/ps1-anime-education-strategy-reviewed-overviews-8.csv,ps1,ps1-tetris-with-cardcaptor-sakura-eternal-heart,,currentOverview is stale; rerun with --force after re-reviewing this row,"Refresh currentOverview from live game data, re-read the reviewed copy beside the current record, then import with --force only after confirming the row is still accurate."
ps1-anime-education-strategy-reviewed-overviews-8.json,data/games/reviewed-overview-imports/ps1-anime-education-strategy-reviewed-overviews-8.csv,ps1,ps1-momotarou-dentetsu-7,,currentOverview is stale; rerun with --force after re-reviewing this row,"Refresh currentOverview from live game data, re-read the reviewed copy beside the current record, then import with --force only after confirming the row is still accurate."
ps1-anime-education-strategy-reviewed-overviews-8.json,data/games/reviewed-overview-imports/ps1-anime-education-strategy-reviewed-overviews-8.csv,ps1,ps1-momotarou-dentetsu-v,,currentOverview is stale; rerun with --force after re-reviewing this row,"Refresh currentOverview from live game data, re-read the reviewed copy beside the current record, then import with --force only after confirming the row is still accurate."
ps1-anime-education-strategy-reviewed-overviews-8.json,data/games/reviewed-overview-imports/ps1-anime-education-strategy-reviewed-overviews-8.csv,ps1,ps1-rayman-junior-english,,currentOverview is stale; rerun with --force after re-reviewing this row,"Refresh currentOverview from live game data, re-read the reviewed copy beside the current record, then import with --force only after confirming the row is still accurate."
ps1-anime-education-strategy-reviewed-overviews-8.json,data/games/reviewed-overview-imports/ps1-anime-education-strategy-reviewed-overviews-8.csv,ps1,ps1-rayman-junior-level-1,,currentOverview is stale; rerun with --force after re-reviewing this row,"Refresh currentOverview from live game data, re-read the reviewed copy beside the current record, then import with --force only after confirming the row is still accurate."
ps1-anime-education-strategy-reviewed-overviews-8.json,data/games/reviewed-overview-imports/ps1-anime-education-strategy-reviewed-overviews-8.csv,ps1,ps1-rockman-4,,currentOverview is stale; rerun with --force after re-reviewing this row,"Refresh currentOverview from live game data, re-read the reviewed copy beside the current record, then import with --force only after confirming the row is still accurate."
ps1-anime-education-strategy-reviewed-overviews-8.json,data/games/reviewed-overview-imports/ps1-anime-education-strategy-reviewed-overviews-8.csv,ps1,ps1-rockman-5,,currentOverview is stale; rerun with --force after re-reviewing this row,"Refresh currentOverview from live game data, re-read the reviewed copy beside the current record, then import with --force only after confirming the row is still accurate."
ps1-anime-education-strategy-reviewed-overviews-8.json,data/games/reviewed-overview-imports/ps1-anime-education-strategy-reviewed-overviews-8.csv,ps1,ps1-super-robot-wars-f,,currentOverview is stale; rerun with --force after re-reviewing this row,"Refresh currentOverview from live game data, re-read the reviewed copy beside the current record, then import with --force only after confirming the row is still accurate."
ps1-anime-education-strategy-reviewed-overviews-8.json,data/games/reviewed-overview-imports/ps1-anime-education-strategy-reviewed-overviews-8.csv,ps1,ps1-super-robot-wars-f-final,,currentOverview is stale; rerun with --force after re-reviewing this row,"Refresh currentOverview from live game data, re-read the reviewed copy beside the current record, then import with --force only after confirming the row is still accurate."
ps1-anime-licensed-reviewed-overviews.json,data/games/reviewed-overview-imports/ps1-anime-licensed-reviewed-overviews.csv,ps1,ps1-beyblade-let-it-rip,,currentOverview is stale; rerun with --force after re-reviewing this row,"Refresh currentOverview from live game data, re-read the reviewed copy beside the current record, then import with --force only after confirming the row is still accurate."
ps1-anime-licensed-reviewed-overviews.json,data/games/reviewed-overview-imports/ps1-anime-licensed-reviewed-overviews.csv,ps1,ps1-bakuten-shoot-beyblade-2002-beybattle-tournament-2,,currentOverview is stale; rerun with --force after re-reviewing this row,"Refresh currentOverview from live game data, re-read the reviewed copy beside the current record, then import with --force only after confirming the row is still accurate."
ps1-anime-licensed-reviewed-overviews.json,data/games/reviewed-overview-imports/ps1-anime-licensed-reviewed-overviews.csv,ps1,ps1-bishoujo-senshi-sailor-moon-supers-shin-shuyaku-soudatsusen,,currentOverview is stale; rerun with --force after re-reviewing this row,"Refresh currentOverview from live game data, re-read the reviewed copy beside the current record, then import with --force only after confirming the row is still accurate."
ps1-anime-licensed-reviewed-overviews.json,data/games/reviewed-overview-imports/ps1-anime-licensed-reviewed-overviews.csv,ps1,ps1-gundam-the-battle-master,,currentOverview is stale; rerun with --force after re-reviewing this row,"Refresh currentOverview from live game data, re-read the reviewed copy beside the current record, then import with --force only after confirming the row is still accurate."
ps1-anime-licensed-reviewed-overviews.json,data/games/reviewed-overview-imports/ps1-anime-licensed-reviewed-overviews.csv,ps1,ps1-kidou-butouden-g-gundam-the-battle,,currentOverview is stale; rerun with --force after re-reviewing this row,"Refresh currentOverview from live game data, re-read the reviewed copy beside the current record, then import with --force only after confirming the row is still accurate."
ps1-anime-licensed-reviewed-overviews.json,data/games/reviewed-overview-imports/ps1-anime-licensed-reviewed-overviews.csv,ps1,ps1-kidou-senki-gundam-w-the-battle,,currentOverview is stale; rerun with --force after re-reviewing this row,"Refresh currentOverview from live game data, re-read the reviewed copy beside the current record, then import with --force only after confirming the row is still accurate."
ps1-anime-licensed-reviewed-overviews.json,data/games/reviewed-overview-imports/ps1-anime-licensed-reviewed-overviews.csv,ps1,ps1-macross-digital-mission-vf-x,,currentOverview is stale; rerun with --force after re-reviewing this row,"Refresh currentOverview from live game data, re-read the reviewed copy beside the current record, then import with --force only after confirming the row is still accurate."
ps1-anime-licensed-reviewed-overviews.json,data/games/reviewed-overview-imports/ps1-anime-licensed-reviewed-overviews.csv,ps1,ps1-macross-plus-game-edition,,currentOverview is stale; rerun with --force after re-reviewing this row,"Refresh currentOverview from live game data, re-read the reviewed copy beside the current record, then import with --force only after confirming the row is still accurate."
ps1-anime-licensed-reviewed-overviews.json,data/games/reviewed-overview-imports/ps1-anime-licensed-reviewed-overviews.csv,ps1,ps1-macross-vf-x-2,,currentOverview is stale; rerun with --force after re-reviewing this row,"Refresh currentOverview from live game data, re-read the reviewed copy beside the current record, then import with --force only after confirming the row is still accurate."
ps1-anime-licensed-reviewed-overviews.json,data/games/reviewed-overview-imports/ps1-anime-licensed-reviewed-overviews.csv,ps1,ps1-medarot-r,,currentOverview is stale; rerun with --force after re-reviewing this row,"Refresh currentOverview from live game data, re-read the reviewed copy beside the current record, then import with --force only after confirming the row is still accurate."
ps1-anime-licensed-reviewed-overviews.json,data/games/reviewed-overview-imports/ps1-anime-licensed-reviewed-overviews.csv,ps1,ps1-street-fighter-collection-2,,currentOverview is stale; rerun with --force after re-reviewing this row,"Refresh currentOverview from live game data, re-read the reviewed copy beside the current record, then import with --force only after confirming the row is still accurate."
ps1-franchise-import-collector-reviewed-overviews-2.json,data/games/reviewed-overview-imports/ps1-franchise-import-collector-reviewed-overviews-2.csv,ps1,ps1-digimon-tamers-pocket-culumon,,currentOverview is stale; rerun with --force after re-reviewing this row,"Refresh currentOverview from live game data, re-read the reviewed copy beside the current record, then import with --force only after confirming the row is still accurate."
ps1-franchise-import-collector-reviewed-overviews-2.json,data/games/reviewed-overview-imports/ps1-franchise-import-collector-reviewed-overviews-2.csv,ps1,ps1-disney-s-learning-with-mickey,,currentOverview is stale; rerun with --force after re-reviewing this row,"Refresh currentOverview from live game data, re-read the reviewed copy beside the current record, then import with --force only after confirming the row is still accurate."
ps1-franchise-import-collector-reviewed-overviews-2.json,data/games/reviewed-overview-imports/ps1-franchise-import-collector-reviewed-overviews-2.csv,ps1,ps1-disney-s-story-studio-mulan,,currentOverview is stale; rerun with --force after re-reviewing this row,"Refresh currentOverview from live game data, re-read the reviewed copy beside the current record, then import with --force only after confirming the row is still accurate."
ps1-franchise-import-collector-reviewed-overviews-2.json,data/games/reviewed-overview-imports/ps1-franchise-import-collector-reviewed-overviews-2.csv,ps1,ps1-disney-s-the-little-mermaid-ii,,currentOverview is stale; rerun with --force after re-reviewing this row,"Refresh currentOverview from live game data, re-read the reviewed copy beside the current record, then import with --force only after confirming the row is still accurate."
ps1-franchise-import-collector-reviewed-overviews-2.json,data/games/reviewed-overview-imports/ps1-franchise-import-collector-reviewed-overviews-2.csv,ps1,ps1-dragon-quest-monsters-1-and-2,,currentOverview is stale; rerun with --force after re-reviewing this row,"Refresh currentOverview from live game data, re-read the reviewed copy beside the current record, then import with --force only after confirming the row is still accurate."
ps1-franchise-import-collector-reviewed-overviews-2.json,data/games/reviewed-overview-imports/ps1-franchise-import-collector-reviewed-overviews-2.csv,ps1,ps1-men-in-black-the-series-crashdown,,currentOverview is stale; rerun with --force after re-reviewing this row,"Refresh currentOverview from live game data, re-read the reviewed copy beside the current record, then import with --force only after confirming the row is still accurate."
ps1-franchise-import-collector-reviewed-overviews-2.json,data/games/reviewed-overview-imports/ps1-franchise-import-collector-reviewed-overviews-2.csv,ps1,ps1-pocket-digimon-world-cool-and-nature-battle-disc,,currentOverview is stale; rerun with --force after re-reviewing this row,"Refresh currentOverview from live game data, re-read the reviewed copy beside the current record, then import with --force only after confirming the row is still accurate."
ps1-franchise-import-collector-reviewed-overviews-2.json,data/games/reviewed-overview-imports/ps1-franchise-import-collector-reviewed-overviews-2.csv,ps1,ps1-pocket-digimon-world-wind-battle-disc,,currentOverview is stale; rerun with --force after re-reviewing this row,"Refresh currentOverview from live game data, re-read the reviewed copy beside the current record, then import with --force only after confirming the row is still accurate."
ps1-franchise-import-collector-reviewed-overviews-2.json,data/games/reviewed-overview-imports/ps1-franchise-import-collector-reviewed-overviews-2.csv,ps1,ps1-suikoden-tendou-108-sei,,currentOverview is stale; rerun with --force after re-reviewing this row,"Refresh currentOverview from live game data, re-read the reviewed copy beside the current record, then import with --force only after confirming the row is still accurate."
ps1-franchise-import-collector-reviewed-overviews-2.json,data/games/reviewed-overview-imports/ps1-franchise-import-collector-reviewed-overviews-2.csv,ps1,ps1-lunar-wing-toki-o-koeta-seisen,,currentOverview is stale; rerun with --force after re-reviewing this row,"Refresh currentOverview from live game data, re-read the reviewed copy beside the current record, then import with --force only after confirming the row is still accurate."
ps1-franchise-import-collector-reviewed-overviews-6.json,data/games/reviewed-overview-imports/ps1-franchise-import-collector-reviewed-overviews-6.csv,ps1,ps1-kidou-senshi-gundam-version-2-0,,currentOverview is stale; rerun with --force after re-reviewing this row,"Refresh currentOverview from live game data, re-read the reviewed copy beside the current record, then import with --force only after confirming the row is still accurate."
ps1-franchise-import-collector-reviewed-overviews-6.json,data/games/reviewed-overview-imports/ps1-franchise-import-collector-reviewed-overviews-6.csv,ps1,ps1-kidou-senshi-gundam-giren-no-yabou-zeon-no-keifu,,currentOverview is stale; rerun with --force after re-reviewing this row,"Refresh currentOverview from live game data, re-read the reviewed copy beside the current record, then import with --force only after confirming the row is still accurate."
ps1-franchise-import-collector-reviewed-overviews-6.json,data/games/reviewed-overview-imports/ps1-franchise-import-collector-reviewed-overviews-6.csv,ps1,ps1-kidou-senshi-gundam-the-gunjin-shogi,,currentOverview is stale; rerun with --force after re-reviewing this row,"Refresh currentOverview from live game data, re-read the reviewed copy beside the current record, then import with --force only after confirming the row is still accurate."
ps1-franchise-import-collector-reviewed-overviews-6.json,data/games/reviewed-overview-imports/ps1-franchise-import-collector-reviewed-overviews-6.csv,ps1,ps1-mobile-suit-gundam-perfect-one-year-war,,currentOverview is stale; rerun with --force after re-reviewing this row,"Refresh currentOverview from live game data, re-read the reviewed copy beside the current record, then import with --force only after confirming the row is still accurate."
ps1-franchise-import-collector-reviewed-overviews-6.json,data/games/reviewed-overview-imports/ps1-franchise-import-collector-reviewed-overviews-6.csv,ps1,ps1-kamen-rider,,currentOverview is stale; rerun with --force after re-reviewing this row,"Refresh currentOverview from live game data, re-read the reviewed copy beside the current record, then import with --force only after confirming the row is still accurate."
ps1-franchise-import-collector-reviewed-overviews-6.json,data/games/reviewed-overview-imports/ps1-franchise-import-collector-reviewed-overviews-6.csv,ps1,ps1-kamen-rider-agito,,currentOverview is stale; rerun with --force after re-reviewing this row,"Refresh currentOverview from live game data, re-read the reviewed copy beside the current record, then import with --force only after confirming the row is still accurate."
ps1-franchise-import-collector-reviewed-overviews-6.json,data/games/reviewed-overview-imports/ps1-franchise-import-collector-reviewed-overviews-6.csv,ps1,ps1-kamen-rider-heroes,,currentOverview is stale; rerun with --force after re-reviewing this row,"Refresh currentOverview from live game data, re-read the reviewed copy beside the current record, then import with --force only after confirming the row is still accurate."
ps1-franchise-import-collector-reviewed-overviews-6.json,data/games/reviewed-overview-imports/ps1-franchise-import-collector-reviewed-overviews-6.csv,ps1,ps1-dai-3-ji-super-robot-taisen,,currentOverview is stale; rerun with --force after re-reviewing this row,"Refresh currentOverview from live game data, re-read the reviewed copy beside the current record, then import with --force only after confirming the row is still accurate."
ps1-franchise-import-collector-reviewed-overviews-6.json,data/games/reviewed-overview-imports/ps1-franchise-import-collector-reviewed-overviews-6.csv,ps1,ps1-dai-4-ji-super-robot-taisen-s,,currentOverview is stale; rerun with --force after re-reviewing this row,"Refresh currentOverview from live game data, re-read the reviewed copy beside the current record, then import with --force only after confirming the row is still accurate."
ps1-franchise-import-collector-reviewed-overviews-6.json,data/games/reviewed-overview-imports/ps1-franchise-import-collector-reviewed-overviews-6.csv,ps1,ps1-shin-super-robot-taisen,,currentOverview is stale; rerun with --force after re-reviewing this row,"Refresh currentOverview from live game data, re-read the reviewed copy beside the current record, then import with --force only after confirming the row is still accurate."
ps1-franchise-import-collector-reviewed-overviews-6.json,data/games/reviewed-overview-imports/ps1-franchise-import-collector-reviewed-overviews-6.csv,ps1,ps1-bust-a-move-3-dx,,currentOverview is stale; rerun with --force after re-reviewing this row,"Refresh currentOverview from live game data, re-read the reviewed copy beside the current record, then import with --force only after confirming the row is still accurate."
ps1-franchise-puzzle-anime-reviewed-overviews-7.json,data/games/reviewed-overview-imports/ps1-franchise-puzzle-anime-reviewed-overviews-7.csv,ps1,ps1-mini-yonku-mini-4wd-bakusou-kyoudai-let-s-and-go-wgp-hyper-heat,,currentOverview is stale; rerun with --force after re-reviewing this row,"Refresh currentOverview from live game data, re-read the reviewed copy beside the current record, then import with --force only after confirming the row is still accurate."
ps1-franchise-puzzle-anime-reviewed-overviews-7.json,data/games/reviewed-overview-imports/ps1-franchise-puzzle-anime-reviewed-overviews-7.csv,ps1,ps1-bakusou-kyoudai-let-s-and-go-eternal-wings,,currentOverview is stale; rerun with --force after re-reviewing this row,"Refresh currentOverview from live game data, re-read the reviewed copy beside the current record, then import with --force only after confirming the row is still accurate."
ps1-franchise-puzzle-anime-reviewed-overviews-7.json,data/games/reviewed-overview-imports/ps1-franchise-puzzle-anime-reviewed-overviews-7.csv,ps1,ps1-chocobo-stallion,,currentOverview is stale; rerun with --force after re-reviewing this row,"Refresh currentOverview from live game data, re-read the reviewed copy beside the current record, then import with --force only after confirming the row is still accurate."
ps1-franchise-puzzle-anime-reviewed-overviews-7.json,data/games/reviewed-overview-imports/ps1-franchise-puzzle-anime-reviewed-overviews-7.csv,ps1,ps1-mobile-suit-z-gundam,,currentOverview is stale; rerun with --force after re-reviewing this row,"Refresh currentOverview from live game data, re-read the reviewed copy beside the current record, then import with --force only after confirming the row is still accurate."
ps1-franchise-puzzle-anime-reviewed-overviews-7.json,data/games/reviewed-overview-imports/ps1-franchise-puzzle-anime-reviewed-overviews-7.csv,ps1,ps1-sd-gundam-g-generation-zero,,currentOverview is stale; rerun with --force after re-reviewing this row,"Refresh currentOverview from live game data, re-read the reviewed copy beside the current record, then import with --force only after confirming the row is still accurate."
ps1-franchise-puzzle-anime-reviewed-overviews-7.json,data/games/reviewed-overview-imports/ps1-franchise-puzzle-anime-reviewed-overviews-7.csv,ps1,ps1-sd-gundam-g-generation-f,,currentOverview is stale; rerun with --force after re-reviewing this row,"Refresh currentOverview from live game data, re-read the reviewed copy beside the current record, then import with --force only after confirming the row is still accurate."
ps1-franchise-puzzle-anime-reviewed-overviews-7.json,data/games/reviewed-overview-imports/ps1-franchise-puzzle-anime-reviewed-overviews-7.csv,ps1,ps1-hello-kitty-bowling,,currentOverview is stale; rerun with --force after re-reviewing this row,"Refresh currentOverview from live game data, re-read the reviewed copy beside the current record, then import with --force only after confirming the row is still accurate."
ps1-franchise-puzzle-anime-reviewed-overviews-7.json,data/games/reviewed-overview-imports/ps1-franchise-puzzle-anime-reviewed-overviews-7.csv,ps1,ps1-hunter-x-hunter-maboroshi-no-greed-island,,currentOverview is stale; rerun with --force after re-reviewing this row,"Refresh currentOverview from live game data, re-read the reviewed copy beside the current record, then import with --force only after confirming the row is still accurate."
ps1-franchise-puzzle-anime-reviewed-overviews-7.json,data/games/reviewed-overview-imports/ps1-franchise-puzzle-anime-reviewed-overviews-7.csv,ps1,ps1-hunter-x-hunter-ubawareta-aura-stone,,currentOverview is stale; rerun with --force after re-reviewing this row,"Refresh currentOverview from live game data, re-read the reviewed copy beside the current record, then import with --force only after confirming the row is still accurate."
ps1-franchise-puzzle-anime-reviewed-overviews-7.json,data/games/reviewed-overview-imports/ps1-franchise-puzzle-anime-reviewed-overviews-7.csv,ps1,ps1-kamen-rider-kuuga,,currentOverview is stale; rerun with --force after re-reviewing this row,"Refresh currentOverview from live game data, re-read the reviewed copy beside the current record, then import with --force only after confirming the row is still accurate."
ps1-franchise-puzzle-anime-reviewed-overviews-7.json,data/games/reviewed-overview-imports/ps1-franchise-puzzle-anime-reviewed-overviews-7.csv,ps1,ps1-super-robot-wars-alpha,,currentOverview is stale; rerun with --force after re-reviewing this row,"Refresh currentOverview from live game data, re-read the reviewed copy beside the current record, then import with --force only after confirming the row is still accurate."
ps1-franchise-puzzle-anime-reviewed-overviews-7.json,data/games/reviewed-overview-imports/ps1-franchise-puzzle-anime-reviewed-overviews-7.csv,ps1,ps1-puyo-puyo-box,,currentOverview is stale; rerun with --force after re-reviewing this row,"Refresh currentOverview from live game data, re-read the reviewed copy beside the current record, then import with --force only after confirming the row is still accurate."
ps1-priority-360-arthur-reviewed-overviews-2026-08-25.json,data/games/reviewed-overview-imports/ps1-priority-360-arthur-reviewed-overviews-2026-08-25.csv,ps1,ps1-360-three-sixty,,currentOverview is stale; rerun with --force after re-reviewing this row,"Refresh currentOverview from live game data, re-read the reviewed copy beside the current record, then import with --force only after confirming the row is still accurate."
ps1-priority-360-arthur-reviewed-overviews-2026-08-25.json,data/games/reviewed-overview-imports/ps1-priority-360-arthur-reviewed-overviews-2026-08-25.csv,ps1,ps1-abalaburn,,currentOverview is stale; rerun with --force after re-reviewing this row,"Refresh currentOverview from live game data, re-read the reviewed copy beside the current record, then import with --force only after confirming the row is still accurate."
ps1-priority-360-arthur-reviewed-overviews-2026-08-25.json,data/games/reviewed-overview-imports/ps1-priority-360-arthur-reviewed-overviews-2026-08-25.csv,ps1,ps1-agent-armstrong,,currentOverview is stale; rerun with --force after re-reviewing this row,"Refresh currentOverview from live game data, re-read the reviewed copy beside the current record, then import with --force only after confirming the row is still accurate."
ps1-priority-360-arthur-reviewed-overviews-2026-08-25.json,data/games/reviewed-overview-imports/ps1-priority-360-arthur-reviewed-overviews-2026-08-25.csv,ps1,ps1-all-star-tennis-99,,currentOverview is stale; rerun with --force after re-reviewing this row,"Refresh currentOverview from live game data, re-read the reviewed copy beside the current record, then import with --force only after confirming the row is still accurate."
ps1-priority-360-arthur-reviewed-overviews-2026-08-25.json,data/games/reviewed-overview-imports/ps1-priority-360-arthur-reviewed-overviews-2026-08-25.csv,ps1,ps1-arthur-to-astaroth-no-nazomakaimura-incredible-toons,,currentOverview is stale; rerun with --force after re-reviewing this row,"Refresh currentOverview from live game data, re-read the reviewed copy beside the current record, then import with --force only after confirming the row is still accurate."
ps1-priority-kakinoki-kanazawa-reviewed-overviews-2026-08-24.json,data/games/reviewed-overview-imports/ps1-priority-kakinoki-kanazawa-reviewed-overviews-2026-08-24.csv,ps1,ps1-kakugo-no-susume,,currentOverview is stale; rerun with --force after re-reviewing this row,"Refresh currentOverview from live game data, re-read the reviewed copy beside the current record, then import with --force only after confirming the row is still accurate."
ps1-priority-kakinoki-kanazawa-reviewed-overviews-2026-08-24.json,data/games/reviewed-overview-imports/ps1-priority-kakinoki-kanazawa-reviewed-overviews-2026-08-24.csv,ps1,ps1-kamen-rider-the-bike-race,,currentOverview is stale; rerun with --force after re-reviewing this row,"Refresh currentOverview from live game data, re-read the reviewed copy beside the current record, then import with --force only after confirming the row is still accurate."
ps1-priority-kingdom-junkbrain-reviewed-overviews-2026-08-24.json,data/games/reviewed-overview-imports/ps1-priority-kingdom-junkbrain-reviewed-overviews-2026-08-24.csv,ps1,ps1-jounetsu-nekketsu-athletes-nakimushi-coach-no-nikki,,currentOverview is stale; rerun with --force after re-reviewing this row,"Refresh currentOverview from live game data, re-read the reviewed copy beside the current record, then import with --force only after confirming the row is still accurate."
ps1-priority-konyamo-kotetsu-reviewed-overviews-2026-08-25.json,data/games/reviewed-overview-imports/ps1-priority-konyamo-kotetsu-reviewed-overviews-2026-08-25.csv,ps1,ps1-konyamo-dorubako-2000,,currentOverview is stale; rerun with --force after re-reviewing this row,"Refresh currentOverview from live game data, re-read the reviewed copy beside the current record, then import with --force only after confirming the row is still accurate."
ps1-priority-konyamo-kotetsu-reviewed-overviews-2026-08-25.json,data/games/reviewed-overview-imports/ps1-priority-konyamo-kotetsu-reviewed-overviews-2026-08-25.csv,ps1,ps1-koro-koro-post-nin,,currentOverview is stale; rerun with --force after re-reviewing this row,"Refresh currentOverview from live game data, re-read the reviewed copy beside the current record, then import with --force only after confirming the row is still accurate."
ps1-priority-konyamo-kotetsu-reviewed-overviews-2026-08-25.json,data/games/reviewed-overview-imports/ps1-priority-konyamo-kotetsu-reviewed-overviews-2026-08-25.csv,ps1,ps1-koshien-v,,currentOverview is stale; rerun with --force after re-reviewing this row,"Refresh currentOverview from live game data, re-read the reviewed copy beside the current record, then import with --force only after confirming the row is still accurate."
ps1-priority-konyamo-kotetsu-reviewed-overviews-2026-08-25.json,data/games/reviewed-overview-imports/ps1-priority-konyamo-kotetsu-reviewed-overviews-2026-08-25.csv,ps1,ps1-kosodate-quiz-motto-my-angel,,currentOverview is stale; rerun with --force after re-reviewing this row,"Refresh currentOverview from live game data, re-read the reviewed copy beside the current record, then import with --force only after confirming the row is still accurate."
ps1-priority-konyamo-kotetsu-reviewed-overviews-2026-08-25.json,data/games/reviewed-overview-imports/ps1-priority-konyamo-kotetsu-reviewed-overviews-2026-08-25.csv,ps1,ps1-kosodate-quiz-my-angel,,currentOverview is stale; rerun with --force after re-reviewing this row,"Refresh currentOverview from live game data, re-read the reviewed copy beside the current record, then import with --force only after confirming the row is still accurate."
ps1-priority-konyamo-kotetsu-reviewed-overviews-2026-08-25.json,data/games/reviewed-overview-imports/ps1-priority-konyamo-kotetsu-reviewed-overviews-2026-08-25.csv,ps1,ps1-koten-tsugoshuu-shijin-no-kan,,currentOverview is stale; rerun with --force after re-reviewing this row,"Refresh currentOverview from live game data, re-read the reviewed copy beside the current record, then import with --force only after confirming the row is still accurate."
ps1-priority-konyamo-kotetsu-reviewed-overviews-2026-08-25.json,data/games/reviewed-overview-imports/ps1-priority-konyamo-kotetsu-reviewed-overviews-2026-08-25.csv,ps1,ps1-kotetsu-reiki-steeldom,,currentOverview is stale; rerun with --force after re-reviewing this row,"Refresh currentOverview from live game data, re-read the reviewed copy beside the current record, then import with --force only after confirming the row is still accurate."
ps1-priority-kotobuki-kuma-reviewed-overviews-2026-08-25.json,data/games/reviewed-overview-imports/ps1-priority-kotobuki-kuma-reviewed-overviews-2026-08-25.csv,ps1,ps1-kotobuki-grand-prix,,currentOverview is stale; rerun with --force after re-reviewing this row,"Refresh currentOverview from live game data, re-read the reviewed copy beside the current record, then import with --force only after confirming the row is still accurate."
ps1-priority-kotobuki-kuma-reviewed-overviews-2026-08-25.json,data/games/reviewed-overview-imports/ps1-priority-kotobuki-kuma-reviewed-overviews-2026-08-25.csv,ps1,ps1-kouashi-kikou-shidan-bein-panzer,,currentOverview is stale; rerun with --force after re-reviewing this row,"Refresh currentOverview from live game data, re-read the reviewed copy beside the current record, then import with --force only after confirming the row is still accurate."
ps1-priority-kotobuki-kuma-reviewed-overviews-2026-08-25.json,data/games/reviewed-overview-imports/ps1-priority-kotobuki-kuma-reviewed-overviews-2026-08-25.csv,ps1,ps1-kouryuu-sangoku-engi,,currentOverview is stale; rerun with --force after re-reviewing this row,"Refresh currentOverview from live game data, re-read the reviewed copy beside the current record, then import with --force only after confirming the row is still accurate."
ps1-priority-kotobuki-kuma-reviewed-overviews-2026-08-25.json,data/games/reviewed-overview-imports/ps1-priority-kotobuki-kuma-reviewed-overviews-2026-08-25.csv,ps1,ps1-kouryuuki,,currentOverview is stale; rerun with --force after re-reviewing this row,"Refresh currentOverview from live game data, re-read the reviewed copy beside the current record, then import with --force only after confirming the row is still accurate."
ps1-priority-kotobuki-kuma-reviewed-overviews-2026-08-25.json,data/games/reviewed-overview-imports/ps1-priority-kotobuki-kuma-reviewed-overviews-2026-08-25.csv,ps1,ps1-kouyasai,,currentOverview is stale; rerun with --force after re-reviewing this row,"Refresh currentOverview from live game data, re-read the reviewed copy beside the current record, then import with --force only after confirming the row is still accurate."
ps1-priority-kotobuki-kuma-reviewed-overviews-2026-08-25.json,data/games/reviewed-overview-imports/ps1-priority-kotobuki-kuma-reviewed-overviews-2026-08-25.csv,ps1,ps1-kowai-shashin,,currentOverview is stale; rerun with --force after re-reviewing this row,"Refresh currentOverview from live game data, re-read the reviewed copy beside the current record, then import with --force only after confirming the row is still accurate."
ps1-priority-kotobuki-kuma-reviewed-overviews-2026-08-25.json,data/games/reviewed-overview-imports/ps1-priority-kotobuki-kuma-reviewed-overviews-2026-08-25.csv,ps1,ps1-kowloon-jou,,currentOverview is stale; rerun with --force after re-reviewing this row,"Refresh currentOverview from live game data, re-read the reviewed copy beside the current record, then import with --force only after confirming the row is still accurate."
ps1-priority-kotobuki-kuma-reviewed-overviews-2026-08-25.json,data/games/reviewed-overview-imports/ps1-priority-kotobuki-kuma-reviewed-overviews-2026-08-25.csv,ps1,ps1-kuma-no-pooh-tarou-karaha-pinkuda-zenin-shuugou-sore-da-messu,,currentOverview is stale; rerun with --force after re-reviewing this row,"Refresh currentOverview from live game data, re-read the reviewed copy beside the current record, then import with --force only after confirming the row is still accurate."
ps1-priority-kuma-kuroi-reviewed-overviews-2026-08-25.json,data/games/reviewed-overview-imports/ps1-priority-kuma-kuroi-reviewed-overviews-2026-08-25.csv,ps1,ps1-kunoichi-torimonochou,,currentOverview is stale; rerun with --force after re-reviewing this row,"Refresh currentOverview from live game data, re-read the reviewed copy beside the current record, then import with --force only after confirming the row is still accurate."
ps1-priority-masters-maxracer-reviewed-overviews-2026-08-25.json,data/games/reviewed-overview-imports/ps1-priority-masters-maxracer-reviewed-overviews-2026-08-25.csv,ps1,ps1-matsukata-hiroki-no-world-fishing,,currentOverview is stale; rerun with --force after re-reviewing this row,"Refresh currentOverview from live game data, re-read the reviewed copy beside the current record, then import with --force only after confirming the row is still accurate."
ps1-priority-maze-melty-reviewed-overviews-2026-08-25.json,data/games/reviewed-overview-imports/ps1-priority-maze-melty-reviewed-overviews-2026-08-25.csv,ps1,ps1-maze-heroes-meikyuu-densetsu,,currentOverview is stale; rerun with --force after re-reviewing this row,"Refresh currentOverview from live game data, re-read the reviewed copy beside the current record, then import with --force only after confirming the row is still accurate."
ps1-priority-maze-melty-reviewed-overviews-2026-08-25.json,data/games/reviewed-overview-imports/ps1-priority-maze-melty-reviewed-overviews-2026-08-25.csv,ps1,ps1-meitantei-conan-3-jin-no-meitantei,,currentOverview is stale; rerun with --force after re-reviewing this row,"Refresh currentOverview from live game data, re-read the reviewed copy beside the current record, then import with --force only after confirming the row is still accurate."
ps1-priority-maze-melty-reviewed-overviews-2026-08-25.json,data/games/reviewed-overview-imports/ps1-priority-maze-melty-reviewed-overviews-2026-08-25.csv,ps1,ps1-meitantei-conan-trick-trick-vol-1,,currentOverview is stale; rerun with --force after re-reviewing this row,"Refresh currentOverview from live game data, re-read the reviewed copy beside the current record, then import with --force only after confirming the row is still accurate."
ps1-priority-melty-merriment-reviewed-overviews-2026-08-25.json,data/games/reviewed-overview-imports/ps1-priority-melty-merriment-reviewed-overviews-2026-08-25.csv,ps1,ps1-melty-lancer-the-3rd-planet,,currentOverview is stale; rerun with --force after re-reviewing this row,"Refresh currentOverview from live game data, re-read the reviewed copy beside the current record, then import with --force only after confirming the row is still accurate."
ps1-priority-melty-merriment-reviewed-overviews-2026-08-25.json,data/games/reviewed-overview-imports/ps1-priority-melty-merriment-reviewed-overviews-2026-08-25.csv,ps1,ps1-memorial-series-sunsoft-vol-1-ikki-super-arabian,,currentOverview is stale; rerun with --force after re-reviewing this row,"Refresh currentOverview from live game data, re-read the reviewed copy beside the current record, then import with --force only after confirming the row is still accurate."
ps1-priority-melty-merriment-reviewed-overviews-2026-08-25.json,data/games/reviewed-overview-imports/ps1-priority-melty-merriment-reviewed-overviews-2026-08-25.csv,ps1,ps1-memorial-series-sunsoft-vol-2-route-16-turbo-atlantis-no-nazo,,currentOverview is stale; rerun with --force after re-reviewing this row,"Refresh currentOverview from live game data, re-read the reviewed copy beside the current record, then import with --force only after confirming the row is still accurate."
ps1-priority-melty-merriment-reviewed-overviews-2026-08-25.json,data/games/reviewed-overview-imports/ps1-priority-melty-merriment-reviewed-overviews-2026-08-25.csv,ps1,ps1-memorial-series-sunsoft-vol-3-madoola-no-tsubasa-toukaidou-gojuusan-tsugi,,currentOverview is stale; rerun with --force after re-reviewing this row,"Refresh currentOverview from live game data, re-read the reviewed copy beside the current record, then import with --force only after confirming the row is still accurate."
ps1-priority-melty-merriment-reviewed-overviews-2026-08-25.json,data/games/reviewed-overview-imports/ps1-priority-melty-merriment-reviewed-overviews-2026-08-25.csv,ps1,ps1-memorial-series-sunsoft-vol-4-chou-wakusei-senki-metafight-ripple-island,,currentOverview is stale; rerun with --force after re-reviewing this row,"Refresh currentOverview from live game data, re-read the reviewed copy beside the current record, then import with --force only after confirming the row is still accurate."
ps1-priority-melty-merriment-reviewed-overviews-2026-08-25.json,data/games/reviewed-overview-imports/ps1-priority-melty-merriment-reviewed-overviews-2026-08-25.csv,ps1,ps1-memorial-series-sunsoft-vol-5-raf-world-hebereke,,currentOverview is stale; rerun with --force after re-reviewing this row,"Refresh currentOverview from live game data, re-read the reviewed copy beside the current record, then import with --force only after confirming the row is still accurate."
ps1-priority-melty-merriment-reviewed-overviews-2026-08-25.json,data/games/reviewed-overview-imports/ps1-priority-melty-merriment-reviewed-overviews-2026-08-25.csv,ps1,ps1-memorial-series-sunsoft-vol-6-battle-formula-gimmick,,currentOverview is stale; rerun with --force after re-reviewing this row,"Refresh currentOverview from live game data, re-read the reviewed copy beside the current record, then import with --force only after confirming the row is still accurate."
ps1-priority-melty-merriment-reviewed-overviews-2026-08-25.json,data/games/reviewed-overview-imports/ps1-priority-melty-merriment-reviewed-overviews-2026-08-25.csv,ps1,ps1-menkyo-o-torou,,currentOverview is stale; rerun with --force after re-reviewing this row,"Refresh currentOverview from live game data, re-read the reviewed copy beside the current record, then import with --force only after confirming the row is still accurate."
ps1-priority-melty-merriment-reviewed-overviews-2026-08-25.json,data/games/reviewed-overview-imports/ps1-priority-melty-merriment-reviewed-overviews-2026-08-25.csv,ps1,ps1-meremanoid,,currentOverview is stale; rerun with --force after re-reviewing this row,"Refresh currentOverview from live game data, re-read the reviewed copy beside the current record, then import with --force only after confirming the row is still accurate."
ps1-priority-melty-merriment-reviewed-overviews-2026-08-25.json,data/games/reviewed-overview-imports/ps1-priority-melty-merriment-reviewed-overviews-2026-08-25.csv,ps1,ps1-mermaid-no-kisetsu,,currentOverview is stale; rerun with --force after re-reviewing this row,"Refresh currentOverview from live game data, re-read the reviewed copy beside the current record, then import with --force only after confirming the row is still accurate."
ps1-priority-melty-merriment-reviewed-overviews-2026-08-25.json,data/games/reviewed-overview-imports/ps1-priority-melty-merriment-reviewed-overviews-2026-08-25.csv,ps1,ps1-mermaid-no-kisetsu-curtain-call,,currentOverview is stale; rerun with --force after re-reviewing this row,"Refresh currentOverview from live game data, re-read the reviewed copy beside the current record, then import with --force only after confirming the row is still accurate."
ps1-priority-melty-merriment-reviewed-overviews-2026-08-25.json,data/games/reviewed-overview-imports/ps1-priority-melty-merriment-reviewed-overviews-2026-08-25.csv,ps1,ps1-merriment-carrying-caravan,,currentOverview is stale; rerun with --force after re-reviewing this row,"Refresh currentOverview from live game data, re-read the reviewed copy beside the current record, then import with --force only after confirming the row is still accurate."
ps1-priority-meru-mighty-reviewed-overviews-2026-08-25.json,data/games/reviewed-overview-imports/ps1-priority-meru-mighty-reviewed-overviews-2026-08-25.csv,ps1,ps1-meru-purana,,currentOverview is stale; rerun with --force after re-reviewing this row,"Refresh currentOverview from live game data, re-read the reviewed copy beside the current record, then import with --force only after confirming the row is still accurate."
ps1-priority-meru-mighty-reviewed-overviews-2026-08-25.json,data/games/reviewed-overview-imports/ps1-priority-meru-mighty-reviewed-overviews-2026-08-25.csv,ps1,ps1-meta-ph-list-gamma-x-2097,,currentOverview is stale; rerun with --force after re-reviewing this row,"Refresh currentOverview from live game data, re-read the reviewed copy beside the current record, then import with --force only after confirming the row is still accurate."
ps1-priority-meru-mighty-reviewed-overviews-2026-08-25.json,data/games/reviewed-overview-imports/ps1-priority-meru-mighty-reviewed-overviews-2026-08-25.csv,ps1,ps1-metal-angel-3,,currentOverview is stale; rerun with --force after re-reviewing this row,"Refresh currentOverview from live game data, re-read the reviewed copy beside the current record, then import with --force only after confirming the row is still accurate."
ps1-priority-meru-mighty-reviewed-overviews-2026-08-25.json,data/games/reviewed-overview-imports/ps1-priority-meru-mighty-reviewed-overviews-2026-08-25.csv,ps1,ps1-metamoru-panic-doki-doki-youma-busters,,currentOverview is stale; rerun with --force after re-reviewing this row,"Refresh currentOverview from live game data, re-read the reviewed copy beside the current record, then import with --force only after confirming the row is still accurate."
ps1-priority-meru-mighty-reviewed-overviews-2026-08-25.json,data/games/reviewed-overview-imports/ps1-priority-meru-mighty-reviewed-overviews-2026-08-25.csv,ps1,ps1-mezase-airline-pilot,,currentOverview is stale; rerun with --force after re-reviewing this row,"Refresh currentOverview from live game data, re-read the reviewed copy beside the current record, then import with --force only after confirming the row is still accurate."
ps1-priority-meru-mighty-reviewed-overviews-2026-08-25.json,data/games/reviewed-overview-imports/ps1-priority-meru-mighty-reviewed-overviews-2026-08-25.csv,ps1,ps1-mezase-meimon-yakyubu,,currentOverview is stale; rerun with --force after re-reviewing this row,"Refresh currentOverview from live game data, re-read the reviewed copy beside the current record, then import with --force only after confirming the row is still accurate."
ps1-priority-meru-mighty-reviewed-overviews-2026-08-25.json,data/games/reviewed-overview-imports/ps1-priority-meru-mighty-reviewed-overviews-2026-08-25.csv,ps1,ps1-michinoku-hitou-koimonogatari-kai,,currentOverview is stale; rerun with --force after re-reviewing this row,"Refresh currentOverview from live game data, re-read the reviewed copy beside the current record, then import with --force only after confirming the row is still accurate."
ps1-priority-meru-mighty-reviewed-overviews-2026-08-25.json,data/games/reviewed-overview-imports/ps1-priority-meru-mighty-reviewed-overviews-2026-08-25.csv,ps1,ps1-mickey-to-nakamatachi-kazuasobi-iroiro,,currentOverview is stale; rerun with --force after re-reviewing this row,"Refresh currentOverview from live game data, re-read the reviewed copy beside the current record, then import with --force only after confirming the row is still accurate."
ps1-priority-meru-mighty-reviewed-overviews-2026-08-25.json,data/games/reviewed-overview-imports/ps1-priority-meru-mighty-reviewed-overviews-2026-08-25.csv,ps1,ps1-mickey-s-wild-adventure,,currentOverview is stale; rerun with --force after re-reviewing this row,"Refresh currentOverview from live game data, re-read the reviewed copy beside the current record, then import with --force only after confirming the row is still accurate."
ps1-priority-meru-mighty-reviewed-overviews-2026-08-25.json,data/games/reviewed-overview-imports/ps1-priority-meru-mighty-reviewed-overviews-2026-08-25.csv,ps1,ps1-micro-machines-v3,,currentOverview is stale; rerun with --force after re-reviewing this row,"Refresh currentOverview from live game data, re-read the reviewed copy beside the current record, then import with --force only after confirming the row is still accurate."
ps1-priority-meru-mighty-reviewed-overviews-2026-08-25.json,data/games/reviewed-overview-imports/ps1-priority-meru-mighty-reviewed-overviews-2026-08-25.csv,ps1,ps1-midori-no-makibao-kuroi-inazuma-shiroi-kiseki,,currentOverview is stale; rerun with --force after re-reviewing this row,"Refresh currentOverview from live game data, re-read the reviewed copy beside the current record, then import with --force only after confirming the row is still accurate."
ps1-priority-meru-mighty-reviewed-overviews-2026-08-25.json,data/games/reviewed-overview-imports/ps1-priority-meru-mighty-reviewed-overviews-2026-08-25.csv,ps1,ps1-mighty-hits,,currentOverview is stale; rerun with --force after re-reviewing this row,"Refresh currentOverview from live game data, re-read the reviewed copy beside the current record, then import with --force only after confirming the row is still accurate."
ps1-priority-meru-mighty-reviewed-overviews-2026-08-25.json,data/games/reviewed-overview-imports/ps1-priority-meru-mighty-reviewed-overviews-2026-08-25.csv,ps1,ps1-mighty-hits-special-mighty-hits-special-pop-collection-1280-vol-4,,currentOverview is stale; rerun with --force after re-reviewing this row,"Refresh currentOverview from live game data, re-read the reviewed copy beside the current record, then import with --force only after confirming the row is still accurate."
ps1-priority-mikagura-minna-reviewed-overviews-2026-08-25.json,data/games/reviewed-overview-imports/ps1-priority-mikagura-minna-reviewed-overviews-2026-08-25.csv,ps1,ps1-mikagura-shojo-tanteidan,,currentOverview is stale; rerun with --force after re-reviewing this row,"Refresh currentOverview from live game data, re-read the reviewed copy beside the current record, then import with --force only after confirming the row is still accurate."
ps1-priority-mikagura-minna-reviewed-overviews-2026-08-25.json,data/games/reviewed-overview-imports/ps1-priority-mikagura-minna-reviewed-overviews-2026-08-25.csv,ps1,ps1-milky-season,,currentOverview is stale; rerun with --force after re-reviewing this row,"Refresh currentOverview from live game data, re-read the reviewed copy beside the current record, then import with --force only after confirming the row is still accurate."
ps1-priority-mikagura-minna-reviewed-overviews-2026-08-25.json,data/games/reviewed-overview-imports/ps1-priority-mikagura-minna-reviewed-overviews-2026-08-25.csv,ps1,ps1-million-classic,,currentOverview is stale; rerun with --force after re-reviewing this row,"Refresh currentOverview from live game data, re-read the reviewed copy beside the current record, then import with --force only after confirming the row is still accurate."
ps1-priority-mikagura-minna-reviewed-overviews-2026-08-25.json,data/games/reviewed-overview-imports/ps1-priority-mikagura-minna-reviewed-overviews-2026-08-25.csv,ps1,ps1-minakata-hakudou-toujou,,currentOverview is stale; rerun with --force after re-reviewing this row,"Refresh currentOverview from live game data, re-read the reviewed copy beside the current record, then import with --force only after confirming the row is still accurate."
ps1-priority-mikagura-minna-reviewed-overviews-2026-08-25.json,data/games/reviewed-overview-imports/ps1-priority-mikagura-minna-reviewed-overviews-2026-08-25.csv,ps1,ps1-minimoni-ni-naru-no-da-pyon,,currentOverview is stale; rerun with --force after re-reviewing this row,"Refresh currentOverview from live game data, re-read the reviewed copy beside the current record, then import with --force only after confirming the row is still accurate."
ps1-priority-mikagura-minna-reviewed-overviews-2026-08-25.json,data/games/reviewed-overview-imports/ps1-priority-mikagura-minna-reviewed-overviews-2026-08-25.csv,ps1,ps1-minimoni-dice-de-pyon,,currentOverview is stale; rerun with --force after re-reviewing this row,"Refresh currentOverview from live game data, re-read the reviewed copy beside the current record, then import with --force only after confirming the row is still accurate."
ps1-priority-mikagura-minna-reviewed-overviews-2026-08-25.json,data/games/reviewed-overview-imports/ps1-priority-mikagura-minna-reviewed-overviews-2026-08-25.csv,ps1,ps1-minimoni-shaka-tto-tambourine-dapyon,,currentOverview is stale; rerun with --force after re-reviewing this row,"Refresh currentOverview from live game data, re-read the reviewed copy beside the current record, then import with --force only after confirming the row is still accurate."
ps1-priority-mikagura-minna-reviewed-overviews-2026-08-25.json,data/games/reviewed-overview-imports/ps1-priority-mikagura-minna-reviewed-overviews-2026-08-25.csv,ps1,ps1-minimoni-step-up-pyon-pyon-pyon,,currentOverview is stale; rerun with --force after re-reviewing this row,"Refresh currentOverview from live game data, re-read the reviewed copy beside the current record, then import with --force only after confirming the row is still accurate."
ps1-priority-mikagura-minna-reviewed-overviews-2026-08-25.json,data/games/reviewed-overview-imports/ps1-priority-mikagura-minna-reviewed-overviews-2026-08-25.csv,ps1,ps1-minna-atsumare-igo-kyoushitsu,,currentOverview is stale; rerun with --force after re-reviewing this row,"Refresh currentOverview from live game data, re-read the reviewed copy beside the current record, then import with --force only after confirming the row is still accurate."
ps1-priority-mikagura-minna-reviewed-overviews-2026-08-25.json,data/games/reviewed-overview-imports/ps1-priority-mikagura-minna-reviewed-overviews-2026-08-25.csv,ps1,ps1-minna-no-kanji-kyoushitsu-chousen-kanji-kentei,,currentOverview is stale; rerun with --force after re-reviewing this row,"Refresh currentOverview from live game data, re-read the reviewed copy beside the current record, then import with --force only after confirming the row is still accurate."
ps1-priority-mikagura-minna-reviewed-overviews-2026-08-25.json,data/games/reviewed-overview-imports/ps1-priority-mikagura-minna-reviewed-overviews-2026-08-25.csv,ps1,ps1-minna-no-mahjong,,currentOverview is stale; rerun with --force after re-reviewing this row,"Refresh currentOverview from live game data, re-read the reviewed copy beside the current record, then import with --force only after confirming the row is still accurate."
ps1-priority-mikagura-minna-reviewed-overviews-2026-08-25.json,data/games/reviewed-overview-imports/ps1-priority-mikagura-minna-reviewed-overviews-2026-08-25.csv,ps1,ps1-minna-no-othello,,currentOverview is stale; rerun with --force after re-reviewing this row,"Refresh currentOverview from live game data, re-read the reviewed copy beside the current record, then import with --force only after confirming the row is still accurate."
ps1-priority-mikagura-minna-reviewed-overviews-2026-08-25.json,data/games/reviewed-overview-imports/ps1-priority-mikagura-minna-reviewed-overviews-2026-08-25.csv,ps1,ps1-minna-no-shiiku-kyoushitsu-kuwagata-hen,,currentOverview is stale; rerun with --force after re-reviewing this row,"Refresh currentOverview from live game data, re-read the reviewed copy beside the current record, then import with --force only after confirming the row is still accurate."
ps1-priority-mikagura-minna-reviewed-overviews-2026-08-25.json,data/games/reviewed-overview-imports/ps1-priority-mikagura-minna-reviewed-overviews-2026-08-25.csv,ps1,ps1-minna-no-shogi-chuukyuuhen,,currentOverview is stale; rerun with --force after re-reviewing this row,"Refresh currentOverview from live game data, re-read the reviewed copy beside the current record, then import with --force only after confirming the row is still accurate."
ps1-priority-minna-mitsumete-reviewed-overviews-2026-08-25.json,data/games/reviewed-overview-imports/ps1-priority-minna-mitsumete-reviewed-overviews-2026-08-25.csv,ps1,ps1-minna-no-shogi-jokyuuhen,,currentOverview is stale; rerun with --force after re-reviewing this row,"Refresh currentOverview from live game data, re-read the reviewed copy beside the current record, then import with --force only after confirming the row is still accurate."
ps1-priority-minna-mitsumete-reviewed-overviews-2026-08-25.json,data/games/reviewed-overview-imports/ps1-priority-minna-mitsumete-reviewed-overviews-2026-08-25.csv,ps1,ps1-minna-no-shogi-shokyuuhen,,currentOverview is stale; rerun with --force after re-reviewing this row,"Refresh currentOverview from live game data, re-read the reviewed copy beside the current record, then import with --force only after confirming the row is still accurate."
ps1-priority-minna-mitsumete-reviewed-overviews-2026-08-25.json,data/games/reviewed-overview-imports/ps1-priority-minna-mitsumete-reviewed-overviews-2026-08-25.csv,ps1,ps1-minnya-de-ghost-hunter,,currentOverview is stale; rerun with --force after re-reviewing this row,"Refresh currentOverview from live game data, re-read the reviewed copy beside the current record, then import with --force only after confirming the row is still accurate."
ps1-priority-minna-mitsumete-reviewed-overviews-2026-08-25.json,data/games/reviewed-overview-imports/ps1-priority-minna-mitsumete-reviewed-overviews-2026-08-25.csv,ps1,ps1-minton-keibu-no-sousa-file-doukeshi-satsujin-jiken,,currentOverview is stale; rerun with --force after re-reviewing this row,"Refresh currentOverview from live game data, re-read the reviewed copy beside the current record, then import with --force only after confirming the row is still accurate."
ps1-priority-minna-mitsumete-reviewed-overviews-2026-08-25.json,data/games/reviewed-overview-imports/ps1-priority-minna-mitsumete-reviewed-overviews-2026-08-25.csv,ps1,ps1-miracle-space-race,,currentOverview is stale; rerun with --force after re-reviewing this row,"Refresh currentOverview from live game data, re-read the reviewed copy beside the current record, then import with --force only after confirming the row is still accurate."
ps1-priority-minna-mitsumete-reviewed-overviews-2026-08-25.json,data/games/reviewed-overview-imports/ps1-priority-minna-mitsumete-reviewed-overviews-2026-08-25.csv,ps1,ps1-miracle-world-fushigi-no-kuni-no-iq-meiro,,currentOverview is stale; rerun with --force after re-reviewing this row,"Refresh currentOverview from live game data, re-read the reviewed copy beside the current record, then import with --force only after confirming the row is still accurate."
ps1-priority-minna-mitsumete-reviewed-overviews-2026-08-25.json,data/games/reviewed-overview-imports/ps1-priority-minna-mitsumete-reviewed-overviews-2026-08-25.csv,ps1,ps1-mirano-no-arubaito-collection,,currentOverview is stale; rerun with --force after re-reviewing this row,"Refresh currentOverview from live game data, re-read the reviewed copy beside the current record, then import with --force only after confirming the row is still accurate."
ps1-priority-minna-mitsumete-reviewed-overviews-2026-08-25.json,data/games/reviewed-overview-imports/ps1-priority-minna-mitsumete-reviewed-overviews-2026-08-25.csv,ps1,ps1-misa-no-mahou-monogatari,,currentOverview is stale; rerun with --force after re-reviewing this row,"Refresh currentOverview from live game data, re-read the reviewed copy beside the current record, then import with --force only after confirming the row is still accurate."
ps1-priority-minna-mitsumete-reviewed-overviews-2026-08-25.json,data/games/reviewed-overview-imports/ps1-priority-minna-mitsumete-reviewed-overviews-2026-08-25.csv,ps1,ps1-misaki-aggressive,,currentOverview is stale; rerun with --force after re-reviewing this row,"Refresh currentOverview from live game data, re-read the reviewed copy beside the current record, then import with --force only after confirming the row is still accurate."
ps1-priority-minna-mitsumete-reviewed-overviews-2026-08-25.json,data/games/reviewed-overview-imports/ps1-priority-minna-mitsumete-reviewed-overviews-2026-08-25.csv,ps1,ps1-miss-spider-s-tea-party,,currentOverview is stale; rerun with --force after re-reviewing this row,"Refresh currentOverview from live game data, re-read the reviewed copy beside the current record, then import with --force only after confirming the row is still accurate."
ps1-priority-minna-mitsumete-reviewed-overviews-2026-08-25.json,data/games/reviewed-overview-imports/ps1-priority-minna-mitsumete-reviewed-overviews-2026-08-25.csv,ps1,ps1-missland,,currentOverview is stale; rerun with --force after re-reviewing this row,"Refresh currentOverview from live game data, re-read the reviewed copy beside the current record, then import with --force only after confirming the row is still accurate."
ps1-priority-minna-mitsumete-reviewed-overviews-2026-08-25.json,data/games/reviewed-overview-imports/ps1-priority-minna-mitsumete-reviewed-overviews-2026-08-25.csv,ps1,ps1-missland-2,,currentOverview is stale; rerun with --force after re-reviewing this row,"Refresh currentOverview from live game data, re-read the reviewed copy beside the current record, then import with --force only after confirming the row is still accurate."
ps1-priority-minna-mitsumete-reviewed-overviews-2026-08-25.json,data/games/reviewed-overview-imports/ps1-priority-minna-mitsumete-reviewed-overviews-2026-08-25.csv,ps1,ps1-mitouhou-e-no-chousen-alps-hen,,currentOverview is stale; rerun with --force after re-reviewing this row,"Refresh currentOverview from live game data, re-read the reviewed copy beside the current record, then import with --force only after confirming the row is still accurate."
ps1-priority-minna-mitsumete-reviewed-overviews-2026-08-25.json,data/games/reviewed-overview-imports/ps1-priority-minna-mitsumete-reviewed-overviews-2026-08-25.csv,ps1,ps1-mitsumete-knight,,currentOverview is stale; rerun with --force after re-reviewing this row,"Refresh currentOverview from live game data, re-read the reviewed copy beside the current record, then import with --force only after confirming the row is still accurate."
ps1-priority-mitsumete-montecarlo-reviewed-overviews-2026-08-25.json,data/games/reviewed-overview-imports/ps1-priority-mitsumete-montecarlo-reviewed-overviews-2026-08-25.csv,ps1,ps1-mitsumete-knight-r-daibouken-hen,,currentOverview is stale; rerun with --force after re-reviewing this row,"Refresh currentOverview from live game data, re-read the reviewed copy beside the current record, then import with --force only after confirming the row is still accurate."
ps1-priority-mitsumete-montecarlo-reviewed-overviews-2026-08-25.json,data/games/reviewed-overview-imports/ps1-priority-mitsumete-montecarlo-reviewed-overviews-2026-08-25.csv,ps1,ps1-mizuki-shigeru-no-yokai-butouden,,currentOverview is stale; rerun with --force after re-reviewing this row,"Refresh currentOverview from live game data, re-read the reviewed copy beside the current record, then import with --force only after confirming the row is still accurate."
ps1-priority-mitsumete-montecarlo-reviewed-overviews-2026-08-25.json,data/games/reviewed-overview-imports/ps1-priority-mitsumete-montecarlo-reviewed-overviews-2026-08-25.csv,ps1,ps1-mobile-armor,,currentOverview is stale; rerun with --force after re-reviewing this row,"Refresh currentOverview from live game data, re-read the reviewed copy beside the current record, then import with --force only after confirming the row is still accurate."
ps1-priority-mitsumete-montecarlo-reviewed-overviews-2026-08-25.json,data/games/reviewed-overview-imports/ps1-priority-mitsumete-montecarlo-reviewed-overviews-2026-08-25.csv,ps1,ps1-mobius-link-3d,,currentOverview is stale; rerun with --force after re-reviewing this row,"Refresh currentOverview from live game data, re-read the reviewed copy beside the current record, then import with --force only after confirming the row is still accurate."
ps1-priority-mitsumete-montecarlo-reviewed-overviews-2026-08-25.json,data/games/reviewed-overview-imports/ps1-priority-mitsumete-montecarlo-reviewed-overviews-2026-08-25.csv,ps1,ps1-momotarou-densetsu,,currentOverview is stale; rerun with --force after re-reviewing this row,"Refresh currentOverview from live game data, re-read the reviewed copy beside the current record, then import with --force only after confirming the row is still accurate."
ps1-priority-mitsumete-montecarlo-reviewed-overviews-2026-08-25.json,data/games/reviewed-overview-imports/ps1-priority-mitsumete-montecarlo-reviewed-overviews-2026-08-25.csv,ps1,ps1-momotarou-matsuri-ishikawa-rokuemon-no-maki,,currentOverview is stale; rerun with --force after re-reviewing this row,"Refresh currentOverview from live game data, re-read the reviewed copy beside the current record, then import with --force only after confirming the row is still accurate."
ps1-priority-mitsumete-montecarlo-reviewed-overviews-2026-08-25.json,data/games/reviewed-overview-imports/ps1-priority-mitsumete-montecarlo-reviewed-overviews-2026-08-25.csv,ps1,ps1-mona-and-moki-drive-me-wild,,currentOverview is stale; rerun with --force after re-reviewing this row,"Refresh currentOverview from live game data, re-read the reviewed copy beside the current record, then import with --force only after confirming the row is still accurate."
ps1-priority-mitsumete-montecarlo-reviewed-overviews-2026-08-25.json,data/games/reviewed-overview-imports/ps1-priority-mitsumete-montecarlo-reviewed-overviews-2026-08-25.csv,ps1,ps1-mona-and-moki-drive-me-wilder,,currentOverview is stale; rerun with --force after re-reviewing this row,"Refresh currentOverview from live game data, re-read the reviewed copy beside the current record, then import with --force only after confirming the row is still accurate."
ps1-priority-mitsumete-montecarlo-reviewed-overviews-2026-08-25.json,data/games/reviewed-overview-imports/ps1-priority-mitsumete-montecarlo-reviewed-overviews-2026-08-25.csv,ps1,ps1-monster-race,,currentOverview is stale; rerun with --force after re-reviewing this row,"Refresh currentOverview from live game data, re-read the reviewed copy beside the current record, then import with --force only after confirming the row is still accurate."
ps1-priority-mitsumete-montecarlo-reviewed-overviews-2026-08-25.json,data/games/reviewed-overview-imports/ps1-priority-mitsumete-montecarlo-reviewed-overviews-2026-08-25.csv,ps1,ps1-monster-collection-kamen-no-madoushi,,currentOverview is stale; rerun with --force after re-reviewing this row,"Refresh currentOverview from live game data, re-read the reviewed copy beside the current record, then import with --force only after confirming the row is still accurate."
ps1-priority-mitsumete-montecarlo-reviewed-overviews-2026-08-25.json,data/games/reviewed-overview-imports/ps1-priority-mitsumete-montecarlo-reviewed-overviews-2026-08-25.csv,ps1,ps1-monster-complete-world,,currentOverview is stale; rerun with --force after re-reviewing this row,"Refresh currentOverview from live game data, re-read the reviewed copy beside the current record, then import with --force only after confirming the row is still accurate."
ps1-priority-mitsumete-montecarlo-reviewed-overviews-2026-08-25.json,data/games/reviewed-overview-imports/ps1-priority-mitsumete-montecarlo-reviewed-overviews-2026-08-25.csv,ps1,ps1-monster-punish,,currentOverview is stale; rerun with --force after re-reviewing this row,"Refresh currentOverview from live game data, re-read the reviewed copy beside the current record, then import with --force only after confirming the row is still accurate."
ps1-priority-mitsumete-montecarlo-reviewed-overviews-2026-08-25.json,data/games/reviewed-overview-imports/ps1-priority-mitsumete-montecarlo-reviewed-overviews-2026-08-25.csv,ps1,ps1-monster-racer,,currentOverview is stale; rerun with --force after re-reviewing this row,"Refresh currentOverview from live game data, re-read the reviewed copy beside the current record, then import with --force only after confirming the row is still accurate."
ps1-priority-mitsumete-montecarlo-reviewed-overviews-2026-08-25.json,data/games/reviewed-overview-imports/ps1-priority-mitsumete-montecarlo-reviewed-overviews-2026-08-25.csv,ps1,ps1-monte-carlo-games-compendium,,currentOverview is stale; rerun with --force after re-reviewing this row,"Refresh currentOverview from live game data, re-read the reviewed copy beside the current record, then import with --force only after confirming the row is still accurate."
ps1-priority-moorhen-motocross-reviewed-overviews-2026-08-25.json,data/games/reviewed-overview-imports/ps1-priority-moorhen-motocross-reviewed-overviews-2026-08-25.csv,ps1,ps1-moorhen-3-chicken-chase,,currentOverview is stale; rerun with --force after re-reviewing this row,"Refresh currentOverview from live game data, re-read the reviewed copy beside the current record, then import with --force only after confirming the row is still accurate."
ps1-priority-moorhen-motocross-reviewed-overviews-2026-08-25.json,data/games/reviewed-overview-imports/ps1-priority-moorhen-motocross-reviewed-overviews-2026-08-25.csv,ps1,ps1-moorhuhn-2,,currentOverview is stale; rerun with --force after re-reviewing this row,"Refresh currentOverview from live game data, re-read the reviewed copy beside the current record, then import with --force only after confirming the row is still accurate."
ps1-priority-moorhen-motocross-reviewed-overviews-2026-08-25.json,data/games/reviewed-overview-imports/ps1-priority-moorhen-motocross-reviewed-overviews-2026-08-25.csv,ps1,ps1-moorhuhn-kart,,currentOverview is stale; rerun with --force after re-reviewing this row,"Refresh currentOverview from live game data, re-read the reviewed copy beside the current record, then import with --force only after confirming the row is still accurate."
ps1-priority-moorhen-motocross-reviewed-overviews-2026-08-25.json,data/games/reviewed-overview-imports/ps1-priority-moorhen-motocross-reviewed-overviews-2026-08-25.csv,ps1,ps1-moorhuhn-x,,currentOverview is stale; rerun with --force after re-reviewing this row,"Refresh currentOverview from live game data, re-read the reviewed copy beside the current record, then import with --force only after confirming the row is still accurate."
ps1-priority-moorhen-motocross-reviewed-overviews-2026-08-25.json,data/games/reviewed-overview-imports/ps1-priority-moorhen-motocross-reviewed-overviews-2026-08-25.csv,ps1,ps1-mori-no-oukoku,,currentOverview is stale; rerun with --force after re-reviewing this row,"Refresh currentOverview from live game data, re-read the reviewed copy beside the current record, then import with --force only after confirming the row is still accurate."
ps1-priority-moorhen-motocross-reviewed-overviews-2026-08-25.json,data/games/reviewed-overview-imports/ps1-priority-moorhen-motocross-reviewed-overviews-2026-08-25.csv,ps1,ps1-morita-kazurou-no-chess,,currentOverview is stale; rerun with --force after re-reviewing this row,"Refresh currentOverview from live game data, re-read the reviewed copy beside the current record, then import with --force only after confirming the row is still accurate."
ps1-priority-moorhen-motocross-reviewed-overviews-2026-08-25.json,data/games/reviewed-overview-imports/ps1-priority-moorhen-motocross-reviewed-overviews-2026-08-25.csv,ps1,ps1-morita-kazurou-no-gomokunarabe-to-renju,,currentOverview is stale; rerun with --force after re-reviewing this row,"Refresh currentOverview from live game data, re-read the reviewed copy beside the current record, then import with --force only after confirming the row is still accurate."
ps1-priority-moorhen-motocross-reviewed-overviews-2026-08-25.json,data/games/reviewed-overview-imports/ps1-priority-moorhen-motocross-reviewed-overviews-2026-08-25.csv,ps1,ps1-morita-kazurou-no-hanafuda,,currentOverview is stale; rerun with --force after re-reviewing this row,"Refresh currentOverview from live game data, re-read the reviewed copy beside the current record, then import with --force only after confirming the row is still accurate."
ps1-priority-moorhen-motocross-reviewed-overviews-2026-08-25.json,data/games/reviewed-overview-imports/ps1-priority-moorhen-motocross-reviewed-overviews-2026-08-25.csv,ps1,ps1-morita-kazurou-no-mahjong,,currentOverview is stale; rerun with --force after re-reviewing this row,"Refresh currentOverview from live game data, re-read the reviewed copy beside the current record, then import with --force only after confirming the row is still accurate."
ps1-priority-moorhen-motocross-reviewed-overviews-2026-08-25.json,data/games/reviewed-overview-imports/ps1-priority-moorhen-motocross-reviewed-overviews-2026-08-25.csv,ps1,ps1-morita-kazurou-no-reversi,,currentOverview is stale; rerun with --force after re-reviewing this row,"Refresh currentOverview from live game data, re-read the reviewed copy beside the current record, then import with --force only after confirming the row is still accurate."
ps1-priority-moorhen-motocross-reviewed-overviews-2026-08-25.json,data/games/reviewed-overview-imports/ps1-priority-moorhen-motocross-reviewed-overviews-2026-08-25.csv,ps1,ps1-morita-kazurou-no-shogi-dojo,,currentOverview is stale; rerun with --force after re-reviewing this row,"Refresh currentOverview from live game data, re-read the reviewed copy beside the current record, then import with --force only after confirming the row is still accurate."
ps1-priority-moorhen-motocross-reviewed-overviews-2026-08-25.json,data/games/reviewed-overview-imports/ps1-priority-moorhen-motocross-reviewed-overviews-2026-08-25.csv,ps1,ps1-morita-shogi,,currentOverview is stale; rerun with --force after re-reviewing this row,"Refresh currentOverview from live game data, re-read the reviewed copy beside the current record, then import with --force only after confirming the row is still accurate."
ps1-priority-moorhen-motocross-reviewed-overviews-2026-08-25.json,data/games/reviewed-overview-imports/ps1-priority-moorhen-motocross-reviewed-overviews-2026-08-25.csv,ps1,ps1-moritaka-chisato-safari-tokyo,,currentOverview is stale; rerun with --force after re-reviewing this row,"Refresh currentOverview from live game data, re-read the reviewed copy beside the current record, then import with --force only after confirming the row is still accurate."
ps1-priority-moorhen-motocross-reviewed-overviews-2026-08-25.json,data/games/reviewed-overview-imports/ps1-priority-moorhen-motocross-reviewed-overviews-2026-08-25.csv,ps1,ps1-moses-prince-of-egypt,,currentOverview is stale; rerun with --force after re-reviewing this row,"Refresh currentOverview from live game data, re-read the reviewed copy beside the current record, then import with --force only after confirming the row is still accurate."
ps1-priority-moorhen-motocross-reviewed-overviews-2026-08-25.json,data/games/reviewed-overview-imports/ps1-priority-moorhen-motocross-reviewed-overviews-2026-08-25.csv,ps1,ps1-motocross-mania-2,,currentOverview is stale; rerun with --force after re-reviewing this row,"Refresh currentOverview from live game data, re-read the reviewed copy beside the current record, then import with --force only after confirming the row is still accurate."
ps1-priority-motteke-mydream-reviewed-overviews-2026-08-25.json,data/games/reviewed-overview-imports/ps1-priority-motteke-mydream-reviewed-overviews-2026-08-25.csv,ps1,ps1-motteke-tamago-with-ganbare-kamonohashi,,currentOverview is stale; rerun with --force after re-reviewing this row,"Refresh currentOverview from live game data, re-read the reviewed copy beside the current record, then import with --force only after confirming the row is still accurate."
ps1-priority-motteke-mydream-reviewed-overviews-2026-08-25.json,data/games/reviewed-overview-imports/ps1-priority-motteke-mydream-reviewed-overviews-2026-08-25.csv,ps1,ps1-motto-trump-shiyouyo-i-mode-de-grand-prix,,currentOverview is stale; rerun with --force after re-reviewing this row,"Refresh currentOverview from live game data, re-read the reviewed copy beside the current record, then import with --force only after confirming the row is still accurate."
ps1-priority-motteke-mydream-reviewed-overviews-2026-08-25.json,data/games/reviewed-overview-imports/ps1-priority-motteke-mydream-reviewed-overviews-2026-08-25.csv,ps1,ps1-motto-nyan-to-wonderful-2,,currentOverview is stale; rerun with --force after re-reviewing this row,"Refresh currentOverview from live game data, re-read the reviewed copy beside the current record, then import with --force only after confirming the row is still accurate."
ps1-priority-motteke-mydream-reviewed-overviews-2026-08-25.json,data/games/reviewed-overview-imports/ps1-priority-motteke-mydream-reviewed-overviews-2026-08-25.csv,ps1,ps1-motto-oja-majo-do-re-mi-mahodou-smile-party,,currentOverview is stale; rerun with --force after re-reviewing this row,"Refresh currentOverview from live game data, re-read the reviewed copy beside the current record, then import with --force only after confirming the row is still accurate."
ps1-priority-motteke-mydream-reviewed-overviews-2026-08-25.json,data/games/reviewed-overview-imports/ps1-priority-motteke-mydream-reviewed-overviews-2026-08-25.csv,ps1,ps1-mouri-motonari-chikai-no-sanshi,,currentOverview is stale; rerun with --force after re-reviewing this row,"Refresh currentOverview from live game data, re-read the reviewed copy beside the current record, then import with --force only after confirming the row is still accurate."
ps1-priority-motteke-mydream-reviewed-overviews-2026-08-25.json,data/games/reviewed-overview-imports/ps1-priority-motteke-mydream-reviewed-overviews-2026-08-25.csv,ps1,ps1-mr-prospector-horiate-kun,,currentOverview is stale; rerun with --force after re-reviewing this row,"Refresh currentOverview from live game data, re-read the reviewed copy beside the current record, then import with --force only after confirming the row is still accurate."
ps1-priority-motteke-mydream-reviewed-overviews-2026-08-25.json,data/games/reviewed-overview-imports/ps1-priority-motteke-mydream-reviewed-overviews-2026-08-25.csv,ps1,ps1-mtb-dirt-cross,,currentOverview is stale; rerun with --force after re-reviewing this row,"Refresh currentOverview from live game data, re-read the reviewed copy beside the current record, then import with --force only after confirming the row is still accurate."
ps1-priority-motteke-mydream-reviewed-overviews-2026-08-25.json,data/games/reviewed-overview-imports/ps1-priority-motteke-mydream-reviewed-overviews-2026-08-25.csv,ps1,ps1-murakoshi-masami-no-bakuchou-nippon-rettou,,currentOverview is stale; rerun with --force after re-reviewing this row,"Refresh currentOverview from live game data, re-read the reviewed copy beside the current record, then import with --force only after confirming the row is still accurate."
ps1-priority-motteke-mydream-reviewed-overviews-2026-08-25.json,data/games/reviewed-overview-imports/ps1-priority-motteke-mydream-reviewed-overviews-2026-08-25.csv,ps1,ps1-murakoshi-masami-no-bakuchou-nippon-rettou-2,,currentOverview is stale; rerun with --force after re-reviewing this row,"Refresh currentOverview from live game data, re-read the reviewed copy beside the current record, then import with --force only after confirming the row is still accurate."
ps1-priority-motteke-mydream-reviewed-overviews-2026-08-25.json,data/games/reviewed-overview-imports/ps1-priority-motteke-mydream-reviewed-overviews-2026-08-25.csv,ps1,ps1-murakoshi-masami-no-pakuchikou-seabass-fishing,,currentOverview is stale; rerun with --force after re-reviewing this row,"Refresh currentOverview from live game data, re-read the reviewed copy beside the current record, then import with --force only after confirming the row is still accurate."
ps1-priority-motteke-mydream-reviewed-overviews-2026-08-25.json,data/games/reviewed-overview-imports/ps1-priority-motteke-mydream-reviewed-overviews-2026-08-25.csv,ps1,ps1-mushi-no-idokoro,,currentOverview is stale; rerun with --force after re-reviewing this row,"Refresh currentOverview from live game data, re-read the reviewed copy beside the current record, then import with --force only after confirming the row is still accurate."
ps1-priority-motteke-mydream-reviewed-overviews-2026-08-25.json,data/games/reviewed-overview-imports/ps1-priority-motteke-mydream-reviewed-overviews-2026-08-25.csv,ps1,ps1-mushi-taro,,currentOverview is stale; rerun with --force after re-reviewing this row,"Refresh currentOverview from live game data, re-read the reviewed copy beside the current record, then import with --force only after confirming the row is still accurate."
ps1-priority-motteke-mydream-reviewed-overviews-2026-08-25.json,data/games/reviewed-overview-imports/ps1-priority-motteke-mydream-reviewed-overviews-2026-08-25.csv,ps1,ps1-muteki-o-tri-zenon,,currentOverview is stale; rerun with --force after re-reviewing this row,"Refresh currentOverview from live game data, re-read the reviewed copy beside the current record, then import with --force only after confirming the row is still accurate."
ps1-priority-motteke-mydream-reviewed-overviews-2026-08-25.json,data/games/reviewed-overview-imports/ps1-priority-motteke-mydream-reviewed-overviews-2026-08-25.csv,ps1,ps1-my-dream-on-air-ga-matenakute,,currentOverview is stale; rerun with --force after re-reviewing this row,"Refresh currentOverview from live game data, re-read the reviewed copy beside the current record, then import with --force only after confirming the row is still accurate."
ps1-priority-mygarden-nankuro-reviewed-overviews-2026-08-25.json,data/games/reviewed-overview-imports/ps1-priority-mygarden-nankuro-reviewed-overviews-2026-08-25.csv,ps1,ps1-naniwa-no-akindo-futte-nanbo-no-saikoro-jinsei,,currentOverview is stale; rerun with --force after re-reviewing this row,"Refresh currentOverview from live game data, re-read the reviewed copy beside the current record, then import with --force only after confirming the row is still accurate."
ps1-priority-ncaa-neorude-reviewed-overviews-2026-08-25.json,data/games/reviewed-overview-imports/ps1-priority-ncaa-neorude-reviewed-overviews-2026-08-25.csv,ps1,ps1-ncaa-march-madness-2001,,currentOverview is stale; rerun with --force after re-reviewing this row,"Refresh currentOverview from live game data, re-read the reviewed copy beside the current record, then import with --force only after confirming the row is still accurate."
ps1-priority-ncaa-neorude-reviewed-overviews-2026-08-25.json,data/games/reviewed-overview-imports/ps1-priority-ncaa-neorude-reviewed-overviews-2026-08-25.csv,ps1,ps1-neko-no-kaikata,,currentOverview is stale; rerun with --force after re-reviewing this row,"Refresh currentOverview from live game data, re-read the reviewed copy beside the current record, then import with --force only after confirming the row is still accurate."
ps1-priority-ncaa-neorude-reviewed-overviews-2026-08-25.json,data/games/reviewed-overview-imports/ps1-priority-ncaa-neorude-reviewed-overviews-2026-08-25.csv,ps1,ps1-neko-zamurai,,currentOverview is stale; rerun with --force after re-reviewing this row,"Refresh currentOverview from live game data, re-read the reviewed copy beside the current record, then import with --force only after confirming the row is still accurate."
ps1-priority-ncaa-neorude-reviewed-overviews-2026-08-25.json,data/games/reviewed-overview-imports/ps1-priority-ncaa-neorude-reviewed-overviews-2026-08-25.csv,ps1,ps1-nemuru-mayu-sleeping-cocoon,,currentOverview is stale; rerun with --force after re-reviewing this row,"Refresh currentOverview from live game data, re-read the reviewed copy beside the current record, then import with --force only after confirming the row is still accurate."
ps1-priority-ncaa-neorude-reviewed-overviews-2026-08-25.json,data/games/reviewed-overview-imports/ps1-priority-ncaa-neorude-reviewed-overviews-2026-08-25.csv,ps1,ps1-neo-atlas,,currentOverview is stale; rerun with --force after re-reviewing this row,"Refresh currentOverview from live game data, re-read the reviewed copy beside the current record, then import with --force only after confirming the row is still accurate."
ps1-priority-ncaa-neorude-reviewed-overviews-2026-08-25.json,data/games/reviewed-overview-imports/ps1-priority-ncaa-neorude-reviewed-overviews-2026-08-25.csv,ps1,ps1-neorude,,currentOverview is stale; rerun with --force after re-reviewing this row,"Refresh currentOverview from live game data, re-read the reviewed copy beside the current record, then import with --force only after confirming the row is still accurate."
ps1-priority-ncaa-neorude-reviewed-overviews-2026-08-25.json,data/games/reviewed-overview-imports/ps1-priority-ncaa-neorude-reviewed-overviews-2026-08-25.csv,ps1,ps1-neorude-2,,currentOverview is stale; rerun with --force after re-reviewing this row,"Refresh currentOverview from live game data, re-read the reviewed copy beside the current record, then import with --force only after confirming the row is still accurate."
ps1-priority-neorude-nfl-reviewed-overviews-2026-08-25.json,data/games/reviewed-overview-imports/ps1-priority-neorude-nfl-reviewed-overviews-2026-08-25.csv,ps1,ps1-neorude-kizamareta-monshou,,currentOverview is stale; rerun with --force after re-reviewing this row,"Refresh currentOverview from live game data, re-read the reviewed copy beside the current record, then import with --force only after confirming the row is still accurate."
ps1-priority-neorude-nfl-reviewed-overviews-2026-08-25.json,data/games/reviewed-overview-imports/ps1-priority-neorude-nfl-reviewed-overviews-2026-08-25.csv,ps1,ps1-nessa-no-hoshi,,currentOverview is stale; rerun with --force after re-reviewing this row,"Refresh currentOverview from live game data, re-read the reviewed copy beside the current record, then import with --force only after confirming the row is still accurate."
ps1-priority-neorude-nfl-reviewed-overviews-2026-08-25.json,data/games/reviewed-overview-imports/ps1-priority-neorude-nfl-reviewed-overviews-2026-08-25.csv,ps1,ps1-next-king-koi-no-sennen-oukoku,,currentOverview is stale; rerun with --force after re-reviewing this row,"Refresh currentOverview from live game data, re-read the reviewed copy beside the current record, then import with --force only after confirming the row is still accurate."
ps1-priority-neorude-nfl-reviewed-overviews-2026-08-25.json,data/games/reviewed-overview-imports/ps1-priority-neorude-nfl-reviewed-overviews-2026-08-25.csv,ps1,ps1-nfl-full-contact,,currentOverview is stale; rerun with --force after re-reviewing this row,"Refresh currentOverview from live game data, re-read the reviewed copy beside the current record, then import with --force only after confirming the row is still accurate."
ps1-priority-neorude-nfl-reviewed-overviews-2026-08-25.json,data/games/reviewed-overview-imports/ps1-priority-neorude-nfl-reviewed-overviews-2026-08-25.csv,ps1,ps1-nfl-gameday,,currentOverview is stale; rerun with --force after re-reviewing this row,"Refresh currentOverview from live game data, re-read the reviewed copy beside the current record, then import with --force only after confirming the row is still accurate."
ps1-priority-neorude-nfl-reviewed-overviews-2026-08-25.json,data/games/reviewed-overview-imports/ps1-priority-neorude-nfl-reviewed-overviews-2026-08-25.csv,ps1,ps1-nfl-gameday-99,,currentOverview is stale; rerun with --force after re-reviewing this row,"Refresh currentOverview from live game data, re-read the reviewed copy beside the current record, then import with --force only after confirming the row is still accurate."
ps1-priority-neorude-nfl-reviewed-overviews-2026-08-25.json,data/games/reviewed-overview-imports/ps1-priority-neorude-nfl-reviewed-overviews-2026-08-25.csv,ps1,ps1-nfl-gameday-2000,,currentOverview is stale; rerun with --force after re-reviewing this row,"Refresh currentOverview from live game data, re-read the reviewed copy beside the current record, then import with --force only after confirming the row is still accurate."
ps1-priority-neorude-nfl-reviewed-overviews-2026-08-25.json,data/games/reviewed-overview-imports/ps1-priority-neorude-nfl-reviewed-overviews-2026-08-25.csv,ps1,ps1-nfl-gameday-2001,,currentOverview is stale; rerun with --force after re-reviewing this row,"Refresh currentOverview from live game data, re-read the reviewed copy beside the current record, then import with --force only after confirming the row is still accurate."
ps1-priority-neorude-nfl-reviewed-overviews-2026-08-25.json,data/games/reviewed-overview-imports/ps1-priority-neorude-nfl-reviewed-overviews-2026-08-25.csv,ps1,ps1-nfl-gameday-2002,,currentOverview is stale; rerun with --force after re-reviewing this row,"Refresh currentOverview from live game data, re-read the reviewed copy beside the current record, then import with --force only after confirming the row is still accurate."
ps1-priority-neues-nichibutsu-reviewed-overviews-2026-08-25.json,data/games/reviewed-overview-imports/ps1-priority-neues-nichibutsu-reviewed-overviews-2026-08-25.csv,ps1,ps1-neues,,currentOverview is stale; rerun with --force after re-reviewing this row,"Refresh currentOverview from live game data, re-read the reviewed copy beside the current record, then import with --force only after confirming the row is still accurate."
ps1-priority-neues-nichibutsu-reviewed-overviews-2026-08-25.json,data/games/reviewed-overview-imports/ps1-priority-neues-nichibutsu-reviewed-overviews-2026-08-25.csv,ps1,ps1-nfl-gameday-2004,,currentOverview is stale; rerun with --force after re-reviewing this row,"Refresh currentOverview from live game data, re-read the reviewed copy beside the current record, then import with --force only after confirming the row is still accurate."
ps1-priority-neues-nichibutsu-reviewed-overviews-2026-08-25.json,data/games/reviewed-overview-imports/ps1-priority-neues-nichibutsu-reviewed-overviews-2026-08-25.csv,ps1,ps1-nfl-gameday-2005,,currentOverview is stale; rerun with --force after re-reviewing this row,"Refresh currentOverview from live game data, re-read the reviewed copy beside the current record, then import with --force only after confirming the row is still accurate."
ps1-priority-neues-nichibutsu-reviewed-overviews-2026-08-25.json,data/games/reviewed-overview-imports/ps1-priority-neues-nichibutsu-reviewed-overviews-2026-08-25.csv,ps1,ps1-nhl-powerplay-98,,currentOverview is stale; rerun with --force after re-reviewing this row,"Refresh currentOverview from live game data, re-read the reviewed copy beside the current record, then import with --force only after confirming the row is still accurate."
ps1-priority-neues-nichibutsu-reviewed-overviews-2026-08-25.json,data/games/reviewed-overview-imports/ps1-priority-neues-nichibutsu-reviewed-overviews-2026-08-25.csv,ps1,ps1-nhl-rock-the-rink,,currentOverview is stale; rerun with --force after re-reviewing this row,"Refresh currentOverview from live game data, re-read the reviewed copy beside the current record, then import with --force only after confirming the row is still accurate."
ps1-priority-neues-nichibutsu-reviewed-overviews-2026-08-25.json,data/games/reviewed-overview-imports/ps1-priority-neues-nichibutsu-reviewed-overviews-2026-08-25.csv,ps1,ps1-nibiiro-no-koubou-32-nin-no-sensha-chou,,currentOverview is stale; rerun with --force after re-reviewing this row,"Refresh currentOverview from live game data, re-read the reviewed copy beside the current record, then import with --force only after confirming the row is still accurate."
ps1-priority-neues-nichibutsu-reviewed-overviews-2026-08-25.json,data/games/reviewed-overview-imports/ps1-priority-neues-nichibutsu-reviewed-overviews-2026-08-25.csv,ps1,ps1-nice-cats,,currentOverview is stale; rerun with --force after re-reviewing this row,"Refresh currentOverview from live game data, re-read the reviewed copy beside the current record, then import with --force only after confirming the row is still accurate."
ps1-priority-neues-nichibutsu-reviewed-overviews-2026-08-25.json,data/games/reviewed-overview-imports/ps1-priority-neues-nichibutsu-reviewed-overviews-2026-08-25.csv,ps1,ps1-nichibutsu-mahjong-joshikou-meijinsen,,currentOverview is stale; rerun with --force after re-reviewing this row,"Refresh currentOverview from live game data, re-read the reviewed copy beside the current record, then import with --force only after confirming the row is still accurate."
ps1-priority-nighthead-hurricaneger-reviewed-overviews-2026-08-25.json,data/games/reviewed-overview-imports/ps1-priority-nighthead-hurricaneger-reviewed-overviews-2026-08-25.csv,ps1,ps1-night-head-the-labyrinth,,currentOverview is stale; rerun with --force after re-reviewing this row,"Refresh currentOverview from live game data, re-read the reviewed copy beside the current record, then import with --force only after confirming the row is still accurate."
ps1-priority-nighthead-hurricaneger-reviewed-overviews-2026-08-25.json,data/games/reviewed-overview-imports/ps1-priority-nighthead-hurricaneger-reviewed-overviews-2026-08-25.csv,ps1,ps1-night-raid,,currentOverview is stale; rerun with --force after re-reviewing this row,"Refresh currentOverview from live game data, re-read the reviewed copy beside the current record, then import with --force only after confirming the row is still accurate."
ps1-priority-nighthead-hurricaneger-reviewed-overviews-2026-08-25.json,data/games/reviewed-overview-imports/ps1-priority-nighthead-hurricaneger-reviewed-overviews-2026-08-25.csv,ps1,ps1-nightruth-explanation-of-the-paranormal-yami-no-tobira,,currentOverview is stale; rerun with --force after re-reviewing this row,"Refresh currentOverview from live game data, re-read the reviewed copy beside the current record, then import with --force only after confirming the row is still accurate."
ps1-priority-nighthead-hurricaneger-reviewed-overviews-2026-08-25.json,data/games/reviewed-overview-imports/ps1-priority-nighthead-hurricaneger-reviewed-overviews-2026-08-25.csv,ps1,ps1-nijiiro-dodgeball-otome-tachi-no-seishun,,currentOverview is stale; rerun with --force after re-reviewing this row,"Refresh currentOverview from live game data, re-read the reviewed copy beside the current record, then import with --force only after confirming the row is still accurate."
ps1-priority-nighthead-hurricaneger-reviewed-overviews-2026-08-25.json,data/games/reviewed-overview-imports/ps1-priority-nighthead-hurricaneger-reviewed-overviews-2026-08-25.csv,ps1,ps1-nijiiro-twinkle-guruguru-daisakusen,,currentOverview is stale; rerun with --force after re-reviewing this row,"Refresh currentOverview from live game data, re-read the reviewed copy beside the current record, then import with --force only after confirming the row is still accurate."
ps1-priority-nighthead-hurricaneger-reviewed-overviews-2026-08-25.json,data/games/reviewed-overview-imports/ps1-priority-nighthead-hurricaneger-reviewed-overviews-2026-08-25.csv,ps1,ps1-nikakudori-deluxe,,currentOverview is stale; rerun with --force after re-reviewing this row,"Refresh currentOverview from live game data, re-read the reviewed copy beside the current record, then import with --force only after confirming the row is still accurate."
ps1-priority-nighthead-hurricaneger-reviewed-overviews-2026-08-25.json,data/games/reviewed-overview-imports/ps1-priority-nighthead-hurricaneger-reviewed-overviews-2026-08-25.csv,ps1,ps1-ningyo-no-rakuin,,currentOverview is stale; rerun with --force after re-reviewing this row,"Refresh currentOverview from live game data, re-read the reviewed copy beside the current record, then import with --force only after confirming the row is still accurate."
ps1-priority-nighthead-hurricaneger-reviewed-overviews-2026-08-25.json,data/games/reviewed-overview-imports/ps1-priority-nighthead-hurricaneger-reviewed-overviews-2026-08-25.csv,ps1,ps1-ninja-jaja-marukun-oniriki-ninpoucho,,currentOverview is stale; rerun with --force after re-reviewing this row,"Refresh currentOverview from live game data, re-read the reviewed copy beside the current record, then import with --force only after confirming the row is still accurate."
ps1-priority-nighthead-hurricaneger-reviewed-overviews-2026-08-25.json,data/games/reviewed-overview-imports/ps1-priority-nighthead-hurricaneger-reviewed-overviews-2026-08-25.csv,ps1,ps1-ninku,,currentOverview is stale; rerun with --force after re-reviewing this row,"Refresh currentOverview from live game data, re-read the reviewed copy beside the current record, then import with --force only after confirming the row is still accurate."
ps1-priority-nighthead-hurricaneger-reviewed-overviews-2026-08-25.json,data/games/reviewed-overview-imports/ps1-priority-nighthead-hurricaneger-reviewed-overviews-2026-08-25.csv,ps1,ps1-ninpu-sentai-hurricaneger,,currentOverview is stale; rerun with --force after re-reviewing this row,"Refresh currentOverview from live game data, re-read the reviewed copy beside the current record, then import with --force only after confirming the row is still accurate."
ps1-priority-nippon-nishijin-reviewed-overviews-2026-08-25.json,data/games/reviewed-overview-imports/ps1-priority-nippon-nishijin-reviewed-overviews-2026-08-25.csv,ps1,ps1-nippon-golf-kyoukai-kanshuu-double-eagle,,currentOverview is stale; rerun with --force after re-reviewing this row,"Refresh currentOverview from live game data, re-read the reviewed copy beside the current record, then import with --force only after confirming the row is still accurate."
ps1-priority-nippon-nishijin-reviewed-overviews-2026-08-25.json,data/games/reviewed-overview-imports/ps1-priority-nippon-nishijin-reviewed-overviews-2026-08-25.csv,ps1,ps1-nippon-pro-mahjong-renmei-kounin-doujou-yaburi,,currentOverview is stale; rerun with --force after re-reviewing this row,"Refresh currentOverview from live game data, re-read the reviewed copy beside the current record, then import with --force only after confirming the row is still accurate."
ps1-priority-nippon-nishijin-reviewed-overviews-2026-08-25.json,data/games/reviewed-overview-imports/ps1-priority-nippon-nishijin-reviewed-overviews-2026-08-25.csv,ps1,ps1-nippon-pro-mahjong-renmei-kounin-doujou-yaburi-2,,currentOverview is stale; rerun with --force after re-reviewing this row,"Refresh currentOverview from live game data, re-read the reviewed copy beside the current record, then import with --force only after confirming the row is still accurate."
ps1-priority-nippon-nishijin-reviewed-overviews-2026-08-25.json,data/games/reviewed-overview-imports/ps1-priority-nippon-nishijin-reviewed-overviews-2026-08-25.csv,ps1,ps1-nippon-pro-mahjong-renmei-kounin-honkaku-pro-mahjong,,currentOverview is stale; rerun with --force after re-reviewing this row,"Refresh currentOverview from live game data, re-read the reviewed copy beside the current record, then import with --force only after confirming the row is still accurate."
ps1-priority-nippon-nishijin-reviewed-overviews-2026-08-25.json,data/games/reviewed-overview-imports/ps1-priority-nippon-nishijin-reviewed-overviews-2026-08-25.csv,ps1,ps1-nippon-pro-mahjong-renmei-kounin-shin-tetsuman,,currentOverview is stale; rerun with --force after re-reviewing this row,"Refresh currentOverview from live game data, re-read the reviewed copy beside the current record, then import with --force only after confirming the row is still accurate."
ps1-priority-nippon-nishijin-reviewed-overviews-2026-08-25.json,data/games/reviewed-overview-imports/ps1-priority-nippon-nishijin-reviewed-overviews-2026-08-25.csv,ps1,ps1-nippon-sumo-kyoukai-kounin-nippon-oozumou,,currentOverview is stale; rerun with --force after re-reviewing this row,"Refresh currentOverview from live game data, re-read the reviewed copy beside the current record, then import with --force only after confirming the row is still accurate."
ps1-priority-nippon-nishijin-reviewed-overviews-2026-08-25.json,data/games/reviewed-overview-imports/ps1-priority-nippon-nishijin-reviewed-overviews-2026-08-25.csv,ps1,ps1-nishijin-pachinko-tengoku-ex,,currentOverview is stale; rerun with --force after re-reviewing this row,"Refresh currentOverview from live game data, re-read the reviewed copy beside the current record, then import with --force only after confirming the row is still accurate."
ps1-priority-nippon-nishijin-reviewed-overviews-2026-08-25.json,data/games/reviewed-overview-imports/ps1-priority-nippon-nishijin-reviewed-overviews-2026-08-25.csv,ps1,ps1-nishijin-pachinko-tengoku-vol-2,,currentOverview is stale; rerun with --force after re-reviewing this row,"Refresh currentOverview from live game data, re-read the reviewed copy beside the current record, then import with --force only after confirming the row is still accurate."
ps1-priority-nippon-nishijin-reviewed-overviews-2026-08-25.json,data/games/reviewed-overview-imports/ps1-priority-nippon-nishijin-reviewed-overviews-2026-08-25.csv,ps1,ps1-nishijin-pachinko-tengoku-vol-3,,currentOverview is stale; rerun with --force after re-reviewing this row,"Refresh currentOverview from live game data, re-read the reviewed copy beside the current record, then import with --force only after confirming the row is still accurate."
ps1-priority-nishijin-nobunaga-reviewed-overviews-2026-08-25.json,data/games/reviewed-overview-imports/ps1-priority-nishijin-nobunaga-reviewed-overviews-2026-08-25.csv,ps1,ps1-nishijin-pachinko-tettei-kouryaku-cr-hanaman-sokuhou-and-cr-obake-land,,currentOverview is stale; rerun with --force after re-reviewing this row,"Refresh currentOverview from live game data, re-read the reviewed copy beside the current record, then import with --force only after confirming the row is still accurate."
ps1-priority-nishijin-nobunaga-reviewed-overviews-2026-08-25.json,data/games/reviewed-overview-imports/ps1-priority-nishijin-nobunaga-reviewed-overviews-2026-08-25.csv,ps1,ps1-no-appointment-gals-olympos,,currentOverview is stale; rerun with --force after re-reviewing this row,"Refresh currentOverview from live game data, re-read the reviewed copy beside the current record, then import with --force only after confirming the row is still accurate."
ps1-priority-nishijin-nobunaga-reviewed-overviews-2026-08-25.json,data/games/reviewed-overview-imports/ps1-priority-nishijin-nobunaga-reviewed-overviews-2026-08-25.csv,ps1,ps1-nobunaga-hiroku-ge-ten-no-yume,,currentOverview is stale; rerun with --force after re-reviewing this row,"Refresh currentOverview from live game data, re-read the reviewed copy beside the current record, then import with --force only after confirming the row is still accurate."
ps1-priority-nishijin-nobunaga-reviewed-overviews-2026-08-25.json,data/games/reviewed-overview-imports/ps1-priority-nishijin-nobunaga-reviewed-overviews-2026-08-25.csv,ps1,ps1-nobunaga-no-yabou-returns,,currentOverview is stale; rerun with --force after re-reviewing this row,"Refresh currentOverview from live game data, re-read the reviewed copy beside the current record, then import with --force only after confirming the row is still accurate."
ps1-priority-nishijin-nobunaga-reviewed-overviews-2026-08-25.json,data/games/reviewed-overview-imports/ps1-priority-nishijin-nobunaga-reviewed-overviews-2026-08-25.csv,ps1,ps1-nobunaga-no-yabou-bushou-fuuunroku,,currentOverview is stale; rerun with --force after re-reviewing this row,"Refresh currentOverview from live game data, re-read the reviewed copy beside the current record, then import with --force only after confirming the row is still accurate."
ps1-priority-nishijin-nobunaga-reviewed-overviews-2026-08-25.json,data/games/reviewed-overview-imports/ps1-priority-nishijin-nobunaga-reviewed-overviews-2026-08-25.csv,ps1,ps1-nobunaga-no-yabou-haouden,,currentOverview is stale; rerun with --force after re-reviewing this row,"Refresh currentOverview from live game data, re-read the reviewed copy beside the current record, then import with --force only after confirming the row is still accurate."
ps1-priority-nishijin-nobunaga-reviewed-overviews-2026-08-25.json,data/games/reviewed-overview-imports/ps1-priority-nishijin-nobunaga-reviewed-overviews-2026-08-25.csv,ps1,ps1-nobunaga-no-yabou-reppuuden,,currentOverview is stale; rerun with --force after re-reviewing this row,"Refresh currentOverview from live game data, re-read the reviewed copy beside the current record, then import with --force only after confirming the row is still accurate."
ps1-priority-nishijin-nobunaga-reviewed-overviews-2026-08-25.json,data/games/reviewed-overview-imports/ps1-priority-nishijin-nobunaga-reviewed-overviews-2026-08-25.csv,ps1,ps1-nobunaga-no-yabou-sengouku-gunyuuden,,currentOverview is stale; rerun with --force after re-reviewing this row,"Refresh currentOverview from live game data, re-read the reviewed copy beside the current record, then import with --force only after confirming the row is still accurate."
ps1-priority-nishijin-nobunaga-reviewed-overviews-2026-08-25.json,data/games/reviewed-overview-imports/ps1-priority-nishijin-nobunaga-reviewed-overviews-2026-08-25.csv,ps1,ps1-nobunaga-no-yabou-tenshouki,,currentOverview is stale; rerun with --force after re-reviewing this row,"Refresh currentOverview from live game data, re-read the reviewed copy beside the current record, then import with --force only after confirming the row is still accurate."
ps1-priority-nobunaga-nukumori-reviewed-overviews-2026-08-25.json,data/games/reviewed-overview-imports/ps1-priority-nobunaga-nukumori-reviewed-overviews-2026-08-25.csv,ps1,ps1-nobunaga-no-yabou-zenkokuban,,currentOverview is stale; rerun with --force after re-reviewing this row,"Refresh currentOverview from live game data, re-read the reviewed copy beside the current record, then import with --force only after confirming the row is still accurate."
ps1-priority-nobunaga-nukumori-reviewed-overviews-2026-08-25.json,data/games/reviewed-overview-imports/ps1-priority-nobunaga-nukumori-reviewed-overviews-2026-08-25.csv,ps1,ps1-nobunaga-shippuuki-ko,,currentOverview is stale; rerun with --force after re-reviewing this row,"Refresh currentOverview from live game data, re-read the reviewed copy beside the current record, then import with --force only after confirming the row is still accurate."
ps1-priority-nobunaga-nukumori-reviewed-overviews-2026-08-25.json,data/games/reviewed-overview-imports/ps1-priority-nobunaga-nukumori-reviewed-overviews-2026-08-25.csv,ps1,ps1-noel-3-mission-on-the-line,,currentOverview is stale; rerun with --force after re-reviewing this row,"Refresh currentOverview from live game data, re-read the reviewed copy beside the current record, then import with --force only after confirming the row is still accurate."
ps1-priority-nobunaga-nukumori-reviewed-overviews-2026-08-25.json,data/games/reviewed-overview-imports/ps1-priority-nobunaga-nukumori-reviewed-overviews-2026-08-25.csv,ps1,ps1-noel-la-neige,,currentOverview is stale; rerun with --force after re-reviewing this row,"Refresh currentOverview from live game data, re-read the reviewed copy beside the current record, then import with --force only after confirming the row is still accurate."
ps1-priority-nobunaga-nukumori-reviewed-overviews-2026-08-25.json,data/games/reviewed-overview-imports/ps1-priority-nobunaga-nukumori-reviewed-overviews-2026-08-25.csv,ps1,ps1-noel-la-neige-special,,currentOverview is stale; rerun with --force after re-reviewing this row,"Refresh currentOverview from live game data, re-read the reviewed copy beside the current record, then import with --force only after confirming the row is still accurate."
ps1-priority-nobunaga-nukumori-reviewed-overviews-2026-08-25.json,data/games/reviewed-overview-imports/ps1-priority-nobunaga-nukumori-reviewed-overviews-2026-08-25.csv,ps1,ps1-noel-not-digital,,currentOverview is stale; rerun with --force after re-reviewing this row,"Refresh currentOverview from live game data, re-read the reviewed copy beside the current record, then import with --force only after confirming the row is still accurate."
ps1-priority-nobunaga-nukumori-reviewed-overviews-2026-08-25.json,data/games/reviewed-overview-imports/ps1-priority-nobunaga-nukumori-reviewed-overviews-2026-08-25.csv,ps1,ps1-noon,,currentOverview is stale; rerun with --force after re-reviewing this row,"Refresh currentOverview from live game data, re-read the reviewed copy beside the current record, then import with --force only after confirming the row is still accurate."
ps1-priority-nobunaga-nukumori-reviewed-overviews-2026-08-25.json,data/games/reviewed-overview-imports/ps1-priority-nobunaga-nukumori-reviewed-overviews-2026-08-25.csv,ps1,ps1-not-treasure-hunter,,currentOverview is stale; rerun with --force after re-reviewing this row,"Refresh currentOverview from live game data, re-read the reviewed copy beside the current record, then import with --force only after confirming the row is still accurate."
ps1-priority-nobunaga-nukumori-reviewed-overviews-2026-08-25.json,data/games/reviewed-overview-imports/ps1-priority-nobunaga-nukumori-reviewed-overviews-2026-08-25.csv,ps1,ps1-novels-game-center-arashi-r,,currentOverview is stale; rerun with --force after re-reviewing this row,"Refresh currentOverview from live game data, re-read the reviewed copy beside the current record, then import with --force only after confirming the row is still accurate."
ps1-priority-nobunaga-nukumori-reviewed-overviews-2026-08-25.json,data/games/reviewed-overview-imports/ps1-priority-nobunaga-nukumori-reviewed-overviews-2026-08-25.csv,ps1,ps1-nukumori-no-naka-de,,currentOverview is stale; rerun with --force after re-reviewing this row,"Refresh currentOverview from live game data, re-read the reviewed copy beside the current record, then import with --force only after confirming the row is still accurate."
ps1-priority-nupa-odo-reviewed-overviews-2026-08-25.json,data/games/reviewed-overview-imports/ps1-priority-nupa-odo-reviewed-overviews-2026-08-25.csv,ps1,ps1-nupa-numeric-paint-puzzle,,currentOverview is stale; rerun with --force after re-reviewing this row,"Refresh currentOverview from live game data, re-read the reviewed copy beside the current record, then import with --force only after confirming the row is still accurate."
ps1-priority-nupa-odo-reviewed-overviews-2026-08-25.json,data/games/reviewed-overview-imports/ps1-priority-nupa-odo-reviewed-overviews-2026-08-25.csv,ps1,ps1-nurse-monogatari,,currentOverview is stale; rerun with --force after re-reviewing this row,"Refresh currentOverview from live game data, re-read the reviewed copy beside the current record, then import with --force only after confirming the row is still accurate."
ps1-priority-nupa-odo-reviewed-overviews-2026-08-25.json,data/games/reviewed-overview-imports/ps1-priority-nupa-odo-reviewed-overviews-2026-08-25.csv,ps1,ps1-nyan-to-wonderful,,currentOverview is stale; rerun with --force after re-reviewing this row,"Refresh currentOverview from live game data, re-read the reviewed copy beside the current record, then import with --force only after confirming the row is still accurate."
ps1-priority-nupa-odo-reviewed-overviews-2026-08-25.json,data/games/reviewed-overview-imports/ps1-priority-nupa-odo-reviewed-overviews-2026-08-25.csv,ps1,ps1-oasis-road,,currentOverview is stale; rerun with --force after re-reviewing this row,"Refresh currentOverview from live game data, re-read the reviewed copy beside the current record, then import with --force only after confirming the row is still accurate."
ps1-priority-nupa-odo-reviewed-overviews-2026-08-25.json,data/games/reviewed-overview-imports/ps1-priority-nupa-odo-reviewed-overviews-2026-08-25.csv,ps1,ps1-ochan-no-oekaki-logic-2,,currentOverview is stale; rerun with --force after re-reviewing this row,"Refresh currentOverview from live game data, re-read the reviewed copy beside the current record, then import with --force only after confirming the row is still accurate."
ps1-priority-nupa-odo-reviewed-overviews-2026-08-25.json,data/games/reviewed-overview-imports/ps1-priority-nupa-odo-reviewed-overviews-2026-08-25.csv,ps1,ps1-ochan-no-oekaki-logic-3,,currentOverview is stale; rerun with --force after re-reviewing this row,"Refresh currentOverview from live game data, re-read the reviewed copy beside the current record, then import with --force only after confirming the row is still accurate."
ps1-priority-nupa-odo-reviewed-overviews-2026-08-25.json,data/games/reviewed-overview-imports/ps1-priority-nupa-odo-reviewed-overviews-2026-08-25.csv,ps1,ps1-oda-nobunaga-den,,currentOverview is stale; rerun with --force after re-reviewing this row,"Refresh currentOverview from live game data, re-read the reviewed copy beside the current record, then import with --force only after confirming the row is still accurate."
ps1-priority-nupa-odo-reviewed-overviews-2026-08-25.json,data/games/reviewed-overview-imports/ps1-priority-nupa-odo-reviewed-overviews-2026-08-25.csv,ps1,ps1-odo-odo-oddity,,currentOverview is stale; rerun with --force after re-reviewing this row,"Refresh currentOverview from live game data, re-read the reviewed copy beside the current record, then import with --force only after confirming the row is still accurate."
ps1-priority-oekaki-okappari-reviewed-overviews-2026-08-25.json,data/games/reviewed-overview-imports/ps1-priority-oekaki-okappari-reviewed-overviews-2026-08-25.csv,ps1,ps1-oekaki-puzzle,,currentOverview is stale; rerun with --force after re-reviewing this row,"Refresh currentOverview from live game data, re-read the reviewed copy beside the current record, then import with --force only after confirming the row is still accurate."
ps1-priority-oekaki-okappari-reviewed-overviews-2026-08-25.json,data/games/reviewed-overview-imports/ps1-priority-oekaki-okappari-reviewed-overviews-2026-08-25.csv,ps1,ps1-oekaki-puzzle-2,,currentOverview is stale; rerun with --force after re-reviewing this row,"Refresh currentOverview from live game data, re-read the reviewed copy beside the current record, then import with --force only after confirming the row is still accurate."
ps1-priority-oekaki-okappari-reviewed-overviews-2026-08-25.json,data/games/reviewed-overview-imports/ps1-priority-oekaki-okappari-reviewed-overviews-2026-08-25.csv,ps1,ps1-oekaki-puzzle-3,,currentOverview is stale; rerun with --force after re-reviewing this row,"Refresh currentOverview from live game data, re-read the reviewed copy beside the current record, then import with --force only after confirming the row is still accurate."
ps1-priority-oekaki-okappari-reviewed-overviews-2026-08-25.json,data/games/reviewed-overview-imports/ps1-priority-oekaki-okappari-reviewed-overviews-2026-08-25.csv,ps1,ps1-oekaki-puzzle-4,,currentOverview is stale; rerun with --force after re-reviewing this row,"Refresh currentOverview from live game data, re-read the reviewed copy beside the current record, then import with --force only after confirming the row is still accurate."
ps1-priority-oekaki-okappari-reviewed-overviews-2026-08-25.json,data/games/reviewed-overview-imports/ps1-priority-oekaki-okappari-reviewed-overviews-2026-08-25.csv,ps1,ps1-oekaki-puzzle-5,,currentOverview is stale; rerun with --force after re-reviewing this row,"Refresh currentOverview from live game data, re-read the reviewed copy beside the current record, then import with --force only after confirming the row is still accurate."
ps1-priority-oekaki-okappari-reviewed-overviews-2026-08-25.json,data/games/reviewed-overview-imports/ps1-priority-oekaki-okappari-reviewed-overviews-2026-08-25.csv,ps1,ps1-oh-no,,currentOverview is stale; rerun with --force after re-reviewing this row,"Refresh currentOverview from live game data, re-read the reviewed copy beside the current record, then import with --force only after confirming the row is still accurate."
ps1-priority-oekaki-okappari-reviewed-overviews-2026-08-25.json,data/games/reviewed-overview-imports/ps1-priority-oekaki-okappari-reviewed-overviews-2026-08-25.csv,ps1,ps1-oha-star-dance-dance-revolution,,currentOverview is stale; rerun with --force after re-reviewing this row,"Refresh currentOverview from live game data, re-read the reviewed copy beside the current record, then import with --force only after confirming the row is still accurate."
ps1-priority-oekaki-okappari-reviewed-overviews-2026-08-25.json,data/games/reviewed-overview-imports/ps1-priority-oekaki-okappari-reviewed-overviews-2026-08-25.csv,ps1,ps1-oja-majo-do-re-mi-mahodou-dance-carnival,,currentOverview is stale; rerun with --force after re-reviewing this row,"Refresh currentOverview from live game data, re-read the reviewed copy beside the current record, then import with --force only after confirming the row is still accurate."
ps1-priority-oekaki-okappari-reviewed-overviews-2026-08-25.json,data/games/reviewed-overview-imports/ps1-priority-oekaki-okappari-reviewed-overviews-2026-08-25.csv,ps1,ps1-ojyousama-express,,currentOverview is stale; rerun with --force after re-reviewing this row,"Refresh currentOverview from live game data, re-read the reviewed copy beside the current record, then import with --force only after confirming the row is still accurate."
ps1-priority-oekaki-okappari-reviewed-overviews-2026-08-25.json,data/games/reviewed-overview-imports/ps1-priority-oekaki-okappari-reviewed-overviews-2026-08-25.csv,ps1,ps1-okada-toshi-no-tsume-shougi-kyoushitsu-nintei-ou,,currentOverview is stale; rerun with --force after re-reviewing this row,"Refresh currentOverview from live game data, re-read the reviewed copy beside the current record, then import with --force only after confirming the row is still accurate."
ps1-recognizable-catalog-reviewed-overviews.json,data/games/reviewed-overview-imports/ps1-recognizable-catalog-reviewed-overviews.csv,ps1,ps1-actua-ice-hockey,,currentOverview is stale; rerun with --force after re-reviewing this row,"Refresh currentOverview from live game data, re-read the reviewed copy beside the current record, then import with --force only after confirming the row is still accurate."
ps1-recognizable-licensed-fighter-reviewed-overviews.json,data/games/reviewed-overview-imports/ps1-recognizable-licensed-fighter-reviewed-overviews.csv,ps1,ps1-mega-man-legends,,currentOverview is stale; rerun with --force after re-reviewing this row,"Refresh currentOverview from live game data, re-read the reviewed copy beside the current record, then import with --force only after confirming the row is still accurate."
ps1-recognizable-licensed-fighter-reviewed-overviews.json,data/games/reviewed-overview-imports/ps1-recognizable-licensed-fighter-reviewed-overviews.csv,ps1,ps1-street-fighter-alpha-2,,currentOverview is stale; rerun with --force after re-reviewing this row,"Refresh currentOverview from live game data, re-read the reviewed copy beside the current record, then import with --force only after confirming the row is still accurate."
ps1-recognizable-licensed-fighter-reviewed-overviews.json,data/games/reviewed-overview-imports/ps1-recognizable-licensed-fighter-reviewed-overviews.csv,ps1,ps1-street-fighter-collection,,currentOverview is stale; rerun with --force after re-reviewing this row,"Refresh currentOverview from live game data, re-read the reviewed copy beside the current record, then import with --force only after confirming the row is still accurate."
ps1-recognizable-licensed-fighter-reviewed-overviews.json,data/games/reviewed-overview-imports/ps1-recognizable-licensed-fighter-reviewed-overviews.csv,ps1,ps1-wipeout-3,,currentOverview is stale; rerun with --force after re-reviewing this row,"Refresh currentOverview from live game data, re-read the reviewed copy beside the current record, then import with --force only after confirming the row is still accurate."
ps1-recognizable-licensed-fighter-reviewed-overviews.json,data/games/reviewed-overview-imports/ps1-recognizable-licensed-fighter-reviewed-overviews.csv,ps1,ps1-wipeout-3-special-edition,,currentOverview is stale; rerun with --force after re-reviewing this row,"Refresh currentOverview from live game data, re-read the reviewed copy beside the current record, then import with --force only after confirming the row is still accurate."
ps1-recognizable-licensed-fighter-reviewed-overviews.json,data/games/reviewed-overview-imports/ps1-recognizable-licensed-fighter-reviewed-overviews.csv,ps1,ps1-digimon-world-digital-card-battle,,currentOverview is stale; rerun with --force after re-reviewing this row,"Refresh currentOverview from live game data, re-read the reviewed copy beside the current record, then import with --force only after confirming the row is still accurate."
ps1-recognizable-licensed-fighter-reviewed-overviews.json,data/games/reviewed-overview-imports/ps1-recognizable-licensed-fighter-reviewed-overviews.csv,ps1,ps1-yu-gi-oh-monster-capsule-breed-and-battle,,currentOverview is stale; rerun with --force after re-reviewing this row,"Refresh currentOverview from live game data, re-read the reviewed copy beside the current record, then import with --force only after confirming the row is still accurate."
ps1-recognizable-licensed-fighter-reviewed-overviews.json,data/games/reviewed-overview-imports/ps1-recognizable-licensed-fighter-reviewed-overviews.csv,ps1,ps1-harry-potter-and-the-chamber-of-secrets,,currentOverview is stale; rerun with --force after re-reviewing this row,"Refresh currentOverview from live game data, re-read the reviewed copy beside the current record, then import with --force only after confirming the row is still accurate."
ps1-recognizable-licensed-fighter-reviewed-overviews.json,data/games/reviewed-overview-imports/ps1-recognizable-licensed-fighter-reviewed-overviews.csv,ps1,ps1-disney-s-dinosaur,,currentOverview is stale; rerun with --force after re-reviewing this row,"Refresh currentOverview from live game data, re-read the reviewed copy beside the current record, then import with --force only after confirming the row is still accurate."
ps1-recognizable-licensed-fighter-reviewed-overviews.json,data/games/reviewed-overview-imports/ps1-recognizable-licensed-fighter-reviewed-overviews.csv,ps1,ps1-disney-s-peter-pan-in-return-to-neverland,,currentOverview is stale; rerun with --force after re-reviewing this row,"Refresh currentOverview from live game data, re-read the reviewed copy beside the current record, then import with --force only after confirming the row is still accurate."
ps1-recognizable-licensed-fighter-reviewed-overviews.json,data/games/reviewed-overview-imports/ps1-recognizable-licensed-fighter-reviewed-overviews.csv,ps1,ps1-namco-museum-encore,,currentOverview is stale; rerun with --force after re-reviewing this row,"Refresh currentOverview from live game data, re-read the reviewed copy beside the current record, then import with --force only after confirming the row is still accurate."
ps1-recognizable-second-pass-reviewed-overviews.json,data/games/reviewed-overview-imports/ps1-recognizable-second-pass-reviewed-overviews.csv,ps1,ps1-action-man-operation-extreme,,currentOverview is stale; rerun with --force after re-reviewing this row,"Refresh currentOverview from live game data, re-read the reviewed copy beside the current record, then import with --force only after confirming the row is still accurate."
ps1-recognizable-second-pass-reviewed-overviews.json,data/games/reviewed-overview-imports/ps1-recognizable-second-pass-reviewed-overviews.csv,ps1,ps1-adiboo-and-paziral-s-secret,,currentOverview is stale; rerun with --force after re-reviewing this row,"Refresh currentOverview from live game data, re-read the reviewed copy beside the current record, then import with --force only after confirming the row is still accurate."
ps1-recognizable-second-pass-reviewed-overviews.json,data/games/reviewed-overview-imports/ps1-recognizable-second-pass-reviewed-overviews.csv,ps1,ps1-adidas-power-soccer-2,,currentOverview is stale; rerun with --force after re-reviewing this row,"Refresh currentOverview from live game data, re-read the reviewed copy beside the current record, then import with --force only after confirming the row is still accurate."
ps1-recognizable-second-pass-reviewed-overviews.json,data/games/reviewed-overview-imports/ps1-recognizable-second-pass-reviewed-overviews.csv,ps1,ps1-advanced-v-g,,currentOverview is stale; rerun with --force after re-reviewing this row,"Refresh currentOverview from live game data, re-read the reviewed copy beside the current record, then import with --force only after confirming the row is still accurate."
ps1-recognizable-second-pass-reviewed-overviews.json,data/games/reviewed-overview-imports/ps1-recognizable-second-pass-reviewed-overviews.csv,ps1,ps1-advanced-v-g-2,,currentOverview is stale; rerun with --force after re-reviewing this row,"Refresh currentOverview from live game data, re-read the reviewed copy beside the current record, then import with --force only after confirming the row is still accurate."
ps1-recognizable-second-pass-reviewed-overviews.json,data/games/reviewed-overview-imports/ps1-recognizable-second-pass-reviewed-overviews.csv,ps1,ps1-afl-99,,currentOverview is stale; rerun with --force after re-reviewing this row,"Refresh currentOverview from live game data, re-read the reviewed copy beside the current record, then import with --force only after confirming the row is still accurate."
ps1-recognizable-second-pass-reviewed-overviews.json,data/games/reviewed-overview-imports/ps1-recognizable-second-pass-reviewed-overviews.csv,ps1,ps1-afraid-gear,,currentOverview is stale; rerun with --force after re-reviewing this row,"Refresh currentOverview from live game data, re-read the reviewed copy beside the current record, then import with --force only after confirming the row is still accurate."
ps1-recognizable-second-pass-reviewed-overviews.json,data/games/reviewed-overview-imports/ps1-recognizable-second-pass-reviewed-overviews.csv,ps1,ps1-afraid-gear-another,,currentOverview is stale; rerun with --force after re-reviewing this row,"Refresh currentOverview from live game data, re-read the reviewed copy beside the current record, then import with --force only after confirming the row is still accurate."
ps1-sim-tabletop-rpg-reviewed-overviews-5.json,data/games/reviewed-overview-imports/ps1-sim-tabletop-rpg-reviewed-overviews-5.csv,ps1,ps1-a-ressha-de-ikou-z-mezase-tairiku-oudan,,currentOverview is stale; rerun with --force after re-reviewing this row,"Refresh currentOverview from live game data, re-read the reviewed copy beside the current record, then import with --force only after confirming the row is still accurate."
ps1-sim-tabletop-rpg-reviewed-overviews-5.json,data/games/reviewed-overview-imports/ps1-sim-tabletop-rpg-reviewed-overviews-5.csv,ps1,ps1-a-train,,currentOverview is stale; rerun with --force after re-reviewing this row,"Refresh currentOverview from live game data, re-read the reviewed copy beside the current record, then import with --force only after confirming the row is still accurate."
ps1-sim-tabletop-rpg-reviewed-overviews-5.json,data/games/reviewed-overview-imports/ps1-sim-tabletop-rpg-reviewed-overviews-5.csv,ps1,ps1-a5-a-ressha-de-ikou-5,,currentOverview is stale; rerun with --force after re-reviewing this row,"Refresh currentOverview from live game data, re-read the reviewed copy beside the current record, then import with --force only after confirming the row is still accurate."
ps1-sim-tabletop-rpg-reviewed-overviews-5.json,data/games/reviewed-overview-imports/ps1-sim-tabletop-rpg-reviewed-overviews-5.csv,ps1,ps1-atelier-elie-the-alchemist-of-salburg-2,,currentOverview is stale; rerun with --force after re-reviewing this row,"Refresh currentOverview from live game data, re-read the reviewed copy beside the current record, then import with --force only after confirming the row is still accurate."
ps1-sim-tabletop-rpg-reviewed-overviews-5.json,data/games/reviewed-overview-imports/ps1-sim-tabletop-rpg-reviewed-overviews-5.csv,ps1,ps1-marie-no-atelier-plus-salburg-no-renkinjutsushi,,currentOverview is stale; rerun with --force after re-reviewing this row,"Refresh currentOverview from live game data, re-read the reviewed copy beside the current record, then import with --force only after confirming the row is still accurate."
ps1-sim-tabletop-rpg-reviewed-overviews-5.json,data/games/reviewed-overview-imports/ps1-sim-tabletop-rpg-reviewed-overviews-5.csv,ps1,ps1-3-3-eyes-kyuusei-koushu,,currentOverview is stale; rerun with --force after re-reviewing this row,"Refresh currentOverview from live game data, re-read the reviewed copy beside the current record, then import with --force only after confirming the row is still accurate."
ps1-sim-tabletop-rpg-reviewed-overviews-5.json,data/games/reviewed-overview-imports/ps1-sim-tabletop-rpg-reviewed-overviews-5.csv,ps1,ps1-3-3-eyes-tenrinou-genmu,,currentOverview is stale; rerun with --force after re-reviewing this row,"Refresh currentOverview from live game data, re-read the reviewed copy beside the current record, then import with --force only after confirming the row is still accurate."
ps1-sim-tabletop-rpg-reviewed-overviews-5.json,data/games/reviewed-overview-imports/ps1-sim-tabletop-rpg-reviewed-overviews-5.csv,ps1,ps1-ai-mahjong-2000,,currentOverview is stale; rerun with --force after re-reviewing this row,"Refresh currentOverview from live game data, re-read the reviewed copy beside the current record, then import with --force only after confirming the row is still accurate."
ps1-sim-tabletop-rpg-reviewed-overviews-5.json,data/games/reviewed-overview-imports/ps1-sim-tabletop-rpg-reviewed-overviews-5.csv,ps1,ps1-ai-shogi,,currentOverview is stale; rerun with --force after re-reviewing this row,"Refresh currentOverview from live game data, re-read the reviewed copy beside the current record, then import with --force only after confirming the row is still accurate."
ps1-sim-tabletop-rpg-reviewed-overviews-5.json,data/games/reviewed-overview-imports/ps1-sim-tabletop-rpg-reviewed-overviews-5.csv,ps1,ps1-air-management-96,,currentOverview is stale; rerun with --force after re-reviewing this row,"Refresh currentOverview from live game data, re-read the reviewed copy beside the current record, then import with --force only after confirming the row is still accurate."
ps1-sim-tabletop-rpg-reviewed-overviews-5.json,data/games/reviewed-overview-imports/ps1-sim-tabletop-rpg-reviewed-overviews-5.csv,ps1,ps1-98-koshien,,currentOverview is stale; rerun with --force after re-reviewing this row,"Refresh currentOverview from live game data, re-read the reviewed copy beside the current record, then import with --force only after confirming the row is still accurate."
ps2-action-edutainment-reviewed-overviews.json,data/games/reviewed-overview-imports/ps2-action-edutainment-reviewed-overviews.csv,ps2,ps2-air-raid-3,,currentOverview is stale; rerun with --force after re-reviewing this row,"Refresh currentOverview from live game data, re-read the reviewed copy beside the current record, then import with --force only after confirming the row is still accurate."
ps2-action-fighting-import-reviewed-overviews-7.json,data/games/reviewed-overview-imports/ps2-action-fighting-import-reviewed-overviews-7.csv,ps2,ps2-samurai-warriors,,currentOverview is stale; rerun with --force after re-reviewing this row,"Refresh currentOverview from live game data, re-read the reviewed copy beside the current record, then import with --force only after confirming the row is still accurate."
ps2-action-fighting-import-reviewed-overviews-7.json,data/games/reviewed-overview-imports/ps2-action-fighting-import-reviewed-overviews-7.csv,ps2,ps2-samurai-warriors-2,,currentOverview is stale; rerun with --force after re-reviewing this row,"Refresh currentOverview from live game data, re-read the reviewed copy beside the current record, then import with --force only after confirming the row is still accurate."
ps2-action-fighting-import-reviewed-overviews-7.json,data/games/reviewed-overview-imports/ps2-action-fighting-import-reviewed-overviews-7.csv,ps2,ps2-dynasty-warriors-5-empires,,currentOverview is stale; rerun with --force after re-reviewing this row,"Refresh currentOverview from live game data, re-read the reviewed copy beside the current record, then import with --force only after confirming the row is still accurate."
ps2-action-fighting-import-reviewed-overviews-7.json,data/games/reviewed-overview-imports/ps2-action-fighting-import-reviewed-overviews-7.csv,ps2,ps2-the-king-of-fighters-2002,,currentOverview is stale; rerun with --force after re-reviewing this row,"Refresh currentOverview from live game data, re-read the reviewed copy beside the current record, then import with --force only after confirming the row is still accurate."
ps2-action-fighting-import-reviewed-overviews-7.json,data/games/reviewed-overview-imports/ps2-action-fighting-import-reviewed-overviews-7.csv,ps2,ps2-the-king-of-fighters-2002-unlimited-match,,currentOverview is stale; rerun with --force after re-reviewing this row,"Refresh currentOverview from live game data, re-read the reviewed copy beside the current record, then import with --force only after confirming the row is still accurate."
ps2-action-fighting-import-reviewed-overviews-7.json,data/games/reviewed-overview-imports/ps2-action-fighting-import-reviewed-overviews-7.csv,ps2,ps2-mobile-suit-gundam-seed,,currentOverview is stale; rerun with --force after re-reviewing this row,"Refresh currentOverview from live game data, re-read the reviewed copy beside the current record, then import with --force only after confirming the row is still accurate."
ps2-action-fighting-import-reviewed-overviews-7.json,data/games/reviewed-overview-imports/ps2-action-fighting-import-reviewed-overviews-7.csv,ps2,ps2-mobile-suit-gundam-the-one-year-war,,currentOverview is stale; rerun with --force after re-reviewing this row,"Refresh currentOverview from live game data, re-read the reviewed copy beside the current record, then import with --force only after confirming the row is still accurate."
ps2-action-fighting-import-reviewed-overviews-7.json,data/games/reviewed-overview-imports/ps2-action-fighting-import-reviewed-overviews-7.csv,ps2,ps2-super-robot-wars-z,,currentOverview is stale; rerun with --force after re-reviewing this row,"Refresh currentOverview from live game data, re-read the reviewed copy beside the current record, then import with --force only after confirming the row is still accurate."
ps2-action-fighting-import-reviewed-overviews-7.json,data/games/reviewed-overview-imports/ps2-action-fighting-import-reviewed-overviews-7.csv,ps2,ps2-lilie-no-atelier-salberg-no-renkinjutsushi-3,,currentOverview is stale; rerun with --force after re-reviewing this row,"Refresh currentOverview from live game data, re-read the reviewed copy beside the current record, then import with --force only after confirming the row is still accurate."
ps2-action-fighting-import-reviewed-overviews-7.json,data/games/reviewed-overview-imports/ps2-action-fighting-import-reviewed-overviews-7.csv,ps2,ps2-bleach-erabareshi-tamashii,,currentOverview is stale; rerun with --force after re-reviewing this row,"Refresh currentOverview from live game data, re-read the reviewed copy beside the current record, then import with --force only after confirming the row is still accurate."
ps2-action-fighting-import-reviewed-overviews-7.json,data/games/reviewed-overview-imports/ps2-action-fighting-import-reviewed-overviews-7.csv,ps2,ps2-net-de-bomberman,,currentOverview is stale; rerun with --force after re-reviewing this row,"Refresh currentOverview from live game data, re-read the reviewed copy beside the current record, then import with --force only after confirming the row is still accurate."
ps2-action-sports-racing-reviewed-overviews.json,data/games/reviewed-overview-imports/ps2-action-sports-racing-reviewed-overviews.csv,ps2,ps2-akagi-yami-ni-furitatta-tensai,,currentOverview is stale; rerun with --force after re-reviewing this row,"Refresh currentOverview from live game data, re-read the reviewed copy beside the current record, then import with --force only after confirming the row is still accurate."
ps2-action-sports-racing-reviewed-overviews.json,data/games/reviewed-overview-imports/ps2-action-sports-racing-reviewed-overviews.csv,ps2,ps2-akudaikan-3,,currentOverview is stale; rerun with --force after re-reviewing this row,"Refresh currentOverview from live game data, re-read the reviewed copy beside the current record, then import with --force only after confirming the row is still accurate."
ps2-action-sports-racing-reviewed-overviews.json,data/games/reviewed-overview-imports/ps2-action-sports-racing-reviewed-overviews.csv,ps2,ps2-alarm-for-cobra-11-vol-2-hot-pursuit,,currentOverview is stale; rerun with --force after re-reviewing this row,"Refresh currentOverview from live game data, re-read the reviewed copy beside the current record, then import with --force only after confirming the row is still accurate."
ps2-anime-rpg-action-reviewed-overviews.json,data/games/reviewed-overview-imports/ps2-anime-rpg-action-reviewed-overviews.csv,ps2,ps2-dragon-ball-z-budokai-tenkaichi,,currentOverview is stale; rerun with --force after re-reviewing this row,"Refresh currentOverview from live game data, re-read the reviewed copy beside the current record, then import with --force only after confirming the row is still accurate."
ps2-anime-rpg-action-reviewed-overviews.json,data/games/reviewed-overview-imports/ps2-anime-rpg-action-reviewed-overviews.csv,ps2,ps2-dragon-ball-z-budokai-tenkaichi-2,,currentOverview is stale; rerun with --force after re-reviewing this row,"Refresh currentOverview from live game data, re-read the reviewed copy beside the current record, then import with --force only after confirming the row is still accurate."
ps2-anime-rpg-action-reviewed-overviews.json,data/games/reviewed-overview-imports/ps2-anime-rpg-action-reviewed-overviews.csv,ps2,ps2-dragon-ball-z-budokai-tenkaichi-3,,currentOverview is stale; rerun with --force after re-reviewing this row,"Refresh currentOverview from live game data, re-read the reviewed copy beside the current record, then import with --force only after confirming the row is still accurate."
ps2-anime-rpg-action-reviewed-overviews.json,data/games/reviewed-overview-imports/ps2-anime-rpg-action-reviewed-overviews.csv,ps2,ps2-monster-hunter,,currentOverview is stale; rerun with --force after re-reviewing this row,"Refresh currentOverview from live game data, re-read the reviewed copy beside the current record, then import with --force only after confirming the row is still accurate."
ps2-anime-rpg-action-reviewed-overviews.json,data/games/reviewed-overview-imports/ps2-anime-rpg-action-reviewed-overviews.csv,ps2,ps2-monster-hunter-g,,currentOverview is stale; rerun with --force after re-reviewing this row,"Refresh currentOverview from live game data, re-read the reviewed copy beside the current record, then import with --force only after confirming the row is still accurate."
ps2-anime-rpg-action-reviewed-overviews.json,data/games/reviewed-overview-imports/ps2-anime-rpg-action-reviewed-overviews.csv,ps2,ps2-persona-3,,currentOverview is stale; rerun with --force after re-reviewing this row,"Refresh currentOverview from live game data, re-read the reviewed copy beside the current record, then import with --force only after confirming the row is still accurate."
ps2-anime-rpg-action-reviewed-overviews.json,data/games/reviewed-overview-imports/ps2-anime-rpg-action-reviewed-overviews.csv,ps2,ps2-persona-3-fes,,currentOverview is stale; rerun with --force after re-reviewing this row,"Refresh currentOverview from live game data, re-read the reviewed copy beside the current record, then import with --force only after confirming the row is still accurate."
ps2-anime-rpg-action-reviewed-overviews.json,data/games/reviewed-overview-imports/ps2-anime-rpg-action-reviewed-overviews.csv,ps2,ps2-shin-megami-tensei-digital-devil-saga,,currentOverview is stale; rerun with --force after re-reviewing this row,"Refresh currentOverview from live game data, re-read the reviewed copy beside the current record, then import with --force only after confirming the row is still accurate."
ps2-anime-rpg-action-reviewed-overviews.json,data/games/reviewed-overview-imports/ps2-anime-rpg-action-reviewed-overviews.csv,ps2,ps2-shin-megami-tensei-digital-devil-saga-2,,currentOverview is stale; rerun with --force after re-reviewing this row,"Refresh currentOverview from live game data, re-read the reviewed copy beside the current record, then import with --force only after confirming the row is still accurate."
ps2-anime-rpg-action-reviewed-overviews.json,data/games/reviewed-overview-imports/ps2-anime-rpg-action-reviewed-overviews.csv,ps2,ps2-naruto-ultimate-ninja,,currentOverview is stale; rerun with --force after re-reviewing this row,"Refresh currentOverview from live game data, re-read the reviewed copy beside the current record, then import with --force only after confirming the row is still accurate."
ps2-anime-rpg-action-reviewed-overviews.json,data/games/reviewed-overview-imports/ps2-anime-rpg-action-reviewed-overviews.csv,ps2,ps2-harry-potter-and-the-chamber-of-secrets,,currentOverview is stale; rerun with --force after re-reviewing this row,"Refresh currentOverview from live game data, re-read the reviewed copy beside the current record, then import with --force only after confirming the row is still accurate."
ps2-fighting-arcade-import-reviewed-overviews-8.json,data/games/reviewed-overview-imports/ps2-fighting-arcade-import-reviewed-overviews-8.csv,ps2,ps2-fatal-fury-battle-archives-vol-1,,currentOverview is stale; rerun with --force after re-reviewing this row,"Refresh currentOverview from live game data, re-read the reviewed copy beside the current record, then import with --force only after confirming the row is still accurate."
ps2-fighting-arcade-import-reviewed-overviews-8.json,data/games/reviewed-overview-imports/ps2-fighting-arcade-import-reviewed-overviews-8.csv,ps2,ps2-fatal-fury-battle-archives-vol-2,,currentOverview is stale; rerun with --force after re-reviewing this row,"Refresh currentOverview from live game data, re-read the reviewed copy beside the current record, then import with --force only after confirming the row is still accurate."
ps2-fighting-arcade-import-reviewed-overviews-8.json,data/games/reviewed-overview-imports/ps2-fighting-arcade-import-reviewed-overviews-8.csv,ps2,ps2-guilty-gear-xx-accent-core,,currentOverview is stale; rerun with --force after re-reviewing this row,"Refresh currentOverview from live game data, re-read the reviewed copy beside the current record, then import with --force only after confirming the row is still accurate."
ps2-fighting-arcade-import-reviewed-overviews-8.json,data/games/reviewed-overview-imports/ps2-fighting-arcade-import-reviewed-overviews-8.csv,ps2,ps2-guilty-gear-xx-slash,,currentOverview is stale; rerun with --force after re-reviewing this row,"Refresh currentOverview from live game data, re-read the reviewed copy beside the current record, then import with --force only after confirming the row is still accurate."
ps2-fighting-arcade-import-reviewed-overviews-8.json,data/games/reviewed-overview-imports/ps2-fighting-arcade-import-reviewed-overviews-8.csv,ps2,ps2-the-king-of-fighters-collection-the-orochi-saga,,currentOverview is stale; rerun with --force after re-reviewing this row,"Refresh currentOverview from live game data, re-read the reviewed copy beside the current record, then import with --force only after confirming the row is still accurate."
ps2-fighting-arcade-import-reviewed-overviews-8.json,data/games/reviewed-overview-imports/ps2-fighting-arcade-import-reviewed-overviews-8.csv,ps2,ps2-the-king-of-fighters-nests-collection,,currentOverview is stale; rerun with --force after re-reviewing this row,"Refresh currentOverview from live game data, re-read the reviewed copy beside the current record, then import with --force only after confirming the row is still accurate."
ps2-fighting-arcade-import-reviewed-overviews-8.json,data/games/reviewed-overview-imports/ps2-fighting-arcade-import-reviewed-overviews-8.csv,ps2,ps2-mobile-suit-gundam-seed-never-ending-tomorrow,,currentOverview is stale; rerun with --force after re-reviewing this row,"Refresh currentOverview from live game data, re-read the reviewed copy beside the current record, then import with --force only after confirming the row is still accurate."
ps2-fighting-arcade-import-reviewed-overviews-8.json,data/games/reviewed-overview-imports/ps2-fighting-arcade-import-reviewed-overviews-8.csv,ps2,ps2-mobile-suit-gundam-climax-u-c,,currentOverview is stale; rerun with --force after re-reviewing this row,"Refresh currentOverview from live game data, re-read the reviewed copy beside the current record, then import with --force only after confirming the row is still accurate."
ps2-fighting-arcade-import-reviewed-overviews-8.json,data/games/reviewed-overview-imports/ps2-fighting-arcade-import-reviewed-overviews-8.csv,ps2,ps2-inuyasha-feudal-combat,,currentOverview is stale; rerun with --force after re-reviewing this row,"Refresh currentOverview from live game data, re-read the reviewed copy beside the current record, then import with --force only after confirming the row is still accurate."
ps2-fighting-arcade-import-reviewed-overviews-8.json,data/games/reviewed-overview-imports/ps2-fighting-arcade-import-reviewed-overviews-8.csv,ps2,ps2-super-robot-wars-scramble-commander,,currentOverview is stale; rerun with --force after re-reviewing this row,"Refresh currentOverview from live game data, re-read the reviewed copy beside the current record, then import with --force only after confirming the row is still accurate."
ps2-fighting-arcade-import-reviewed-overviews-8.json,data/games/reviewed-overview-imports/ps2-fighting-arcade-import-reviewed-overviews-8.csv,ps2,ps2-taito-memories-joukan,,currentOverview is stale; rerun with --force after re-reviewing this row,"Refresh currentOverview from live game data, re-read the reviewed copy beside the current record, then import with --force only after confirming the row is still accurate."
ps2-fighting-arcade-import-reviewed-overviews-8.json,data/games/reviewed-overview-imports/ps2-fighting-arcade-import-reviewed-overviews-8.csv,ps2,ps2-world-heroes-anthology,,currentOverview is stale; rerun with --force after re-reviewing this row,"Refresh currentOverview from live game data, re-read the reviewed copy beside the current record, then import with --force only after confirming the row is still accurate."
ps2-franchise-collector-reviewed-overviews-2.json,data/games/reviewed-overview-imports/ps2-franchise-collector-reviewed-overviews-2.csv,ps2,ps2-final-fantasy-xi-rise-of-the-zilart,,currentOverview is stale; rerun with --force after re-reviewing this row,"Refresh currentOverview from live game data, re-read the reviewed copy beside the current record, then import with --force only after confirming the row is still accurate."
ps2-franchise-collector-reviewed-overviews-2.json,data/games/reviewed-overview-imports/ps2-franchise-collector-reviewed-overviews-2.csv,ps2,ps2-final-fantasy-xi-seekers-of-adoulin,,currentOverview is stale; rerun with --force after re-reviewing this row,"Refresh currentOverview from live game data, re-read the reviewed copy beside the current record, then import with --force only after confirming the row is still accurate."
ps2-franchise-collector-reviewed-overviews-2.json,data/games/reviewed-overview-imports/ps2-franchise-collector-reviewed-overviews-2.csv,ps2,ps2-final-fantasy-xi-treasures-of-aht-urhgan,,currentOverview is stale; rerun with --force after re-reviewing this row,"Refresh currentOverview from live game data, re-read the reviewed copy beside the current record, then import with --force only after confirming the row is still accurate."
ps2-franchise-collector-reviewed-overviews-2.json,data/games/reviewed-overview-imports/ps2-franchise-collector-reviewed-overviews-2.csv,ps2,ps2-naruto-shippuden-ultimate-ninja-4,,currentOverview is stale; rerun with --force after re-reviewing this row,"Refresh currentOverview from live game data, re-read the reviewed copy beside the current record, then import with --force only after confirming the row is still accurate."
ps2-franchise-collector-reviewed-overviews-2.json,data/games/reviewed-overview-imports/ps2-franchise-collector-reviewed-overviews-2.csv,ps2,ps2-naruto-uzumaki-chronicles,,currentOverview is stale; rerun with --force after re-reviewing this row,"Refresh currentOverview from live game data, re-read the reviewed copy beside the current record, then import with --force only after confirming the row is still accurate."
ps2-franchise-collector-reviewed-overviews-2.json,data/games/reviewed-overview-imports/ps2-franchise-collector-reviewed-overviews-2.csv,ps2,ps2-naruto-uzumaki-chronicles-2,,currentOverview is stale; rerun with --force after re-reviewing this row,"Refresh currentOverview from live game data, re-read the reviewed copy beside the current record, then import with --force only after confirming the row is still accurate."
ps2-franchise-collector-reviewed-overviews-2.json,data/games/reviewed-overview-imports/ps2-franchise-collector-reviewed-overviews-2.csv,ps2,ps2-shin-megami-tensei-devil-summoner-raidou-kuzunoha-vs-the-soulless-army,,currentOverview is stale; rerun with --force after re-reviewing this row,"Refresh currentOverview from live game data, re-read the reviewed copy beside the current record, then import with --force only after confirming the row is still accurate."
ps2-franchise-collector-reviewed-overviews-2.json,data/games/reviewed-overview-imports/ps2-franchise-collector-reviewed-overviews-2.csv,ps2,ps2-yu-gi-oh-gx-the-beginning-of-destiny,,currentOverview is stale; rerun with --force after re-reviewing this row,"Refresh currentOverview from live game data, re-read the reviewed copy beside the current record, then import with --force only after confirming the row is still accurate."
ps2-franchise-collector-reviewed-overviews-2.json,data/games/reviewed-overview-imports/ps2-franchise-collector-reviewed-overviews-2.csv,ps2,ps2-marvel-super-hero-squad,,currentOverview is stale; rerun with --force after re-reviewing this row,"Refresh currentOverview from live game data, re-read the reviewed copy beside the current record, then import with --force only after confirming the row is still accurate."
ps2-franchise-collector-reviewed-overviews-2.json,data/games/reviewed-overview-imports/ps2-franchise-collector-reviewed-overviews-2.csv,ps2,ps2-transformers,,currentOverview is stale; rerun with --force after re-reviewing this row,"Refresh currentOverview from live game data, re-read the reviewed copy beside the current record, then import with --force only after confirming the row is still accurate."
ps2-franchise-import-collector-reviewed-overviews-3.json,data/games/reviewed-overview-imports/ps2-franchise-import-collector-reviewed-overviews-3.csv,ps2,ps2-tales-of-destiny-2,,currentOverview is stale; rerun with --force after re-reviewing this row,"Refresh currentOverview from live game data, re-read the reviewed copy beside the current record, then import with --force only after confirming the row is still accurate."
ps2-franchise-import-collector-reviewed-overviews-6.json,data/games/reviewed-overview-imports/ps2-franchise-import-collector-reviewed-overviews-6.csv,ps2,ps2-kidou-senshi-gundam-seed-rengou-vs-z-a-f-t,,currentOverview is stale; rerun with --force after re-reviewing this row,"Refresh currentOverview from live game data, re-read the reviewed copy beside the current record, then import with --force only after confirming the row is still accurate."
ps2-franchise-import-collector-reviewed-overviews-6.json,data/games/reviewed-overview-imports/ps2-franchise-import-collector-reviewed-overviews-6.csv,ps2,ps2-kidou-senshi-gundam-senki-lost-war-chronicles,,currentOverview is stale; rerun with --force after re-reviewing this row,"Refresh currentOverview from live game data, re-read the reviewed copy beside the current record, then import with --force only after confirming the row is still accurate."
ps2-franchise-import-collector-reviewed-overviews-6.json,data/games/reviewed-overview-imports/ps2-franchise-import-collector-reviewed-overviews-6.csv,ps2,ps2-kidou-senshi-gundam-ghiren-no-yabou-axis-no-kyoui-v,,currentOverview is stale; rerun with --force after re-reviewing this row,"Refresh currentOverview from live game data, re-read the reviewed copy beside the current record, then import with --force only after confirming the row is still accurate."
ps2-franchise-import-collector-reviewed-overviews-6.json,data/games/reviewed-overview-imports/ps2-franchise-import-collector-reviewed-overviews-6.csv,ps2,ps2-kidou-senshi-gundam-ghiren-no-yabou-zeon-dokuritsu-sensouden,,currentOverview is stale; rerun with --force after re-reviewing this row,"Refresh currentOverview from live game data, re-read the reviewed copy beside the current record, then import with --force only after confirming the row is still accurate."
ps2-franchise-import-collector-reviewed-overviews-6.json,data/games/reviewed-overview-imports/ps2-franchise-import-collector-reviewed-overviews-6.csv,ps2,ps2-kamen-rider-555,,currentOverview is stale; rerun with --force after re-reviewing this row,"Refresh currentOverview from live game data, re-read the reviewed copy beside the current record, then import with --force only after confirming the row is still accurate."
ps2-franchise-import-collector-reviewed-overviews-6.json,data/games/reviewed-overview-imports/ps2-franchise-import-collector-reviewed-overviews-6.csv,ps2,ps2-kamen-rider-blade,,currentOverview is stale; rerun with --force after re-reviewing this row,"Refresh currentOverview from live game data, re-read the reviewed copy beside the current record, then import with --force only after confirming the row is still accurate."
ps2-franchise-import-collector-reviewed-overviews-6.json,data/games/reviewed-overview-imports/ps2-franchise-import-collector-reviewed-overviews-6.csv,ps2,ps2-kamen-rider-seigi-no-keifu,,currentOverview is stale; rerun with --force after re-reviewing this row,"Refresh currentOverview from live game data, re-read the reviewed copy beside the current record, then import with --force only after confirming the row is still accurate."
ps2-franchise-import-collector-reviewed-overviews-6.json,data/games/reviewed-overview-imports/ps2-franchise-import-collector-reviewed-overviews-6.csv,ps2,ps2-one-piece-grand-battle-3,,currentOverview is stale; rerun with --force after re-reviewing this row,"Refresh currentOverview from live game data, re-read the reviewed copy beside the current record, then import with --force only after confirming the row is still accurate."
ps2-franchise-import-collector-reviewed-overviews-6.json,data/games/reviewed-overview-imports/ps2-franchise-import-collector-reviewed-overviews-6.csv,ps2,ps2-super-robot-wars-impact,,currentOverview is stale; rerun with --force after re-reviewing this row,"Refresh currentOverview from live game data, re-read the reviewed copy beside the current record, then import with --force only after confirming the row is still accurate."
ps2-franchise-import-collector-reviewed-overviews-6.json,data/games/reviewed-overview-imports/ps2-franchise-import-collector-reviewed-overviews-6.csv,ps2,ps2-super-robot-wars-original-generations,,currentOverview is stale; rerun with --force after re-reviewing this row,"Refresh currentOverview from live game data, re-read the reviewed copy beside the current record, then import with --force only after confirming the row is still accurate."
ps2-franchise-import-collector-reviewed-overviews-6.json,data/games/reviewed-overview-imports/ps2-franchise-import-collector-reviewed-overviews-6.csv,ps2,ps2-bleach-blade-battlers,,currentOverview is stale; rerun with --force after re-reviewing this row,"Refresh currentOverview from live game data, re-read the reviewed copy beside the current record, then import with --force only after confirming the row is still accurate."
ps2-franchise-import-collector-reviewed-overviews-6.json,data/games/reviewed-overview-imports/ps2-franchise-import-collector-reviewed-overviews-6.csv,ps2,ps2-bleach-blade-battlers-2,,currentOverview is stale; rerun with --force after re-reviewing this row,"Refresh currentOverview from live game data, re-read the reviewed copy beside the current record, then import with --force only after confirming the row is still accurate."
ps2-hack-reviewed-overviews.json,data/games/reviewed-overview-imports/ps2-hack-reviewed-overviews.csv,ps2,ps2-hack-g-u-vol-1-rebirth,,currentOverview is stale; rerun with --force after re-reviewing this row,"Refresh currentOverview from live game data, re-read the reviewed copy beside the current record, then import with --force only after confirming the row is still accurate."
ps2-hack-reviewed-overviews.json,data/games/reviewed-overview-imports/ps2-hack-reviewed-overviews.csv,ps2,ps2-hack-g-u-vol-2-reminisce,,currentOverview is stale; rerun with --force after re-reviewing this row,"Refresh currentOverview from live game data, re-read the reviewed copy beside the current record, then import with --force only after confirming the row is still accurate."
ps2-hack-reviewed-overviews.json,data/games/reviewed-overview-imports/ps2-hack-reviewed-overviews.csv,ps2,ps2-hack-g-u-vol-3-redemption,,currentOverview is stale; rerun with --force after re-reviewing this row,"Refresh currentOverview from live game data, re-read the reviewed copy beside the current record, then import with --force only after confirming the row is still accurate."
ps2-hack-reviewed-overviews.json,data/games/reviewed-overview-imports/ps2-hack-reviewed-overviews.csv,ps2,ps2-hack-infection-part-1,,currentOverview is stale; rerun with --force after re-reviewing this row,"Refresh currentOverview from live game data, re-read the reviewed copy beside the current record, then import with --force only after confirming the row is still accurate."
ps2-hack-srw-reviewed-overviews.json,data/games/reviewed-overview-imports/ps2-hack-srw-reviewed-overviews.csv,ps2,ps2-hack-outbreak-part-3,,currentOverview is stale; rerun with --force after re-reviewing this row,"Refresh currentOverview from live game data, re-read the reviewed copy beside the current record, then import with --force only after confirming the row is still accurate."
ps2-hack-srw-reviewed-overviews.json,data/games/reviewed-overview-imports/ps2-hack-srw-reviewed-overviews.csv,ps2,ps2-hack-quarantine-part-4,,currentOverview is stale; rerun with --force after re-reviewing this row,"Refresh currentOverview from live game data, re-read the reviewed copy beside the current record, then import with --force only after confirming the row is still accurate."
ps2-import-visual-novel-sports-reviewed-overviews.json,data/games/reviewed-overview-imports/ps2-import-visual-novel-sports-reviewed-overviews.csv,ps2,ps2-3ldk-shiawase-ni-narouyo,,currentOverview is stale; rerun with --force after re-reviewing this row,"Refresh currentOverview from live game data, re-read the reviewed copy beside the current record, then import with --force only after confirming the row is still accurate."
ps2-import-visual-novel-sports-reviewed-overviews.json,data/games/reviewed-overview-imports/ps2-import-visual-novel-sports-reviewed-overviews.csv,ps2,ps2-abarenbo-princess,,currentOverview is stale; rerun with --force after re-reviewing this row,"Refresh currentOverview from live game data, re-read the reviewed copy beside the current record, then import with --force only after confirming the row is still accurate."
ps2-import-visual-novel-sports-reviewed-overviews.json,data/games/reviewed-overview-imports/ps2-import-visual-novel-sports-reviewed-overviews.csv,ps2,ps2-air-ranger-2-plus-rescue-helicopter,,currentOverview is stale; rerun with --force after re-reviewing this row,"Refresh currentOverview from live game data, re-read the reviewed copy beside the current record, then import with --force only after confirming the row is still accurate."
ps2-import-visual-novel-sports-reviewed-overviews.json,data/games/reviewed-overview-imports/ps2-import-visual-novel-sports-reviewed-overviews.csv,ps2,ps2-aikagi,,currentOverview is stale; rerun with --force after re-reviewing this row,"Refresh currentOverview from live game data, re-read the reviewed copy beside the current record, then import with --force only after confirming the row is still accurate."
ps2-priority-ansatsu-keroro-reviewed-overviews-2026-08-25.json,data/games/reviewed-overview-imports/ps2-priority-ansatsu-keroro-reviewed-overviews-2026-08-25.csv,ps2,ps2-katekyoo-hitman-reborn-let-s-ansatsu-nerawareta-10-daime,,currentOverview is stale; rerun with --force after re-reviewing this row,"Refresh currentOverview from live game data, re-read the reviewed copy beside the current record, then import with --force only after confirming the row is still accurate."
ps2-priority-ansatsu-keroro-reviewed-overviews-2026-08-25.json,data/games/reviewed-overview-imports/ps2-priority-ansatsu-keroro-reviewed-overviews-2026-08-25.csv,ps2,ps2-kattobi-golf,,currentOverview is stale; rerun with --force after re-reviewing this row,"Refresh currentOverview from live game data, re-read the reviewed copy beside the current record, then import with --force only after confirming the row is still accurate."
ps2-priority-ansatsu-keroro-reviewed-overviews-2026-08-25.json,data/games/reviewed-overview-imports/ps2-priority-ansatsu-keroro-reviewed-overviews-2026-08-25.csv,ps2,ps2-kazeiro-surf,,currentOverview is stale; rerun with --force after re-reviewing this row,"Refresh currentOverview from live game data, re-read the reviewed copy beside the current record, then import with --force only after confirming the row is still accurate."
ps2-priority-ansatsu-keroro-reviewed-overviews-2026-08-25.json,data/games/reviewed-overview-imports/ps2-priority-ansatsu-keroro-reviewed-overviews-2026-08-25.csv,ps2,ps2-kazoku-keikaku-kokoro-no-kizuna,,currentOverview is stale; rerun with --force after re-reviewing this row,"Refresh currentOverview from live game data, re-read the reviewed copy beside the current record, then import with --force only after confirming the row is still accurate."
ps2-priority-ansatsu-keroro-reviewed-overviews-2026-08-25.json,data/games/reviewed-overview-imports/ps2-priority-ansatsu-keroro-reviewed-overviews-2026-08-25.csv,ps2,ps2-kenka-banchou,,currentOverview is stale; rerun with --force after re-reviewing this row,"Refresh currentOverview from live game data, re-read the reviewed copy beside the current record, then import with --force only after confirming the row is still accurate."
ps2-priority-ansatsu-keroro-reviewed-overviews-2026-08-25.json,data/games/reviewed-overview-imports/ps2-priority-ansatsu-keroro-reviewed-overviews-2026-08-25.csv,ps2,ps2-kenka-banchou-2-full-throttle,,currentOverview is stale; rerun with --force after re-reviewing this row,"Refresh currentOverview from live game data, re-read the reviewed copy beside the current record, then import with --force only after confirming the row is still accurate."
ps2-priority-ansatsu-keroro-reviewed-overviews-2026-08-25.json,data/games/reviewed-overview-imports/ps2-priority-ansatsu-keroro-reviewed-overviews-2026-08-25.csv,ps2,ps2-kenran-butou-sai-the-mars-daybreak,,currentOverview is stale; rerun with --force after re-reviewing this row,"Refresh currentOverview from live game data, re-read the reviewed copy beside the current record, then import with --force only after confirming the row is still accurate."
ps2-priority-ansatsu-keroro-reviewed-overviews-2026-08-25.json,data/games/reviewed-overview-imports/ps2-priority-ansatsu-keroro-reviewed-overviews-2026-08-25.csv,ps2,ps2-keroro-gunsou-meromero-battle-royale,,currentOverview is stale; rerun with --force after re-reviewing this row,"Refresh currentOverview from live game data, re-read the reviewed copy beside the current record, then import with --force only after confirming the row is still accurate."
ps2-priority-cobalt-colosseum-reviewed-overviews-2026-08-25.json,data/games/reviewed-overview-imports/ps2-priority-cobalt-colosseum-reviewed-overviews-2026-08-25.csv,ps2,ps2-kikou-heidan-j-phoenix-cobalt-shoutaihen,,currentOverview is stale; rerun with --force after re-reviewing this row,"Refresh currentOverview from live game data, re-read the reviewed copy beside the current record, then import with --force only after confirming the row is still accurate."
ps2-priority-cobalt-colosseum-reviewed-overviews-2026-08-25.json,data/games/reviewed-overview-imports/ps2-priority-cobalt-colosseum-reviewed-overviews-2026-08-25.csv,ps2,ps2-kikou-souhei-armodyne,,currentOverview is stale; rerun with --force after re-reviewing this row,"Refresh currentOverview from live game data, re-read the reviewed copy beside the current record, then import with --force only after confirming the row is still accurate."
ps2-priority-cobalt-colosseum-reviewed-overviews-2026-08-25.json,data/games/reviewed-overview-imports/ps2-priority-cobalt-colosseum-reviewed-overviews-2026-08-25.csv,ps2,ps2-kimagure-strawberry-cafe,,currentOverview is stale; rerun with --force after re-reviewing this row,"Refresh currentOverview from live game data, re-read the reviewed copy beside the current record, then import with --force only after confirming the row is still accurate."
ps2-priority-cobalt-colosseum-reviewed-overviews-2026-08-25.json,data/games/reviewed-overview-imports/ps2-priority-cobalt-colosseum-reviewed-overviews-2026-08-25.csv,ps2,ps2-kimikiss,,currentOverview is stale; rerun with --force after re-reviewing this row,"Refresh currentOverview from live game data, re-read the reviewed copy beside the current record, then import with --force only after confirming the row is still accurate."
ps2-priority-cobalt-colosseum-reviewed-overviews-2026-08-25.json,data/games/reviewed-overview-imports/ps2-priority-cobalt-colosseum-reviewed-overviews-2026-08-25.csv,ps2,ps2-kimistar-kimi-to-study,,currentOverview is stale; rerun with --force after re-reviewing this row,"Refresh currentOverview from live game data, re-read the reviewed copy beside the current record, then import with --force only after confirming the row is still accurate."
ps2-priority-cobalt-colosseum-reviewed-overviews-2026-08-25.json,data/games/reviewed-overview-imports/ps2-priority-cobalt-colosseum-reviewed-overviews-2026-08-25.csv,ps2,ps2-king-arthur,,currentOverview is stale; rerun with --force after re-reviewing this row,"Refresh currentOverview from live game data, re-read the reviewed copy beside the current record, then import with --force only after confirming the row is still accurate."
ps2-priority-cobalt-colosseum-reviewed-overviews-2026-08-25.json,data/games/reviewed-overview-imports/ps2-priority-cobalt-colosseum-reviewed-overviews-2026-08-25.csv,ps2,ps2-king-of-colosseum-red-shin-nippon-x-zen-nippon-x-pancrase-disc,,currentOverview is stale; rerun with --force after re-reviewing this row,"Refresh currentOverview from live game data, re-read the reviewed copy beside the current record, then import with --force only after confirming the row is still accurate."
ps2-priority-cobalt-colosseum-reviewed-overviews-2026-08-25.json,data/games/reviewed-overview-imports/ps2-priority-cobalt-colosseum-reviewed-overviews-2026-08-25.csv,ps2,ps2-king-of-colosseum-ii,,currentOverview is stale; rerun with --force after re-reviewing this row,"Refresh currentOverview from live game data, re-read the reviewed copy beside the current record, then import with --force only after confirming the row is still accurate."
ps2-priority-gbreaker-jphoenix-reviewed-overviews-2026-08-25.json,data/games/reviewed-overview-imports/ps2-priority-gbreaker-jphoenix-reviewed-overviews-2026-08-25.csv,ps2,ps2-kikou-busou-g-breaker-2-doumei-no-hangeki,,currentOverview is stale; rerun with --force after re-reviewing this row,"Refresh currentOverview from live game data, re-read the reviewed copy beside the current record, then import with --force only after confirming the row is still accurate."
ps2-priority-gbreaker-jphoenix-reviewed-overviews-2026-08-25.json,data/games/reviewed-overview-imports/ps2-priority-gbreaker-jphoenix-reviewed-overviews-2026-08-25.csv,ps2,ps2-kikou-busou-g-breaker-daisanshi-cloudia-taisen,,currentOverview is stale; rerun with --force after re-reviewing this row,"Refresh currentOverview from live game data, re-read the reviewed copy beside the current record, then import with --force only after confirming the row is still accurate."
ps2-priority-gbreaker-jphoenix-reviewed-overviews-2026-08-25.json,data/games/reviewed-overview-imports/ps2-priority-gbreaker-jphoenix-reviewed-overviews-2026-08-25.csv,ps2,ps2-kikou-busou-g-breaker-legend-of-cloudia,,currentOverview is stale; rerun with --force after re-reviewing this row,"Refresh currentOverview from live game data, re-read the reviewed copy beside the current record, then import with --force only after confirming the row is still accurate."
ps2-priority-gbreaker-jphoenix-reviewed-overviews-2026-08-25.json,data/games/reviewed-overview-imports/ps2-priority-gbreaker-jphoenix-reviewed-overviews-2026-08-25.csv,ps2,ps2-kikou-heidan-j-phoenix,,currentOverview is stale; rerun with --force after re-reviewing this row,"Refresh currentOverview from live game data, re-read the reviewed copy beside the current record, then import with --force only after confirming the row is still accurate."
ps2-priority-gbreaker-jphoenix-reviewed-overviews-2026-08-25.json,data/games/reviewed-overview-imports/ps2-priority-gbreaker-jphoenix-reviewed-overviews-2026-08-25.csv,ps2,ps2-kikou-heidan-j-phoenix-2,,currentOverview is stale; rerun with --force after re-reviewing this row,"Refresh currentOverview from live game data, re-read the reviewed copy beside the current record, then import with --force only after confirming the row is still accurate."
ps2-priority-gbreaker-jphoenix-reviewed-overviews-2026-08-25.json,data/games/reviewed-overview-imports/ps2-priority-gbreaker-jphoenix-reviewed-overviews-2026-08-25.csv,ps2,ps2-kikou-heidan-j-phoenix-2-joshouhen,,currentOverview is stale; rerun with --force after re-reviewing this row,"Refresh currentOverview from live game data, re-read the reviewed copy beside the current record, then import with --force only after confirming the row is still accurate."
ps2-priority-gbreaker-jphoenix-reviewed-overviews-2026-08-25.json,data/games/reviewed-overview-imports/ps2-priority-gbreaker-jphoenix-reviewed-overviews-2026-08-25.csv,ps2,ps2-kikou-heidan-j-phoenix-joshouhen,,currentOverview is stale; rerun with --force after re-reviewing this row,"Refresh currentOverview from live game data, re-read the reviewed copy beside the current record, then import with --force only after confirming the row is still accurate."
ps2-priority-gbreaker-jphoenix-reviewed-overviews-2026-08-25.json,data/games/reviewed-overview-imports/ps2-priority-gbreaker-jphoenix-reviewed-overviews-2026-08-25.csv,ps2,ps2-kikou-heidan-j-phoenix-burst-tactics,,currentOverview is stale; rerun with --force after re-reviewing this row,"Refresh currentOverview from live game data, re-read the reviewed copy beside the current record, then import with --force only after confirming the row is still accurate."
ps2-priority-k1-kamaitachi-reviewed-overviews-2026-08-24.json,data/games/reviewed-overview-imports/ps2-priority-k1-kamaitachi-reviewed-overviews-2026-08-24.csv,ps2,ps2-kaiketsu-osabakiina,,currentOverview is stale; rerun with --force after re-reviewing this row,"Refresh currentOverview from live game data, re-read the reviewed copy beside the current record, then import with --force only after confirming the row is still accurate."
ps2-priority-kamaitachi-kanuchi-reviewed-overviews-2026-08-25.json,data/games/reviewed-overview-imports/ps2-priority-kamaitachi-kanuchi-reviewed-overviews-2026-08-25.csv,ps2,ps2-kamaitachi-no-yoru-3,,currentOverview is stale; rerun with --force after re-reviewing this row,"Refresh currentOverview from live game data, re-read the reviewed copy beside the current record, then import with --force only after confirming the row is still accurate."
ps2-priority-kamaitachi-kanuchi-reviewed-overviews-2026-08-25.json,data/games/reviewed-overview-imports/ps2-priority-kamaitachi-kanuchi-reviewed-overviews-2026-08-25.csv,ps2,ps2-kamisama-kazoku-ouen-ganbou,,currentOverview is stale; rerun with --force after re-reviewing this row,"Refresh currentOverview from live game data, re-read the reviewed copy beside the current record, then import with --force only after confirming the row is still accurate."
ps2-priority-kamaitachi-kanuchi-reviewed-overviews-2026-08-25.json,data/games/reviewed-overview-imports/ps2-priority-kamaitachi-kanuchi-reviewed-overviews-2026-08-25.csv,ps2,ps2-kamiwaza,,currentOverview is stale; rerun with --force after re-reviewing this row,"Refresh currentOverview from live game data, re-read the reviewed copy beside the current record, then import with --force only after confirming the row is still accurate."
ps2-priority-kamaitachi-kanuchi-reviewed-overviews-2026-08-25.json,data/games/reviewed-overview-imports/ps2-priority-kamaitachi-kanuchi-reviewed-overviews-2026-08-25.csv,ps2,ps2-kamiyo-gakuen-makorouku-kurunugia,,currentOverview is stale; rerun with --force after re-reviewing this row,"Refresh currentOverview from live game data, re-read the reviewed copy beside the current record, then import with --force only after confirming the row is still accurate."
ps2-priority-kamaitachi-kanuchi-reviewed-overviews-2026-08-25.json,data/games/reviewed-overview-imports/ps2-priority-kamaitachi-kanuchi-reviewed-overviews-2026-08-25.csv,ps2,ps2-kanojo-no-densetsu-boku-no-sekiban,,currentOverview is stale; rerun with --force after re-reviewing this row,"Refresh currentOverview from live game data, re-read the reviewed copy beside the current record, then import with --force only after confirming the row is still accurate."
ps2-priority-kamaitachi-kanuchi-reviewed-overviews-2026-08-25.json,data/games/reviewed-overview-imports/ps2-priority-kamaitachi-kanuchi-reviewed-overviews-2026-08-25.csv,ps2,ps2-kanokon-esuii,,currentOverview is stale; rerun with --force after re-reviewing this row,"Refresh currentOverview from live game data, re-read the reviewed copy beside the current record, then import with --force only after confirming the row is still accurate."
ps2-priority-kamaitachi-kanuchi-reviewed-overviews-2026-08-25.json,data/games/reviewed-overview-imports/ps2-priority-kamaitachi-kanuchi-reviewed-overviews-2026-08-25.csv,ps2,ps2-kanuchi-kuroki-tsubasa-no-shou,,currentOverview is stale; rerun with --force after re-reviewing this row,"Refresh currentOverview from live game data, re-read the reviewed copy beside the current record, then import with --force only after confirming the row is still accurate."
ps2-priority-kamaitachi-kanuchi-reviewed-overviews-2026-08-25.json,data/games/reviewed-overview-imports/ps2-priority-kamaitachi-kanuchi-reviewed-overviews-2026-08-25.csv,ps2,ps2-kanuchi-shiroki-tsubasa-no-shou,,currentOverview is stale; rerun with --force after re-reviewing this row,"Refresh currentOverview from live game data, re-read the reviewed copy beside the current record, then import with --force only after confirming the row is still accurate."
ps2-priority-kao-karaoke-reviewed-overviews-2026-08-25.json,data/games/reviewed-overview-imports/ps2-priority-kao-karaoke-reviewed-overviews-2026-08-25.csv,ps2,ps2-kao-no-nai-tsuki-select-story,,currentOverview is stale; rerun with --force after re-reviewing this row,"Refresh currentOverview from live game data, re-read the reviewed copy beside the current record, then import with --force only after confirming the row is still accurate."
ps2-priority-kao-karaoke-reviewed-overviews-2026-08-25.json,data/games/reviewed-overview-imports/ps2-priority-kao-karaoke-reviewed-overviews-2026-08-25.csv,ps2,ps2-kappa-no-kai-kata,,currentOverview is stale; rerun with --force after re-reviewing this row,"Refresh currentOverview from live game data, re-read the reviewed copy beside the current record, then import with --force only after confirming the row is still accurate."
ps2-priority-kao-karaoke-reviewed-overviews-2026-08-25.json,data/games/reviewed-overview-imports/ps2-priority-kao-karaoke-reviewed-overviews-2026-08-25.csv,ps2,ps2-karaoke-revolution-anime-song-collection,,currentOverview is stale; rerun with --force after re-reviewing this row,"Refresh currentOverview from live game data, re-read the reviewed copy beside the current record, then import with --force only after confirming the row is still accurate."
ps2-priority-kao-karaoke-reviewed-overviews-2026-08-25.json,data/games/reviewed-overview-imports/ps2-priority-kao-karaoke-reviewed-overviews-2026-08-25.csv,ps2,ps2-karaoke-revolution-dreams-and-memories,,currentOverview is stale; rerun with --force after re-reviewing this row,"Refresh currentOverview from live game data, re-read the reviewed copy beside the current record, then import with --force only after confirming the row is still accurate."
ps2-priority-kao-karaoke-reviewed-overviews-2026-08-25.json,data/games/reviewed-overview-imports/ps2-priority-kao-karaoke-reviewed-overviews-2026-08-25.csv,ps2,ps2-karaoke-revolution-j-pop-best-vol-1,,currentOverview is stale; rerun with --force after re-reviewing this row,"Refresh currentOverview from live game data, re-read the reviewed copy beside the current record, then import with --force only after confirming the row is still accurate."
ps2-priority-kao-karaoke-reviewed-overviews-2026-08-25.json,data/games/reviewed-overview-imports/ps2-priority-kao-karaoke-reviewed-overviews-2026-08-25.csv,ps2,ps2-karaoke-revolution-j-pop-best-vol-2,,currentOverview is stale; rerun with --force after re-reviewing this row,"Refresh currentOverview from live game data, re-read the reviewed copy beside the current record, then import with --force only after confirming the row is still accurate."
ps2-priority-kao-karaoke-reviewed-overviews-2026-08-25.json,data/games/reviewed-overview-imports/ps2-priority-kao-karaoke-reviewed-overviews-2026-08-25.csv,ps2,ps2-karaoke-revolution-j-pop-best-vol-3,,currentOverview is stale; rerun with --force after re-reviewing this row,"Refresh currentOverview from live game data, re-read the reviewed copy beside the current record, then import with --force only after confirming the row is still accurate."
ps2-priority-karaoke-vol4-kissing-reviewed-overviews-2026-08-25.json,data/games/reviewed-overview-imports/ps2-priority-karaoke-vol4-kissing-reviewed-overviews-2026-08-25.csv,ps2,ps2-karaoke-revolution-j-pop-best-vol-4,,currentOverview is stale; rerun with --force after re-reviewing this row,"Refresh currentOverview from live game data, re-read the reviewed copy beside the current record, then import with --force only after confirming the row is still accurate."
ps2-priority-karaoke-vol4-kissing-reviewed-overviews-2026-08-25.json,data/games/reviewed-overview-imports/ps2-priority-karaoke-vol4-kissing-reviewed-overviews-2026-08-25.csv,ps2,ps2-karaoke-revolution-j-pop-best-vol-5,,currentOverview is stale; rerun with --force after re-reviewing this row,"Refresh currentOverview from live game data, re-read the reviewed copy beside the current record, then import with --force only after confirming the row is still accurate."
ps2-priority-karaoke-vol4-kissing-reviewed-overviews-2026-08-25.json,data/games/reviewed-overview-imports/ps2-priority-karaoke-vol4-kissing-reviewed-overviews-2026-08-25.csv,ps2,ps2-karaoke-revolution-j-pop-best-vol-6,,currentOverview is stale; rerun with --force after re-reviewing this row,"Refresh currentOverview from live game data, re-read the reviewed copy beside the current record, then import with --force only after confirming the row is still accurate."
ps2-priority-karaoke-vol4-kissing-reviewed-overviews-2026-08-25.json,data/games/reviewed-overview-imports/ps2-priority-karaoke-vol4-kissing-reviewed-overviews-2026-08-25.csv,ps2,ps2-karaoke-revolution-j-pop-best-vol-7,,currentOverview is stale; rerun with --force after re-reviewing this row,"Refresh currentOverview from live game data, re-read the reviewed copy beside the current record, then import with --force only after confirming the row is still accurate."
ps2-priority-karaoke-vol4-kissing-reviewed-overviews-2026-08-25.json,data/games/reviewed-overview-imports/ps2-priority-karaoke-vol4-kissing-reviewed-overviews-2026-08-25.csv,ps2,ps2-karaoke-revolution-j-pop-best-vol-8,,currentOverview is stale; rerun with --force after re-reviewing this row,"Refresh currentOverview from live game data, re-read the reviewed copy beside the current record, then import with --force only after confirming the row is still accurate."
ps2-priority-karaoke-vol4-kissing-reviewed-overviews-2026-08-25.json,data/games/reviewed-overview-imports/ps2-priority-karaoke-vol4-kissing-reviewed-overviews-2026-08-25.csv,ps2,ps2-karaoke-revolution-j-pop-best-vol-9,,currentOverview is stale; rerun with --force after re-reviewing this row,"Refresh currentOverview from live game data, re-read the reviewed copy beside the current record, then import with --force only after confirming the row is still accurate."
ps2-priority-karaoke-vol4-kissing-reviewed-overviews-2026-08-25.json,data/games/reviewed-overview-imports/ps2-priority-karaoke-vol4-kissing-reviewed-overviews-2026-08-25.csv,ps2,ps2-karaoke-revolution-kazoku-idol-sengen,,currentOverview is stale; rerun with --force after re-reviewing this row,"Refresh currentOverview from live game data, re-read the reviewed copy beside the current record, then import with --force only after confirming the row is still accurate."
ps2-priority-karaoke-vol4-kissing-reviewed-overviews-2026-08-25.json,data/games/reviewed-overview-imports/ps2-priority-karaoke-vol4-kissing-reviewed-overviews-2026-08-25.csv,ps2,ps2-karaoke-revolution-kissing-selection,,currentOverview is stale; rerun with --force after re-reviewing this row,"Refresh currentOverview from live game data, re-read the reviewed copy beside the current record, then import with --force only after confirming the row is still accurate."
ps2-priority-keroroz-kidz-reviewed-overviews-2026-08-25.json,data/games/reviewed-overview-imports/ps2-priority-keroroz-kidz-reviewed-overviews-2026-08-25.csv,ps2,ps2-keroro-gunsou-meromero-battle-royale-z,,currentOverview is stale; rerun with --force after re-reviewing this row,"Refresh currentOverview from live game data, re-read the reviewed copy beside the current record, then import with --force only after confirming the row is still accurate."
ps2-priority-keroroz-kidz-reviewed-overviews-2026-08-25.json,data/games/reviewed-overview-imports/ps2-priority-keroroz-kidz-reviewed-overviews-2026-08-25.csv,ps2,ps2-keyboardmania,,currentOverview is stale; rerun with --force after re-reviewing this row,"Refresh currentOverview from live game data, re-read the reviewed copy beside the current record, then import with --force only after confirming the row is still accurate."
ps2-priority-keroroz-kidz-reviewed-overviews-2026-08-25.json,data/games/reviewed-overview-imports/ps2-priority-keroroz-kidz-reviewed-overviews-2026-08-25.csv,ps2,ps2-keyboardmania-ii-2nd-mix-and-3rd-mix,,currentOverview is stale; rerun with --force after re-reviewing this row,"Refresh currentOverview from live game data, re-read the reviewed copy beside the current record, then import with --force only after confirming the row is still accurate."
ps2-priority-keroroz-kidz-reviewed-overviews-2026-08-25.json,data/games/reviewed-overview-imports/ps2-priority-keroroz-kidz-reviewed-overviews-2026-08-25.csv,ps2,ps2-kiddies-party-pack,,currentOverview is stale; rerun with --force after re-reviewing this row,"Refresh currentOverview from live game data, re-read the reviewed copy beside the current record, then import with --force only after confirming the row is still accurate."
ps2-priority-keroroz-kidz-reviewed-overviews-2026-08-25.json,data/games/reviewed-overview-imports/ps2-priority-keroroz-kidz-reviewed-overviews-2026-08-25.csv,ps2,ps2-kidou-senshi-gundam-ghiren-no-yabou-zeon-dokuritsu-sensouden-kouryaku-shireisho,,currentOverview is stale; rerun with --force after re-reviewing this row,"Refresh currentOverview from live game data, re-read the reviewed copy beside the current record, then import with --force only after confirming the row is still accurate."
ps2-priority-keroroz-kidz-reviewed-overviews-2026-08-25.json,data/games/reviewed-overview-imports/ps2-priority-keroroz-kidz-reviewed-overviews-2026-08-25.csv,ps2,ps2-kidou-shinsengumi-moeyo-ken,,currentOverview is stale; rerun with --force after re-reviewing this row,"Refresh currentOverview from live game data, re-read the reviewed copy beside the current record, then import with --force only after confirming the row is still accurate."
ps2-priority-keroroz-kidz-reviewed-overviews-2026-08-25.json,data/games/reviewed-overview-imports/ps2-priority-keroroz-kidz-reviewed-overviews-2026-08-25.csv,ps2,ps2-kidz-sports-basketball,,currentOverview is stale; rerun with --force after re-reviewing this row,"Refresh currentOverview from live game data, re-read the reviewed copy beside the current record, then import with --force only after confirming the row is still accurate."
ps2-priority-keroroz-kidz-reviewed-overviews-2026-08-25.json,data/games/reviewed-overview-imports/ps2-priority-keroroz-kidz-reviewed-overviews-2026-08-25.csv,ps2,ps2-kidz-sports-ice-hockey,,currentOverview is stale; rerun with --force after re-reviewing this row,"Refresh currentOverview from live game data, re-read the reviewed copy beside the current record, then import with --force only after confirming the row is still accurate."
ps2-priority-kino-kita-reviewed-overviews-2026-08-25.json,data/games/reviewed-overview-imports/ps2-priority-kino-kita-reviewed-overviews-2026-08-25.csv,ps2,ps2-kino-no-tabi-ii-the-beautiful-world,,currentOverview is stale; rerun with --force after re-reviewing this row,"Refresh currentOverview from live game data, re-read the reviewed copy beside the current record, then import with --force only after confirming the row is still accurate."
ps2-priority-kino-kita-reviewed-overviews-2026-08-25.json,data/games/reviewed-overview-imports/ps2-priority-kino-kita-reviewed-overviews-2026-08-25.csv,ps2,ps2-kino-no-tabi-the-beautiful-world,,currentOverview is stale; rerun with --force after re-reviewing this row,"Refresh currentOverview from live game data, re-read the reviewed copy beside the current record, then import with --force only after confirming the row is still accurate."
ps2-priority-kino-kita-reviewed-overviews-2026-08-25.json,data/games/reviewed-overview-imports/ps2-priority-kino-kita-reviewed-overviews-2026-08-25.csv,ps2,ps2-kira-kira-rock-n-roll-show,,currentOverview is stale; rerun with --force after re-reviewing this row,"Refresh currentOverview from live game data, re-read the reviewed copy beside the current record, then import with --force only after confirming the row is still accurate."
ps2-priority-kino-kita-reviewed-overviews-2026-08-25.json,data/games/reviewed-overview-imports/ps2-priority-kino-kita-reviewed-overviews-2026-08-25.csv,ps2,ps2-kirikou-et-les-betes-sauvages,,currentOverview is stale; rerun with --force after re-reviewing this row,"Refresh currentOverview from live game data, re-read the reviewed copy beside the current record, then import with --force only after confirming the row is still accurate."
ps2-priority-kino-kita-reviewed-overviews-2026-08-25.json,data/games/reviewed-overview-imports/ps2-priority-kino-kita-reviewed-overviews-2026-08-25.csv,ps2,ps2-kiruto-anata-to-tsumugu-yume-to-koi-no-dress,,currentOverview is stale; rerun with --force after re-reviewing this row,"Refresh currentOverview from live game data, re-read the reviewed copy beside the current record, then import with --force only after confirming the row is still accurate."
ps2-priority-kino-kita-reviewed-overviews-2026-08-25.json,data/games/reviewed-overview-imports/ps2-priority-kino-kita-reviewed-overviews-2026-08-25.csv,ps2,ps2-kishin-houkou-demon-bane,,currentOverview is stale; rerun with --force after re-reviewing this row,"Refresh currentOverview from live game data, re-read the reviewed copy beside the current record, then import with --force only after confirming the row is still accurate."
ps2-priority-kino-kita-reviewed-overviews-2026-08-25.json,data/games/reviewed-overview-imports/ps2-priority-kino-kita-reviewed-overviews-2026-08-25.csv,ps2,ps2-kita-e-diamond-dust-kiss-is-beginning,,currentOverview is stale; rerun with --force after re-reviewing this row,"Refresh currentOverview from live game data, re-read the reviewed copy beside the current record, then import with --force only after confirming the row is still accurate."
ps2-priority-kino-kita-reviewed-overviews-2026-08-25.json,data/games/reviewed-overview-imports/ps2-priority-kino-kita-reviewed-overviews-2026-08-25.csv,ps2,ps2-kita-e-diamond-dust-volume-summer,,currentOverview is stale; rerun with --force after re-reviewing this row,"Refresh currentOverview from live game data, re-read the reviewed copy beside the current record, then import with --force only after confirming the row is still accurate."
ps2-priority-kitakata-koi-reviewed-overviews-2026-08-25.json,data/games/reviewed-overview-imports/ps2-priority-kitakata-koi-reviewed-overviews-2026-08-25.csv,ps2,ps2-kitakata-kenzou-san-goku-shi,,currentOverview is stale; rerun with --force after re-reviewing this row,"Refresh currentOverview from live game data, re-read the reviewed copy beside the current record, then import with --force only after confirming the row is still accurate."
ps2-priority-kitakata-koi-reviewed-overviews-2026-08-25.json,data/games/reviewed-overview-imports/ps2-priority-kitakata-koi-reviewed-overviews-2026-08-25.csv,ps2,ps2-kiwame-mahjong-dxii,,currentOverview is stale; rerun with --force after re-reviewing this row,"Refresh currentOverview from live game data, re-read the reviewed copy beside the current record, then import with --force only after confirming the row is still accurate."
ps2-priority-kitakata-koi-reviewed-overviews-2026-08-25.json,data/games/reviewed-overview-imports/ps2-priority-kitakata-koi-reviewed-overviews-2026-08-25.csv,ps2,ps2-knight-rider-the-game,,currentOverview is stale; rerun with --force after re-reviewing this row,"Refresh currentOverview from live game data, re-read the reviewed copy beside the current record, then import with --force only after confirming the row is still accurate."
ps2-priority-kitakata-koi-reviewed-overviews-2026-08-25.json,data/games/reviewed-overview-imports/ps2-priority-kitakata-koi-reviewed-overviews-2026-08-25.csv,ps2,ps2-knight-rider-the-game-2,,currentOverview is stale; rerun with --force after re-reviewing this row,"Refresh currentOverview from live game data, re-read the reviewed copy beside the current record, then import with --force only after confirming the row is still accurate."
ps2-priority-kitakata-koi-reviewed-overviews-2026-08-25.json,data/games/reviewed-overview-imports/ps2-priority-kitakata-koi-reviewed-overviews-2026-08-25.csv,ps2,ps2-knockout-kings-2001,,currentOverview is stale; rerun with --force after re-reviewing this row,"Refresh currentOverview from live game data, re-read the reviewed copy beside the current record, then import with --force only after confirming the row is still accurate."
ps2-priority-kitakata-koi-reviewed-overviews-2026-08-25.json,data/games/reviewed-overview-imports/ps2-priority-kitakata-koi-reviewed-overviews-2026-08-25.csv,ps2,ps2-knockout-kings-2002,,currentOverview is stale; rerun with --force after re-reviewing this row,"Refresh currentOverview from live game data, re-read the reviewed copy beside the current record, then import with --force only after confirming the row is still accurate."
ps2-priority-kitakata-koi-reviewed-overviews-2026-08-25.json,data/games/reviewed-overview-imports/ps2-priority-kitakata-koi-reviewed-overviews-2026-08-25.csv,ps2,ps2-kohitsuji-hokaku-keakaku-sweet-boys-life,,currentOverview is stale; rerun with --force after re-reviewing this row,"Refresh currentOverview from live game data, re-read the reviewed copy beside the current record, then import with --force only after confirming the row is still accurate."
ps2-priority-kitakata-koi-reviewed-overviews-2026-08-25.json,data/games/reviewed-overview-imports/ps2-priority-kitakata-koi-reviewed-overviews-2026-08-25.csv,ps2,ps2-koi-to-namida-to-tsuioku-to,,currentOverview is stale; rerun with --force after re-reviewing this row,"Refresh currentOverview from live game data, re-read the reviewed copy beside the current record, then import with --force only after confirming the row is still accurate."
ps2-priority-l2-lastescort-reviewed-overviews-2026-08-25.json,data/games/reviewed-overview-imports/ps2-priority-l2-lastescort-reviewed-overviews-2026-08-25.csv,ps2,ps2-lake-masters-ex-super,,currentOverview is stale; rerun with --force after re-reviewing this row,"Refresh currentOverview from live game data, re-read the reviewed copy beside the current record, then import with --force only after confirming the row is still accurate."
ps2-priority-lastescort-lemony-reviewed-overviews-2026-08-25.json,data/games/reviewed-overview-imports/ps2-priority-lastescort-lemony-reviewed-overviews-2026-08-25.csv,ps2,ps2-last-escort-shinya-no-kokuchou-monogatari,,currentOverview is stale; rerun with --force after re-reviewing this row,"Refresh currentOverview from live game data, re-read the reviewed copy beside the current record, then import with --force only after confirming the row is still accurate."
ps2-priority-lastescort-lemony-reviewed-overviews-2026-08-25.json,data/games/reviewed-overview-imports/ps2-priority-lastescort-lemony-reviewed-overviews-2026-08-25.csv,ps2,ps2-league-series-baseball-2,,currentOverview is stale; rerun with --force after re-reviewing this row,"Refresh currentOverview from live game data, re-read the reviewed copy beside the current record, then import with --force only after confirming the row is still accurate."
ps2-priority-lastescort-lemony-reviewed-overviews-2026-08-25.json,data/games/reviewed-overview-imports/ps2-priority-lastescort-lemony-reviewed-overviews-2026-08-25.csv,ps2,ps2-legend-of-herkules,,currentOverview is stale; rerun with --force after re-reviewing this row,"Refresh currentOverview from live game data, re-read the reviewed copy beside the current record, then import with --force only after confirming the row is still accurate."
ps2-priority-lets-london-reviewed-overviews-2026-08-25.json,data/games/reviewed-overview-imports/ps2-priority-lets-london-reviewed-overviews-2026-08-25.csv,ps2,ps2-let-s-ride-silver-buckle-stables,,currentOverview is stale; rerun with --force after re-reviewing this row,"Refresh currentOverview from live game data, re-read the reviewed copy beside the current record, then import with --force only after confirming the row is still accurate."
ps2-priority-lets-london-reviewed-overviews-2026-08-25.json,data/games/reviewed-overview-imports/ps2-priority-lets-london-reviewed-overviews-2026-08-25.csv,ps2,ps2-lethal-skies-ii,,currentOverview is stale; rerun with --force after re-reviewing this row,"Refresh currentOverview from live game data, re-read the reviewed copy beside the current record, then import with --force only after confirming the row is still accurate."
ps2-priority-lets-london-reviewed-overviews-2026-08-25.json,data/games/reviewed-overview-imports/ps2-priority-lets-london-reviewed-overviews-2026-08-25.csv,ps2,ps2-lilie-no-atelier-plus-salberg-no-renkinjutsushi-3,,currentOverview is stale; rerun with --force after re-reviewing this row,"Refresh currentOverview from live game data, re-read the reviewed copy beside the current record, then import with --force only after confirming the row is still accurate."
ps2-priority-lets-london-reviewed-overviews-2026-08-25.json,data/games/reviewed-overview-imports/ps2-priority-lets-london-reviewed-overviews-2026-08-25.csv,ps2,ps2-living-world-racing,,currentOverview is stale; rerun with --force after re-reviewing this row,"Refresh currentOverview from live game data, re-read the reviewed copy beside the current record, then import with --force only after confirming the row is still accurate."
ps2-priority-lets-london-reviewed-overviews-2026-08-25.json,data/games/reviewed-overview-imports/ps2-priority-lets-london-reviewed-overviews-2026-08-25.csv,ps2,ps2-lma-manager-2003,,currentOverview is stale; rerun with --force after re-reviewing this row,"Refresh currentOverview from live game data, re-read the reviewed copy beside the current record, then import with --force only after confirming the row is still accurate."
ps2-priority-lets-london-reviewed-overviews-2026-08-25.json,data/games/reviewed-overview-imports/ps2-priority-lets-london-reviewed-overviews-2026-08-25.csv,ps2,ps2-lma-manager-2004,,currentOverview is stale; rerun with --force after re-reviewing this row,"Refresh currentOverview from live game data, re-read the reviewed copy beside the current record, then import with --force only after confirming the row is still accurate."
ps2-priority-lets-london-reviewed-overviews-2026-08-25.json,data/games/reviewed-overview-imports/ps2-priority-lets-london-reviewed-overviews-2026-08-25.csv,ps2,ps2-lma-manager-2006,,currentOverview is stale; rerun with --force after re-reviewing this row,"Refresh currentOverview from live game data, re-read the reviewed copy beside the current record, then import with --force only after confirming the row is still accurate."
ps2-priority-lets-london-reviewed-overviews-2026-08-25.json,data/games/reviewed-overview-imports/ps2-priority-lets-london-reviewed-overviews-2026-08-25.csv,ps2,ps2-london-cab-challenge,,currentOverview is stale; rerun with --force after re-reviewing this row,"Refresh currentOverview from live game data, re-read the reviewed copy beside the current record, then import with --force only after confirming the row is still accurate."
ps2-priority-london-love-reviewed-overviews-2026-08-25.json,data/games/reviewed-overview-imports/ps2-priority-london-love-reviewed-overviews-2026-08-25.csv,ps2,ps2-london-racer-ii,,currentOverview is stale; rerun with --force after re-reviewing this row,"Refresh currentOverview from live game data, re-read the reviewed copy beside the current record, then import with --force only after confirming the row is still accurate."
ps2-priority-london-love-reviewed-overviews-2026-08-25.json,data/games/reviewed-overview-imports/ps2-priority-london-love-reviewed-overviews-2026-08-25.csv,ps2,ps2-london-racer-destruction-madness,,currentOverview is stale; rerun with --force after re-reviewing this row,"Refresh currentOverview from live game data, re-read the reviewed copy beside the current record, then import with --force only after confirming the row is still accurate."
ps2-priority-london-love-reviewed-overviews-2026-08-25.json,data/games/reviewed-overview-imports/ps2-priority-london-love-reviewed-overviews-2026-08-25.csv,ps2,ps2-london-racer-world-challenge,,currentOverview is stale; rerun with --force after re-reviewing this row,"Refresh currentOverview from live game data, re-read the reviewed copy beside the current record, then import with --force only after confirming the row is still accurate."
ps2-priority-london-love-reviewed-overviews-2026-08-25.json,data/games/reviewed-overview-imports/ps2-priority-london-love-reviewed-overviews-2026-08-25.csv,ps2,ps2-lost-passage-ushinawareta-hitofushi,,currentOverview is stale; rerun with --force after re-reviewing this row,"Refresh currentOverview from live game data, re-read the reviewed copy beside the current record, then import with --force only after confirming the row is still accurate."
ps2-priority-london-love-reviewed-overviews-2026-08-25.json,data/games/reviewed-overview-imports/ps2-priority-london-love-reviewed-overviews-2026-08-25.csv,ps2,ps2-love-doll-lovely-idol,,currentOverview is stale; rerun with --force after re-reviewing this row,"Refresh currentOverview from live game data, re-read the reviewed copy beside the current record, then import with --force only after confirming the row is still accurate."
ps2-priority-london-love-reviewed-overviews-2026-08-25.json,data/games/reviewed-overview-imports/ps2-priority-london-love-reviewed-overviews-2026-08-25.csv,ps2,ps2-love-drops,,currentOverview is stale; rerun with --force after re-reviewing this row,"Refresh currentOverview from live game data, re-read the reviewed copy beside the current record, then import with --force only after confirming the row is still accurate."
ps2-priority-london-love-reviewed-overviews-2026-08-25.json,data/games/reviewed-overview-imports/ps2-priority-london-love-reviewed-overviews-2026-08-25.csv,ps2,ps2-love-hina-gorgeous-chiratto-happening,,currentOverview is stale; rerun with --force after re-reviewing this row,"Refresh currentOverview from live game data, re-read the reviewed copy beside the current record, then import with --force only after confirming the row is still accurate."
ps2-priority-london-love-reviewed-overviews-2026-08-25.json,data/games/reviewed-overview-imports/ps2-priority-london-love-reviewed-overviews-2026-08-25.csv,ps2,ps2-love-songs-adv-futaba-riho-14-sai-natsu,,currentOverview is stale; rerun with --force after re-reviewing this row,"Refresh currentOverview from live game data, re-read the reviewed copy beside the current record, then import with --force only after confirming the row is still accurate."
ps2-priority-london-love-reviewed-overviews-2026-08-25.json,data/games/reviewed-overview-imports/ps2-priority-london-love-reviewed-overviews-2026-08-25.csv,ps2,ps2-love-songs-adv-futaba-riho-19-sai-fuyu,,currentOverview is stale; rerun with --force after re-reviewing this row,"Refresh currentOverview from live game data, re-read the reviewed copy beside the current record, then import with --force only after confirming the row is still accurate."
ps2-priority-london-love-reviewed-overviews-2026-08-25.json,data/games/reviewed-overview-imports/ps2-priority-london-love-reviewed-overviews-2026-08-25.csv,ps2,ps2-love-songs-idol-ga-classmate,,currentOverview is stale; rerun with --force after re-reviewing this row,"Refresh currentOverview from live game data, re-read the reviewed copy beside the current record, then import with --force only after confirming the row is still accurate."
ps2-priority-london-love-reviewed-overviews-2026-08-25.json,data/games/reviewed-overview-imports/ps2-priority-london-love-reviewed-overviews-2026-08-25.csv,ps2,ps2-love-com-punch-de-court,,currentOverview is stale; rerun with --force after re-reviewing this row,"Refresh currentOverview from live game data, re-read the reviewed copy beside the current record, then import with --force only after confirming the row is still accurate."
ps2-priority-london-love-reviewed-overviews-2026-08-25.json,data/games/reviewed-overview-imports/ps2-priority-london-love-reviewed-overviews-2026-08-25.csv,ps2,ps2-love-mahjong,,currentOverview is stale; rerun with --force after re-reviewing this row,"Refresh currentOverview from live game data, re-read the reviewed copy beside the current record, then import with --force only after confirming the row is still accurate."
ps2-priority-love-reborn-reviewed-overviews-2026-08-25.json,data/games/reviewed-overview-imports/ps2-priority-love-reborn-reviewed-overviews-2026-08-25.csv,ps2,ps2-karaoke-revolution-love-and-ballad,,currentOverview is stale; rerun with --force after re-reviewing this row,"Refresh currentOverview from live game data, re-read the reviewed copy beside the current record, then import with --force only after confirming the row is still accurate."
ps2-priority-love-reborn-reviewed-overviews-2026-08-25.json,data/games/reviewed-overview-imports/ps2-priority-love-reborn-reviewed-overviews-2026-08-25.csv,ps2,ps2-karaoke-revolution-night-selection-2003,,currentOverview is stale; rerun with --force after re-reviewing this row,"Refresh currentOverview from live game data, re-read the reviewed copy beside the current record, then import with --force only after confirming the row is still accurate."
ps2-priority-love-reborn-reviewed-overviews-2026-08-25.json,data/games/reviewed-overview-imports/ps2-priority-love-reborn-reviewed-overviews-2026-08-25.csv,ps2,ps2-karaoke-revolution-snow-and-party,,currentOverview is stale; rerun with --force after re-reviewing this row,"Refresh currentOverview from live game data, re-read the reviewed copy beside the current record, then import with --force only after confirming the row is still accurate."
ps2-priority-love-reborn-reviewed-overviews-2026-08-25.json,data/games/reviewed-overview-imports/ps2-priority-love-reborn-reviewed-overviews-2026-08-25.csv,ps2,ps2-karaoke-stage-2,,currentOverview is stale; rerun with --force after re-reviewing this row,"Refresh currentOverview from live game data, re-read the reviewed copy beside the current record, then import with --force only after confirming the row is still accurate."
ps2-priority-love-reborn-reviewed-overviews-2026-08-25.json,data/games/reviewed-overview-imports/ps2-priority-love-reborn-reviewed-overviews-2026-08-25.csv,ps2,ps2-kart-racer,,currentOverview is stale; rerun with --force after re-reviewing this row,"Refresh currentOverview from live game data, re-read the reviewed copy beside the current record, then import with --force only after confirming the row is still accurate."
ps2-priority-love-reborn-reviewed-overviews-2026-08-25.json,data/games/reviewed-overview-imports/ps2-priority-love-reborn-reviewed-overviews-2026-08-25.csv,ps2,ps2-katakamuna-ushinawareta-ingaritsu,,currentOverview is stale; rerun with --force after re-reviewing this row,"Refresh currentOverview from live game data, re-read the reviewed copy beside the current record, then import with --force only after confirming the row is still accurate."
ps2-priority-love-reborn-reviewed-overviews-2026-08-25.json,data/games/reviewed-overview-imports/ps2-priority-love-reborn-reviewed-overviews-2026-08-25.csv,ps2,ps2-katekyoo-hitman-reborn-nerae-ring-x-bongole-returns,,currentOverview is stale; rerun with --force after re-reviewing this row,"Refresh currentOverview from live game data, re-read the reviewed copy beside the current record, then import with --force only after confirming the row is still accurate."
ps2-priority-love-reborn-reviewed-overviews-2026-08-25.json,data/games/reviewed-overview-imports/ps2-priority-love-reborn-reviewed-overviews-2026-08-25.csv,ps2,ps2-katekyoo-hitman-reborn-kindan-no-yami-no-delta,,currentOverview is stale; rerun with --force after re-reviewing this row,"Refresh currentOverview from live game data, re-read the reviewed copy beside the current record, then import with --force only after confirming the row is still accurate."
ps2-priority-lovesmash-lupin-reviewed-overviews-2026-08-25.json,data/games/reviewed-overview-imports/ps2-priority-lovesmash-lupin-reviewed-overviews-2026-08-25.csv,ps2,ps2-love-smash-5,,currentOverview is stale; rerun with --force after re-reviewing this row,"Refresh currentOverview from live game data, re-read the reviewed copy beside the current record, then import with --force only after confirming the row is still accurate."
ps2-priority-lovesmash-lupin-reviewed-overviews-2026-08-25.json,data/games/reviewed-overview-imports/ps2-priority-lovesmash-lupin-reviewed-overviews-2026-08-25.csv,ps2,ps2-love-smash-5-1-tennis-robo-no-hanran,,currentOverview is stale; rerun with --force after re-reviewing this row,"Refresh currentOverview from live game data, re-read the reviewed copy beside the current record, then import with --force only after confirming the row is still accurate."
ps2-priority-lovesmash-lupin-reviewed-overviews-2026-08-25.json,data/games/reviewed-overview-imports/ps2-priority-lovesmash-lupin-reviewed-overviews-2026-08-25.csv,ps2,ps2-love-smash-super-tennis-players,,currentOverview is stale; rerun with --force after re-reviewing this row,"Refresh currentOverview from live game data, re-read the reviewed copy beside the current record, then import with --force only after confirming the row is still accurate."
ps2-priority-lovesmash-lupin-reviewed-overviews-2026-08-25.json,data/games/reviewed-overview-imports/ps2-priority-lovesmash-lupin-reviewed-overviews-2026-08-25.csv,ps2,ps2-love-songs,,currentOverview is stale; rerun with --force after re-reviewing this row,"Refresh currentOverview from live game data, re-read the reviewed copy beside the current record, then import with --force only after confirming the row is still accurate."
ps2-priority-lovesmash-lupin-reviewed-overviews-2026-08-25.json,data/games/reviewed-overview-imports/ps2-priority-lovesmash-lupin-reviewed-overviews-2026-08-25.csv,ps2,ps2-loveroot-zero-kiss-kiss-labyrinth,,currentOverview is stale; rerun with --force after re-reviewing this row,"Refresh currentOverview from live game data, re-read the reviewed copy beside the current record, then import with --force only after confirming the row is still accurate."
ps2-priority-lovesmash-lupin-reviewed-overviews-2026-08-25.json,data/games/reviewed-overview-imports/ps2-priority-lovesmash-lupin-reviewed-overviews-2026-08-25.csv,ps2,ps2-lucian-bee-s-evil-violet,,currentOverview is stale; rerun with --force after re-reviewing this row,"Refresh currentOverview from live game data, re-read the reviewed copy beside the current record, then import with --force only after confirming the row is still accurate."
ps2-priority-lovesmash-lupin-reviewed-overviews-2026-08-25.json,data/games/reviewed-overview-imports/ps2-priority-lovesmash-lupin-reviewed-overviews-2026-08-25.csv,ps2,ps2-lucian-bee-s-justice-yellow,,currentOverview is stale; rerun with --force after re-reviewing this row,"Refresh currentOverview from live game data, re-read the reviewed copy beside the current record, then import with --force only after confirming the row is still accurate."
ps2-priority-lovesmash-lupin-reviewed-overviews-2026-08-25.json,data/games/reviewed-overview-imports/ps2-priority-lovesmash-lupin-reviewed-overviews-2026-08-25.csv,ps2,ps2-lucian-bee-s-resurrection-supernova,,currentOverview is stale; rerun with --force after re-reviewing this row,"Refresh currentOverview from live game data, re-read the reviewed copy beside the current record, then import with --force only after confirming the row is still accurate."
ps2-priority-lovesmash-lupin-reviewed-overviews-2026-08-25.json,data/games/reviewed-overview-imports/ps2-priority-lovesmash-lupin-reviewed-overviews-2026-08-25.csv,ps2,ps2-lucky-star-ryouou-gakuen-outousai,,currentOverview is stale; rerun with --force after re-reviewing this row,"Refresh currentOverview from live game data, re-read the reviewed copy beside the current record, then import with --force only after confirming the row is still accurate."
ps2-priority-lovesmash-lupin-reviewed-overviews-2026-08-25.json,data/games/reviewed-overview-imports/ps2-priority-lovesmash-lupin-reviewed-overviews-2026-08-25.csv,ps2,ps2-lulurara-vol-1,,currentOverview is stale; rerun with --force after re-reviewing this row,"Refresh currentOverview from live game data, re-read the reviewed copy beside the current record, then import with --force only after confirming the row is still accurate."
ps2-priority-lovesmash-lupin-reviewed-overviews-2026-08-25.json,data/games/reviewed-overview-imports/ps2-priority-lovesmash-lupin-reviewed-overviews-2026-08-25.csv,ps2,ps2-lulurara-vol-2,,currentOverview is stale; rerun with --force after re-reviewing this row,"Refresh currentOverview from live game data, re-read the reviewed copy beside the current record, then import with --force only after confirming the row is still accurate."
ps2-priority-lovesmash-lupin-reviewed-overviews-2026-08-25.json,data/games/reviewed-overview-imports/ps2-priority-lovesmash-lupin-reviewed-overviews-2026-08-25.csv,ps2,ps2-lunatic-dawn-tempest,,currentOverview is stale; rerun with --force after re-reviewing this row,"Refresh currentOverview from live game data, re-read the reviewed copy beside the current record, then import with --force only after confirming the row is still accurate."
ps2-priority-lovesmash-lupin-reviewed-overviews-2026-08-25.json,data/games/reviewed-overview-imports/ps2-priority-lovesmash-lupin-reviewed-overviews-2026-08-25.csv,ps2,ps2-lupin-sansei-columbus-no-isan-wa-akenisomaru,,currentOverview is stale; rerun with --force after re-reviewing this row,"Refresh currentOverview from live game data, re-read the reviewed copy beside the current record, then import with --force only after confirming the row is still accurate."
ps2-priority-lovesmash-lupin-reviewed-overviews-2026-08-25.json,data/games/reviewed-overview-imports/ps2-priority-lovesmash-lupin-reviewed-overviews-2026-08-25.csv,ps2,ps2-lupin-sansei-lupin-ni-wa-shi-o-zenigata-ni-wa-koi-o,,currentOverview is stale; rerun with --force after re-reviewing this row,"Refresh currentOverview from live game data, re-read the reviewed copy beside the current record, then import with --force only after confirming the row is still accurate."
ps2-priority-lovesmash-lupin-reviewed-overviews-2026-08-25.json,data/games/reviewed-overview-imports/ps2-priority-lovesmash-lupin-reviewed-overviews-2026-08-25.csv,ps2,ps2-lupin-the-3rd-treasure-of-the-sorcerer-king,,currentOverview is stale; rerun with --force after re-reviewing this row,"Refresh currentOverview from live game data, re-read the reviewed copy beside the current record, then import with --force only after confirming the row is still accurate."
ps2-priority-magi-mahjong-reviewed-overviews-2026-08-25.json,data/games/reviewed-overview-imports/ps2-priority-magi-mahjong-reviewed-overviews-2026-08-25.csv,ps2,ps2-ma-gi-marginal,,currentOverview is stale; rerun with --force after re-reviewing this row,"Refresh currentOverview from live game data, re-read the reviewed copy beside the current record, then import with --force only after confirming the row is still accurate."
ps2-priority-magi-mahjong-reviewed-overviews-2026-08-25.json,data/games/reviewed-overview-imports/ps2-priority-magi-mahjong-reviewed-overviews-2026-08-25.csv,ps2,ps2-mabino-style,,currentOverview is stale; rerun with --force after re-reviewing this row,"Refresh currentOverview from live game data, re-read the reviewed copy beside the current record, then import with --force only after confirming the row is still accurate."
ps2-priority-magi-mahjong-reviewed-overviews-2026-08-25.json,data/games/reviewed-overview-imports/ps2-priority-magi-mahjong-reviewed-overviews-2026-08-25.csv,ps2,ps2-madden-nfl-2004,,currentOverview is stale; rerun with --force after re-reviewing this row,"Refresh currentOverview from live game data, re-read the reviewed copy beside the current record, then import with --force only after confirming the row is still accurate."
ps2-priority-magi-mahjong-reviewed-overviews-2026-08-25.json,data/games/reviewed-overview-imports/ps2-priority-magi-mahjong-reviewed-overviews-2026-08-25.csv,ps2,ps2-mageru-tsukeru-hahiiru-ore-dead-heat,,currentOverview is stale; rerun with --force after re-reviewing this row,"Refresh currentOverview from live game data, re-read the reviewed copy beside the current record, then import with --force only after confirming the row is still accurate."
ps2-priority-magi-mahjong-reviewed-overviews-2026-08-25.json,data/games/reviewed-overview-imports/ps2-priority-magi-mahjong-reviewed-overviews-2026-08-25.csv,ps2,ps2-magical-sports-2000-koushien,,currentOverview is stale; rerun with --force after re-reviewing this row,"Refresh currentOverview from live game data, re-read the reviewed copy beside the current record, then import with --force only after confirming the row is still accurate."
ps2-priority-magi-mahjong-reviewed-overviews-2026-08-25.json,data/games/reviewed-overview-imports/ps2-priority-magi-mahjong-reviewed-overviews-2026-08-25.csv,ps2,ps2-magical-tale-chitchana-mahoutsukai,,currentOverview is stale; rerun with --force after re-reviewing this row,"Refresh currentOverview from live game data, re-read the reviewed copy beside the current record, then import with --force only after confirming the row is still accurate."
ps2-priority-magi-mahjong-reviewed-overviews-2026-08-25.json,data/games/reviewed-overview-imports/ps2-priority-magi-mahjong-reviewed-overviews-2026-08-25.csv,ps2,ps2-mahjong,,currentOverview is stale; rerun with --force after re-reviewing this row,"Refresh currentOverview from live game data, re-read the reviewed copy beside the current record, then import with --force only after confirming the row is still accurate."
ps2-priority-magi-mahjong-reviewed-overviews-2026-08-25.json,data/games/reviewed-overview-imports/ps2-priority-magi-mahjong-reviewed-overviews-2026-08-25.csv,ps2,ps2-mahjong-haoh-battle-royale,,currentOverview is stale; rerun with --force after re-reviewing this row,"Refresh currentOverview from live game data, re-read the reviewed copy beside the current record, then import with --force only after confirming the row is still accurate."
ps2-priority-magi-mahjong-reviewed-overviews-2026-08-25.json,data/games/reviewed-overview-imports/ps2-priority-magi-mahjong-reviewed-overviews-2026-08-25.csv,ps2,ps2-mahjong-haoh-jansou-battle,,currentOverview is stale; rerun with --force after re-reviewing this row,"Refresh currentOverview from live game data, re-read the reviewed copy beside the current record, then import with --force only after confirming the row is still accurate."
ps2-priority-magi-mahjong-reviewed-overviews-2026-08-25.json,data/games/reviewed-overview-imports/ps2-priority-magi-mahjong-reviewed-overviews-2026-08-25.csv,ps2,ps2-mahjong-haoh-kaikyu-battle,,currentOverview is stale; rerun with --force after re-reviewing this row,"Refresh currentOverview from live game data, re-read the reviewed copy beside the current record, then import with --force only after confirming the row is still accurate."
ps2-priority-magi-mahjong-reviewed-overviews-2026-08-25.json,data/games/reviewed-overview-imports/ps2-priority-magi-mahjong-reviewed-overviews-2026-08-25.csv,ps2,ps2-mahjong-haoh-shinken-battle,,currentOverview is stale; rerun with --force after re-reviewing this row,"Refresh currentOverview from live game data, re-read the reviewed copy beside the current record, then import with --force only after confirming the row is still accurate."
ps2-priority-magi-mahjong-reviewed-overviews-2026-08-25.json,data/games/reviewed-overview-imports/ps2-priority-magi-mahjong-reviewed-overviews-2026-08-25.csv,ps2,ps2-mahjong-haoh-taikai-battle,,currentOverview is stale; rerun with --force after re-reviewing this row,"Refresh currentOverview from live game data, re-read the reviewed copy beside the current record, then import with --force only after confirming the row is still accurate."
ps2-priority-mahjong-majin-reviewed-overviews-2026-08-25.json,data/games/reviewed-overview-imports/ps2-priority-mahjong-majin-reviewed-overviews-2026-08-25.csv,ps2,ps2-mahjong-hiryu-densetsu-tenpai,,currentOverview is stale; rerun with --force after re-reviewing this row,"Refresh currentOverview from live game data, re-read the reviewed copy beside the current record, then import with --force only after confirming the row is still accurate."
ps2-priority-mahjong-majin-reviewed-overviews-2026-08-25.json,data/games/reviewed-overview-imports/ps2-priority-mahjong-majin-reviewed-overviews-2026-08-25.csv,ps2,ps2-mahjong-party-idol-to-mahjong-shoubu,,currentOverview is stale; rerun with --force after re-reviewing this row,"Refresh currentOverview from live game data, re-read the reviewed copy beside the current record, then import with --force only after confirming the row is still accurate."
ps2-priority-mahjong-majin-reviewed-overviews-2026-08-25.json,data/games/reviewed-overview-imports/ps2-priority-mahjong-majin-reviewed-overviews-2026-08-25.csv,ps2,ps2-mahjong-san-goku-shi,,currentOverview is stale; rerun with --force after re-reviewing this row,"Refresh currentOverview from live game data, re-read the reviewed copy beside the current record, then import with --force only after confirming the row is still accurate."
ps2-priority-mahjong-majin-reviewed-overviews-2026-08-25.json,data/games/reviewed-overview-imports/ps2-priority-mahjong-majin-reviewed-overviews-2026-08-25.csv,ps2,ps2-mahjong-sengen-kyoujin-de-ron,,currentOverview is stale; rerun with --force after re-reviewing this row,"Refresh currentOverview from live game data, re-read the reviewed copy beside the current record, then import with --force only after confirming the row is still accurate."
ps2-priority-mahjong-majin-reviewed-overviews-2026-08-25.json,data/games/reviewed-overview-imports/ps2-priority-mahjong-majin-reviewed-overviews-2026-08-25.csv,ps2,ps2-mahjong-yarouze-2,,currentOverview is stale; rerun with --force after re-reviewing this row,"Refresh currentOverview from live game data, re-read the reviewed copy beside the current record, then import with --force only after confirming the row is still accurate."
ps2-priority-mahjong-majin-reviewed-overviews-2026-08-25.json,data/games/reviewed-overview-imports/ps2-priority-mahjong-majin-reviewed-overviews-2026-08-25.csv,ps2,ps2-mahoroba-stories,,currentOverview is stale; rerun with --force after re-reviewing this row,"Refresh currentOverview from live game data, re-read the reviewed copy beside the current record, then import with --force only after confirming the row is still accurate."
ps2-priority-mahjong-majin-reviewed-overviews-2026-08-25.json,data/games/reviewed-overview-imports/ps2-priority-mahjong-majin-reviewed-overviews-2026-08-25.csv,ps2,ps2-mahou-sensei-negima-1-jikanme-okochama-sensei-wa-mahoutsukai,,currentOverview is stale; rerun with --force after re-reviewing this row,"Refresh currentOverview from live game data, re-read the reviewed copy beside the current record, then import with --force only after confirming the row is still accurate."
ps2-priority-mahjong-majin-reviewed-overviews-2026-08-25.json,data/games/reviewed-overview-imports/ps2-priority-mahjong-majin-reviewed-overviews-2026-08-25.csv,ps2,ps2-mahou-sensei-negima-2-jikanme-tatakau-otometachi-mahora-daiundokai-sp,,currentOverview is stale; rerun with --force after re-reviewing this row,"Refresh currentOverview from live game data, re-read the reviewed copy beside the current record, then import with --force only after confirming the row is still accurate."
ps2-priority-mahjong-majin-reviewed-overviews-2026-08-25.json,data/games/reviewed-overview-imports/ps2-priority-mahjong-majin-reviewed-overviews-2026-08-25.csv,ps2,ps2-mahou-sensei-negima-kagai-jugyou-otome-no-dokidoki-beachside,,currentOverview is stale; rerun with --force after re-reviewing this row,"Refresh currentOverview from live game data, re-read the reviewed copy beside the current record, then import with --force only after confirming the row is still accurate."
ps2-priority-mahjong-majin-reviewed-overviews-2026-08-25.json,data/games/reviewed-overview-imports/ps2-priority-mahjong-majin-reviewed-overviews-2026-08-25.csv,ps2,ps2-mahou-tsukai-kurohime,,currentOverview is stale; rerun with --force after re-reviewing this row,"Refresh currentOverview from live game data, re-read the reviewed copy beside the current record, then import with --force only after confirming the row is still accurate."
ps2-priority-mahjong-majin-reviewed-overviews-2026-08-25.json,data/games/reviewed-overview-imports/ps2-priority-mahjong-majin-reviewed-overviews-2026-08-25.csv,ps2,ps2-mai-hime-unmei-no-keitouju,,currentOverview is stale; rerun with --force after re-reviewing this row,"Refresh currentOverview from live game data, re-read the reviewed copy beside the current record, then import with --force only after confirming the row is still accurate."
ps2-priority-mahjong-majin-reviewed-overviews-2026-08-25.json,data/games/reviewed-overview-imports/ps2-priority-mahjong-majin-reviewed-overviews-2026-08-25.csv,ps2,ps2-mai-otome-hime-otome-butou-shi,,currentOverview is stale; rerun with --force after re-reviewing this row,"Refresh currentOverview from live game data, re-read the reviewed copy beside the current record, then import with --force only after confirming the row is still accurate."
ps2-priority-mahjong-majin-reviewed-overviews-2026-08-25.json,data/games/reviewed-overview-imports/ps2-priority-mahjong-majin-reviewed-overviews-2026-08-25.csv,ps2,ps2-majin-tantei-nougami-neuro-battle-da-yo,,currentOverview is stale; rerun with --force after re-reviewing this row,"Refresh currentOverview from live game data, re-read the reviewed copy beside the current record, then import with --force only after confirming the row is still accurate."
ps2-priority-majokko-marykate-reviewed-overviews-2026-08-25.json,data/games/reviewed-overview-imports/ps2-priority-majokko-marykate-reviewed-overviews-2026-08-25.csv,ps2,ps2-majokko-a-la-mode,,currentOverview is stale; rerun with --force after re-reviewing this row,"Refresh currentOverview from live game data, re-read the reviewed copy beside the current record, then import with --force only after confirming the row is still accurate."
ps2-priority-majokko-marykate-reviewed-overviews-2026-08-25.json,data/games/reviewed-overview-imports/ps2-priority-majokko-marykate-reviewed-overviews-2026-08-25.csv,ps2,ps2-majokko-a-la-mode-ii,,currentOverview is stale; rerun with --force after re-reviewing this row,"Refresh currentOverview from live game data, re-read the reviewed copy beside the current record, then import with --force only after confirming the row is still accurate."
ps2-priority-majokko-marykate-reviewed-overviews-2026-08-25.json,data/games/reviewed-overview-imports/ps2-priority-majokko-marykate-reviewed-overviews-2026-08-25.csv,ps2,ps2-major-league-baseball-2k6,,currentOverview is stale; rerun with --force after re-reviewing this row,"Refresh currentOverview from live game data, re-read the reviewed copy beside the current record, then import with --force only after confirming the row is still accurate."
ps2-priority-majokko-marykate-reviewed-overviews-2026-08-25.json,data/games/reviewed-overview-imports/ps2-priority-majokko-marykate-reviewed-overviews-2026-08-25.csv,ps2,ps2-makai-tenshou,,currentOverview is stale; rerun with --force after re-reviewing this row,"Refresh currentOverview from live game data, re-read the reviewed copy beside the current record, then import with --force only after confirming the row is still accurate."
ps2-priority-majokko-marykate-reviewed-overviews-2026-08-25.json,data/games/reviewed-overview-imports/ps2-priority-majokko-marykate-reviewed-overviews-2026-08-25.csv,ps2,ps2-maken-shao-demon-sword,,currentOverview is stale; rerun with --force after re-reviewing this row,"Refresh currentOverview from live game data, re-read the reviewed copy beside the current record, then import with --force only after confirming the row is still accurate."
ps2-priority-majokko-marykate-reviewed-overviews-2026-08-25.json,data/games/reviewed-overview-imports/ps2-priority-majokko-marykate-reviewed-overviews-2026-08-25.csv,ps2,ps2-mambo,,currentOverview is stale; rerun with --force after re-reviewing this row,"Refresh currentOverview from live game data, re-read the reviewed copy beside the current record, then import with --force only after confirming the row is still accurate."
ps2-priority-majokko-marykate-reviewed-overviews-2026-08-25.json,data/games/reviewed-overview-imports/ps2-priority-majokko-marykate-reviewed-overviews-2026-08-25.csv,ps2,ps2-mamimune-mogacho-no-print-hour,,currentOverview is stale; rerun with --force after re-reviewing this row,"Refresh currentOverview from live game data, re-read the reviewed copy beside the current record, then import with --force only after confirming the row is still accurate."
ps2-priority-majokko-marykate-reviewed-overviews-2026-08-25.json,data/games/reviewed-overview-imports/ps2-priority-majokko-marykate-reviewed-overviews-2026-08-25.csv,ps2,ps2-manea-sugoroku-kabukuro,,currentOverview is stale; rerun with --force after re-reviewing this row,"Refresh currentOverview from live game data, re-read the reviewed copy beside the current record, then import with --force only after confirming the row is still accurate."
ps2-priority-majokko-marykate-reviewed-overviews-2026-08-25.json,data/games/reviewed-overview-imports/ps2-priority-majokko-marykate-reviewed-overviews-2026-08-25.csv,ps2,ps2-maniac-mole,,currentOverview is stale; rerun with --force after re-reviewing this row,"Refresh currentOverview from live game data, re-read the reviewed copy beside the current record, then import with --force only after confirming the row is still accurate."
ps2-priority-majokko-marykate-reviewed-overviews-2026-08-25.json,data/games/reviewed-overview-imports/ps2-priority-majokko-marykate-reviewed-overviews-2026-08-25.csv,ps2,ps2-mar-heaven-arm-fight-dream,,currentOverview is stale; rerun with --force after re-reviewing this row,"Refresh currentOverview from live game data, re-read the reviewed copy beside the current record, then import with --force only after confirming the row is still accurate."
ps2-priority-majokko-marykate-reviewed-overviews-2026-08-25.json,data/games/reviewed-overview-imports/ps2-priority-majokko-marykate-reviewed-overviews-2026-08-25.csv,ps2,ps2-marble-chaos,,currentOverview is stale; rerun with --force after re-reviewing this row,"Refresh currentOverview from live game data, re-read the reviewed copy beside the current record, then import with --force only after confirming the row is still accurate."
ps2-priority-majokko-marykate-reviewed-overviews-2026-08-25.json,data/games/reviewed-overview-imports/ps2-priority-majokko-marykate-reviewed-overviews-2026-08-25.csv,ps2,ps2-margot-s-word-brain,,currentOverview is stale; rerun with --force after re-reviewing this row,"Refresh currentOverview from live game data, re-read the reviewed copy beside the current record, then import with --force only after confirming the row is still accurate."
ps2-priority-majokko-marykate-reviewed-overviews-2026-08-25.json,data/games/reviewed-overview-imports/ps2-priority-majokko-marykate-reviewed-overviews-2026-08-25.csv,ps2,ps2-mark-davis-pro-bass-challenge,,currentOverview is stale; rerun with --force after re-reviewing this row,"Refresh currentOverview from live game data, re-read the reviewed copy beside the current record, then import with --force only after confirming the row is still accurate."
ps2-priority-majokko-marykate-reviewed-overviews-2026-08-25.json,data/games/reviewed-overview-imports/ps2-priority-majokko-marykate-reviewed-overviews-2026-08-25.csv,ps2,ps2-marl-de-jigsaw,,currentOverview is stale; rerun with --force after re-reviewing this row,"Refresh currentOverview from live game data, re-read the reviewed copy beside the current record, then import with --force only after confirming the row is still accurate."
ps2-priority-majokko-marykate-reviewed-overviews-2026-08-25.json,data/games/reviewed-overview-imports/ps2-priority-majokko-marykate-reviewed-overviews-2026-08-25.csv,ps2,ps2-mary-kate-and-ashley-sweet-16-licensed-to-drive,,currentOverview is stale; rerun with --force after re-reviewing this row,"Refresh currentOverview from live game data, re-read the reviewed copy beside the current record, then import with --force only after confirming the row is still accurate."
ps2-priority-master-memorial-reviewed-overviews-2026-08-25.json,data/games/reviewed-overview-imports/ps2-priority-master-memorial-reviewed-overviews-2026-08-25.csv,ps2,ps2-master-chess,,currentOverview is stale; rerun with --force after re-reviewing this row,"Refresh currentOverview from live game data, re-read the reviewed copy beside the current record, then import with --force only after confirming the row is still accurate."
ps2-priority-master-memorial-reviewed-overviews-2026-08-25.json,data/games/reviewed-overview-imports/ps2-priority-master-memorial-reviewed-overviews-2026-08-25.csv,ps2,ps2-master-rallye,,currentOverview is stale; rerun with --force after re-reviewing this row,"Refresh currentOverview from live game data, re-read the reviewed copy beside the current record, then import with --force only after confirming the row is still accurate."
ps2-priority-master-memorial-reviewed-overviews-2026-08-25.json,data/games/reviewed-overview-imports/ps2-priority-master-memorial-reviewed-overviews-2026-08-25.csv,ps2,ps2-matantei-loki-ragnarok-mayoukaku,,currentOverview is stale; rerun with --force after re-reviewing this row,"Refresh currentOverview from live game data, re-read the reviewed copy beside the current record, then import with --force only after confirming the row is still accurate."
ps2-priority-master-memorial-reviewed-overviews-2026-08-25.json,data/games/reviewed-overview-imports/ps2-priority-master-memorial-reviewed-overviews-2026-08-25.csv,ps2,ps2-mawaza,,currentOverview is stale; rerun with --force after re-reviewing this row,"Refresh currentOverview from live game data, re-read the reviewed copy beside the current record, then import with --force only after confirming the row is still accurate."
ps2-priority-master-memorial-reviewed-overviews-2026-08-25.json,data/games/reviewed-overview-imports/ps2-priority-master-memorial-reviewed-overviews-2026-08-25.csv,ps2,ps2-maxxed-out-racing,,currentOverview is stale; rerun with --force after re-reviewing this row,"Refresh currentOverview from live game data, re-read the reviewed copy beside the current record, then import with --force only after confirming the row is still accurate."
ps2-priority-master-memorial-reviewed-overviews-2026-08-25.json,data/games/reviewed-overview-imports/ps2-priority-master-memorial-reviewed-overviews-2026-08-25.csv,ps2,ps2-maxxed-out-racing-nitro,,currentOverview is stale; rerun with --force after re-reviewing this row,"Refresh currentOverview from live game data, re-read the reviewed copy beside the current record, then import with --force only after confirming the row is still accurate."
ps2-priority-master-memorial-reviewed-overviews-2026-08-25.json,data/games/reviewed-overview-imports/ps2-priority-master-memorial-reviewed-overviews-2026-08-25.csv,ps2,ps2-maze-action,,currentOverview is stale; rerun with --force after re-reviewing this row,"Refresh currentOverview from live game data, re-read the reviewed copy beside the current record, then import with --force only after confirming the row is still accurate."
ps2-priority-master-memorial-reviewed-overviews-2026-08-25.json,data/games/reviewed-overview-imports/ps2-priority-master-memorial-reviewed-overviews-2026-08-25.csv,ps2,ps2-mcfarlane-s-evil-prophecy,,currentOverview is stale; rerun with --force after re-reviewing this row,"Refresh currentOverview from live game data, re-read the reviewed copy beside the current record, then import with --force only after confirming the row is still accurate."
ps2-priority-master-memorial-reviewed-overviews-2026-08-25.json,data/games/reviewed-overview-imports/ps2-priority-master-memorial-reviewed-overviews-2026-08-25.csv,ps2,ps2-medical-91,,currentOverview is stale; rerun with --force after re-reviewing this row,"Refresh currentOverview from live game data, re-read the reviewed copy beside the current record, then import with --force only after confirming the row is still accurate."
ps2-priority-master-memorial-reviewed-overviews-2026-08-25.json,data/games/reviewed-overview-imports/ps2-priority-master-memorial-reviewed-overviews-2026-08-25.csv,ps2,ps2-medical-and-engineering-joint-entrance-quiz,,currentOverview is stale; rerun with --force after re-reviewing this row,"Refresh currentOverview from live game data, re-read the reviewed copy beside the current record, then import with --force only after confirming the row is still accurate."
ps2-priority-master-memorial-reviewed-overviews-2026-08-25.json,data/games/reviewed-overview-imports/ps2-priority-master-memorial-reviewed-overviews-2026-08-25.csv,ps2,ps2-meine-liebe-ii-hokori-to-seigi-to-ai,,currentOverview is stale; rerun with --force after re-reviewing this row,"Refresh currentOverview from live game data, re-read the reviewed copy beside the current record, then import with --force only after confirming the row is still accurate."
ps2-priority-master-memorial-reviewed-overviews-2026-08-25.json,data/games/reviewed-overview-imports/ps2-priority-master-memorial-reviewed-overviews-2026-08-25.csv,ps2,ps2-meine-liebe-yubinaru-kioku,,currentOverview is stale; rerun with --force after re-reviewing this row,"Refresh currentOverview from live game data, re-read the reviewed copy beside the current record, then import with --force only after confirming the row is still accurate."
ps2-priority-master-memorial-reviewed-overviews-2026-08-25.json,data/games/reviewed-overview-imports/ps2-priority-master-memorial-reviewed-overviews-2026-08-25.csv,ps2,ps2-meitantei-conan-daiei-teikoku-no-isan,,currentOverview is stale; rerun with --force after re-reviewing this row,"Refresh currentOverview from live game data, re-read the reviewed copy beside the current record, then import with --force only after confirming the row is still accurate."
ps2-priority-master-memorial-reviewed-overviews-2026-08-25.json,data/games/reviewed-overview-imports/ps2-priority-master-memorial-reviewed-overviews-2026-08-25.csv,ps2,ps2-meitantei-evangelion,,currentOverview is stale; rerun with --force after re-reviewing this row,"Refresh currentOverview from live game data, re-read the reviewed copy beside the current record, then import with --force only after confirming the row is still accurate."
ps2-priority-master-memorial-reviewed-overviews-2026-08-25.json,data/games/reviewed-overview-imports/ps2-priority-master-memorial-reviewed-overviews-2026-08-25.csv,ps2,ps2-memorial-song,,currentOverview is stale; rerun with --force after re-reviewing this row,"Refresh currentOverview from live game data, re-read the reviewed copy beside the current record, then import with --force only after confirming the row is still accurate."
ps2-priority-memories-mezase-reviewed-overviews-2026-08-25.json,data/games/reviewed-overview-imports/ps2-priority-memories-mezase-reviewed-overviews-2026-08-25.csv,ps2,ps2-memories-off-5-togireta-film,,currentOverview is stale; rerun with --force after re-reviewing this row,"Refresh currentOverview from live game data, re-read the reviewed copy beside the current record, then import with --force only after confirming the row is still accurate."
ps2-priority-memories-mezase-reviewed-overviews-2026-08-25.json,data/games/reviewed-overview-imports/ps2-priority-memories-mezase-reviewed-overviews-2026-08-25.csv,ps2,ps2-memories-off-6-next-relation,,currentOverview is stale; rerun with --force after re-reviewing this row,"Refresh currentOverview from live game data, re-read the reviewed copy beside the current record, then import with --force only after confirming the row is still accurate."
ps2-priority-memories-mezase-reviewed-overviews-2026-08-25.json,data/games/reviewed-overview-imports/ps2-priority-memories-mezase-reviewed-overviews-2026-08-25.csv,ps2,ps2-memories-off-after-rain-vol-2-souen,,currentOverview is stale; rerun with --force after re-reviewing this row,"Refresh currentOverview from live game data, re-read the reviewed copy beside the current record, then import with --force only after confirming the row is still accurate."
ps2-priority-memories-mezase-reviewed-overviews-2026-08-25.json,data/games/reviewed-overview-imports/ps2-priority-memories-mezase-reviewed-overviews-2026-08-25.csv,ps2,ps2-memories-off-after-rain-vol-3-sotsugyou,,currentOverview is stale; rerun with --force after re-reviewing this row,"Refresh currentOverview from live game data, re-read the reviewed copy beside the current record, then import with --force only after confirming the row is still accurate."
ps2-priority-memories-mezase-reviewed-overviews-2026-08-25.json,data/games/reviewed-overview-imports/ps2-priority-memories-mezase-reviewed-overviews-2026-08-25.csv,ps2,ps2-memories-off-sorekara,,currentOverview is stale; rerun with --force after re-reviewing this row,"Refresh currentOverview from live game data, re-read the reviewed copy beside the current record, then import with --force only after confirming the row is still accurate."
ps2-priority-memories-mezase-reviewed-overviews-2026-08-25.json,data/games/reviewed-overview-imports/ps2-priority-memories-mezase-reviewed-overviews-2026-08-25.csv,ps2,ps2-men-at-work-3,,currentOverview is stale; rerun with --force after re-reviewing this row,"Refresh currentOverview from live game data, re-read the reviewed copy beside the current record, then import with --force only after confirming the row is still accurate."
ps2-priority-memories-mezase-reviewed-overviews-2026-08-25.json,data/games/reviewed-overview-imports/ps2-priority-memories-mezase-reviewed-overviews-2026-08-25.csv,ps2,ps2-mermaid-prism,,currentOverview is stale; rerun with --force after re-reviewing this row,"Refresh currentOverview from live game data, re-read the reviewed copy beside the current record, then import with --force only after confirming the row is still accurate."
ps2-priority-memories-mezase-reviewed-overviews-2026-08-25.json,data/games/reviewed-overview-imports/ps2-priority-memories-mezase-reviewed-overviews-2026-08-25.csv,ps2,ps2-meshimase-roman-sabou,,currentOverview is stale; rerun with --force after re-reviewing this row,"Refresh currentOverview from live game data, re-read the reviewed copy beside the current record, then import with --force only after confirming the row is still accurate."
ps2-priority-memories-mezase-reviewed-overviews-2026-08-25.json,data/games/reviewed-overview-imports/ps2-priority-memories-mezase-reviewed-overviews-2026-08-25.csv,ps2,ps2-metal-wolf-rev,,currentOverview is stale; rerun with --force after re-reviewing this row,"Refresh currentOverview from live game data, re-read the reviewed copy beside the current record, then import with --force only after confirming the row is still accurate."
ps2-priority-memories-mezase-reviewed-overviews-2026-08-25.json,data/games/reviewed-overview-imports/ps2-priority-memories-mezase-reviewed-overviews-2026-08-25.csv,ps2,ps2-metropolismania,,currentOverview is stale; rerun with --force after re-reviewing this row,"Refresh currentOverview from live game data, re-read the reviewed copy beside the current record, then import with --force only after confirming the row is still accurate."
ps2-priority-memories-mezase-reviewed-overviews-2026-08-25.json,data/games/reviewed-overview-imports/ps2-priority-memories-mezase-reviewed-overviews-2026-08-25.csv,ps2,ps2-metropolismania-2,,currentOverview is stale; rerun with --force after re-reviewing this row,"Refresh currentOverview from live game data, re-read the reviewed copy beside the current record, then import with --force only after confirming the row is still accurate."
ps2-priority-memories-mezase-reviewed-overviews-2026-08-25.json,data/games/reviewed-overview-imports/ps2-priority-memories-mezase-reviewed-overviews-2026-08-25.csv,ps2,ps2-mezase-meimon-yakyubu-2,,currentOverview is stale; rerun with --force after re-reviewing this row,"Refresh currentOverview from live game data, re-read the reviewed copy beside the current record, then import with --force only after confirming the row is still accurate."
ps2-priority-monster-motor-reviewed-overviews-2026-08-25.json,data/games/reviewed-overview-imports/ps2-priority-monster-motor-reviewed-overviews-2026-08-25.csv,ps2,ps2-monopoly-party,,currentOverview is stale; rerun with --force after re-reviewing this row,"Refresh currentOverview from live game data, re-read the reviewed copy beside the current record, then import with --force only after confirming the row is still accurate."
ps2-priority-monster-motor-reviewed-overviews-2026-08-25.json,data/games/reviewed-overview-imports/ps2-priority-monster-motor-reviewed-overviews-2026-08-25.csv,ps2,ps2-monster-attack,,currentOverview is stale; rerun with --force after re-reviewing this row,"Refresh currentOverview from live game data, re-read the reviewed copy beside the current record, then import with --force only after confirming the row is still accurate."
ps2-priority-monster-motor-reviewed-overviews-2026-08-25.json,data/games/reviewed-overview-imports/ps2-priority-monster-motor-reviewed-overviews-2026-08-25.csv,ps2,ps2-monster-rancher-4,,currentOverview is stale; rerun with --force after re-reviewing this row,"Refresh currentOverview from live game data, re-read the reviewed copy beside the current record, then import with --force only after confirming the row is still accurate."
ps2-priority-monster-motor-reviewed-overviews-2026-08-25.json,data/games/reviewed-overview-imports/ps2-priority-monster-motor-reviewed-overviews-2026-08-25.csv,ps2,ps2-monster-trux-extreme-offroad-edition,,currentOverview is stale; rerun with --force after re-reviewing this row,"Refresh currentOverview from live game data, re-read the reviewed copy beside the current record, then import with --force only after confirming the row is still accurate."
ps2-priority-monster-motor-reviewed-overviews-2026-08-25.json,data/games/reviewed-overview-imports/ps2-priority-monster-motor-reviewed-overviews-2026-08-25.csv,ps2,ps2-moorhuhn-fun-kart-2008,,currentOverview is stale; rerun with --force after re-reviewing this row,"Refresh currentOverview from live game data, re-read the reviewed copy beside the current record, then import with --force only after confirming the row is still accurate."
ps2-priority-monster-motor-reviewed-overviews-2026-08-25.json,data/games/reviewed-overview-imports/ps2-priority-monster-motor-reviewed-overviews-2026-08-25.csv,ps2,ps2-moto-x-maniac,,currentOverview is stale; rerun with --force after re-reviewing this row,"Refresh currentOverview from live game data, re-read the reviewed copy beside the current record, then import with --force only after confirming the row is still accurate."
ps2-priority-monster-motor-reviewed-overviews-2026-08-25.json,data/games/reviewed-overview-imports/ps2-priority-monster-motor-reviewed-overviews-2026-08-25.csv,ps2,ps2-motogp-07,,currentOverview is stale; rerun with --force after re-reviewing this row,"Refresh currentOverview from live game data, re-read the reviewed copy beside the current record, then import with --force only after confirming the row is still accurate."
ps2-priority-monster-motor-reviewed-overviews-2026-08-25.json,data/games/reviewed-overview-imports/ps2-priority-monster-motor-reviewed-overviews-2026-08-25.csv,ps2,ps2-motor-mayhem-vehicular-combat-league,,currentOverview is stale; rerun with --force after re-reviewing this row,"Refresh currentOverview from live game data, re-read the reviewed copy beside the current record, then import with --force only after confirming the row is still accurate."
ps2-priority-mutsuzaki-natsuyume-reviewed-overviews-2026-08-25.json,data/games/reviewed-overview-imports/ps2-priority-mutsuzaki-natsuyume-reviewed-overviews-2026-08-25.csv,ps2,ps2-mutsuzaki-hoshi-kikari,,currentOverview is stale; rerun with --force after re-reviewing this row,"Refresh currentOverview from live game data, re-read the reviewed copy beside the current record, then import with --force only after confirming the row is still accurate."
ps2-priority-mutsuzaki-natsuyume-reviewed-overviews-2026-08-25.json,data/games/reviewed-overview-imports/ps2-priority-mutsuzaki-natsuyume-reviewed-overviews-2026-08-25.csv,ps2,ps2-mystereet,,currentOverview is stale; rerun with --force after re-reviewing this row,"Refresh currentOverview from live game data, re-read the reviewed copy beside the current record, then import with --force only after confirming the row is still accurate."
ps2-priority-mutsuzaki-natsuyume-reviewed-overviews-2026-08-25.json,data/games/reviewed-overview-imports/ps2-priority-mutsuzaki-natsuyume-reviewed-overviews-2026-08-25.csv,ps2,ps2-nadepro-kisama-mo-seiyu-yattemiro,,currentOverview is stale; rerun with --force after re-reviewing this row,"Refresh currentOverview from live game data, re-read the reviewed copy beside the current record, then import with --force only after confirming the row is still accurate."
ps2-priority-mutsuzaki-natsuyume-reviewed-overviews-2026-08-25.json,data/games/reviewed-overview-imports/ps2-priority-mutsuzaki-natsuyume-reviewed-overviews-2026-08-25.csv,ps2,ps2-nana,,currentOverview is stale; rerun with --force after re-reviewing this row,"Refresh currentOverview from live game data, re-read the reviewed copy beside the current record, then import with --force only after confirming the row is still accurate."
ps2-priority-mutsuzaki-natsuyume-reviewed-overviews-2026-08-25.json,data/games/reviewed-overview-imports/ps2-priority-mutsuzaki-natsuyume-reviewed-overviews-2026-08-25.csv,ps2,ps2-nankuro,,currentOverview is stale; rerun with --force after re-reviewing this row,"Refresh currentOverview from live game data, re-read the reviewed copy beside the current record, then import with --force only after confirming the row is still accurate."
ps2-priority-mutsuzaki-natsuyume-reviewed-overviews-2026-08-25.json,data/games/reviewed-overview-imports/ps2-priority-mutsuzaki-natsuyume-reviewed-overviews-2026-08-25.csv,ps2,ps2-naraku-no-shiro,,currentOverview is stale; rerun with --force after re-reviewing this row,"Refresh currentOverview from live game data, re-read the reviewed copy beside the current record, then import with --force only after confirming the row is still accurate."
ps2-priority-mutsuzaki-natsuyume-reviewed-overviews-2026-08-25.json,data/games/reviewed-overview-imports/ps2-priority-mutsuzaki-natsuyume-reviewed-overviews-2026-08-25.csv,ps2,ps2-national-geographic-safari-adventures-africa,,currentOverview is stale; rerun with --force after re-reviewing this row,"Refresh currentOverview from live game data, re-read the reviewed copy beside the current record, then import with --force only after confirming the row is still accurate."
ps2-priority-mutsuzaki-natsuyume-reviewed-overviews-2026-08-25.json,data/games/reviewed-overview-imports/ps2-priority-mutsuzaki-natsuyume-reviewed-overviews-2026-08-25.csv,ps2,ps2-natsu-shoujo-promised-summer,,currentOverview is stale; rerun with --force after re-reviewing this row,"Refresh currentOverview from live game data, re-read the reviewed copy beside the current record, then import with --force only after confirming the row is still accurate."
ps2-priority-mutsuzaki-natsuyume-reviewed-overviews-2026-08-25.json,data/games/reviewed-overview-imports/ps2-priority-mutsuzaki-natsuyume-reviewed-overviews-2026-08-25.csv,ps2,ps2-natsu-yume-ya-wa,,currentOverview is stale; rerun with --force after re-reviewing this row,"Refresh currentOverview from live game data, re-read the reviewed copy beside the current record, then import with --force only after confirming the row is still accurate."
ps2-priority-natsuiro-neppachi-reviewed-overviews-2026-08-25.json,data/games/reviewed-overview-imports/ps2-priority-natsuiro-neppachi-reviewed-overviews-2026-08-25.csv,ps2,ps2-natsuiro-komachi,,currentOverview is stale; rerun with --force after re-reviewing this row,"Refresh currentOverview from live game data, re-read the reviewed copy beside the current record, then import with --force only after confirming the row is still accurate."
ps2-priority-natsuiro-neppachi-reviewed-overviews-2026-08-25.json,data/games/reviewed-overview-imports/ps2-priority-natsuiro-neppachi-reviewed-overviews-2026-08-25.csv,ps2,ps2-natsuiro-hoshikuzu-no-memory,,currentOverview is stale; rerun with --force after re-reviewing this row,"Refresh currentOverview from live game data, re-read the reviewed copy beside the current record, then import with --force only after confirming the row is still accurate."
ps2-priority-natsuiro-neppachi-reviewed-overviews-2026-08-25.json,data/games/reviewed-overview-imports/ps2-priority-natsuiro-neppachi-reviewed-overviews-2026-08-25.csv,ps2,ps2-natsuzora-no-monologue,,currentOverview is stale; rerun with --force after re-reviewing this row,"Refresh currentOverview from live game data, re-read the reviewed copy beside the current record, then import with --force only after confirming the row is still accurate."
ps2-priority-natsuiro-neppachi-reviewed-overviews-2026-08-25.json,data/games/reviewed-overview-imports/ps2-priority-natsuiro-neppachi-reviewed-overviews-2026-08-25.csv,ps2,ps2-natural-2-duo-sakurairo-no-kisetsu,,currentOverview is stale; rerun with --force after re-reviewing this row,"Refresh currentOverview from live game data, re-read the reviewed copy beside the current record, then import with --force only after confirming the row is still accurate."
ps2-priority-natsuiro-neppachi-reviewed-overviews-2026-08-25.json,data/games/reviewed-overview-imports/ps2-priority-natsuiro-neppachi-reviewed-overviews-2026-08-25.csv,ps2,ps2-negima-3-jikanme-koi-to-mahou-to-sekaiju-densetsu,,currentOverview is stale; rerun with --force after re-reviewing this row,"Refresh currentOverview from live game data, re-read the reviewed copy beside the current record, then import with --force only after confirming the row is still accurate."
ps2-priority-natsuiro-neppachi-reviewed-overviews-2026-08-25.json,data/games/reviewed-overview-imports/ps2-priority-natsuiro-neppachi-reviewed-overviews-2026-08-25.csv,ps2,ps2-negima-dream-tactic-yumemiru-otome-princess,,currentOverview is stale; rerun with --force after re-reviewing this row,"Refresh currentOverview from live game data, re-read the reviewed copy beside the current record, then import with --force only after confirming the row is still accurate."
ps2-priority-natsuiro-neppachi-reviewed-overviews-2026-08-25.json,data/games/reviewed-overview-imports/ps2-priority-natsuiro-neppachi-reviewed-overviews-2026-08-25.csv,ps2,ps2-neo-angelique,,currentOverview is stale; rerun with --force after re-reviewing this row,"Refresh currentOverview from live game data, re-read the reviewed copy beside the current record, then import with --force only after confirming the row is still accurate."
ps2-priority-natsuiro-neppachi-reviewed-overviews-2026-08-25.json,data/games/reviewed-overview-imports/ps2-priority-natsuiro-neppachi-reviewed-overviews-2026-08-25.csv,ps2,ps2-neo-atlas-iii,,currentOverview is stale; rerun with --force after re-reviewing this row,"Refresh currentOverview from live game data, re-read the reviewed copy beside the current record, then import with --force only after confirming the row is still accurate."
ps2-priority-natsuiro-neppachi-reviewed-overviews-2026-08-25.json,data/games/reviewed-overview-imports/ps2-priority-natsuiro-neppachi-reviewed-overviews-2026-08-25.csv,ps2,ps2-neppachi-gold-cr-monster-mansion,,currentOverview is stale; rerun with --force after re-reviewing this row,"Refresh currentOverview from live game data, re-read the reviewed copy beside the current record, then import with --force only after confirming the row is still accurate."
ps2-priority-nba-ncaa-reviewed-overviews-2026-08-25.json,data/games/reviewed-overview-imports/ps2-priority-nba-ncaa-reviewed-overviews-2026-08-25.csv,ps2,ps2-ncaa-march-madness-2002,,currentOverview is stale; rerun with --force after re-reviewing this row,"Refresh currentOverview from live game data, re-read the reviewed copy beside the current record, then import with --force only after confirming the row is still accurate."
ps2-priority-slugfest-monster-reviewed-overviews-2026-08-25.json,data/games/reviewed-overview-imports/ps2-priority-slugfest-monster-reviewed-overviews-2026-08-25.csv,ps2,ps2-moe-moe-2-ji-daisenryaku-deluxe,,currentOverview is stale; rerun with --force after re-reviewing this row,"Refresh currentOverview from live game data, re-read the reviewed copy beside the current record, then import with --force only after confirming the row is still accurate."
ps2-priority-slugfest-monster-reviewed-overviews-2026-08-25.json,data/games/reviewed-overview-imports/ps2-priority-slugfest-monster-reviewed-overviews-2026-08-25.csv,ps2,ps2-momotarou-dentetsu-15,,currentOverview is stale; rerun with --force after re-reviewing this row,"Refresh currentOverview from live game data, re-read the reviewed copy beside the current record, then import with --force only after confirming the row is still accurate."
ps2-priority-slugfest-monster-reviewed-overviews-2026-08-25.json,data/games/reviewed-overview-imports/ps2-priority-slugfest-monster-reviewed-overviews-2026-08-25.csv,ps2,ps2-momotarou-dentetsu-x-kyushu-hen-mo-arubai,,currentOverview is stale; rerun with --force after re-reviewing this row,"Refresh currentOverview from live game data, re-read the reviewed copy beside the current record, then import with --force only after confirming the row is still accurate."
ps2-priority-slugfest-monster-reviewed-overviews-2026-08-25.json,data/games/reviewed-overview-imports/ps2-priority-slugfest-monster-reviewed-overviews-2026-08-25.csv,ps2,ps2-monopoly,,currentOverview is stale; rerun with --force after re-reviewing this row,"Refresh currentOverview from live game data, re-read the reviewed copy beside the current record, then import with --force only after confirming the row is still accurate."
ps2-priority-zeroone-kinnikuman-reviewed-overviews-2026-08-25.json,data/games/reviewed-overview-imports/ps2-priority-zeroone-kinnikuman-reviewed-overviews-2026-08-25.csv,ps2,ps2-king-of-colosseum-zero-one-disc,,currentOverview is stale; rerun with --force after re-reviewing this row,"Refresh currentOverview from live game data, re-read the reviewed copy beside the current record, then import with --force only after confirming the row is still accurate."
ps2-priority-zeroone-kinnikuman-reviewed-overviews-2026-08-25.json,data/games/reviewed-overview-imports/ps2-priority-zeroone-kinnikuman-reviewed-overviews-2026-08-25.csv,ps2,ps2-kiniro-no-corda-2,,currentOverview is stale; rerun with --force after re-reviewing this row,"Refresh currentOverview from live game data, re-read the reviewed copy beside the current record, then import with --force only after confirming the row is still accurate."
ps2-priority-zeroone-kinnikuman-reviewed-overviews-2026-08-25.json,data/games/reviewed-overview-imports/ps2-priority-zeroone-kinnikuman-reviewed-overviews-2026-08-25.csv,ps2,ps2-kiniro-no-corda-2-encore,,currentOverview is stale; rerun with --force after re-reviewing this row,"Refresh currentOverview from live game data, re-read the reviewed copy beside the current record, then import with --force only after confirming the row is still accurate."
ps2-priority-zeroone-kinnikuman-reviewed-overviews-2026-08-25.json,data/games/reviewed-overview-imports/ps2-priority-zeroone-kinnikuman-reviewed-overviews-2026-08-25.csv,ps2,ps2-kiniro-no-corda-3,,currentOverview is stale; rerun with --force after re-reviewing this row,"Refresh currentOverview from live game data, re-read the reviewed copy beside the current record, then import with --force only after confirming the row is still accurate."
ps2-priority-zeroone-kinnikuman-reviewed-overviews-2026-08-25.json,data/games/reviewed-overview-imports/ps2-priority-zeroone-kinnikuman-reviewed-overviews-2026-08-25.csv,ps2,ps2-kinkou-myaku-tansa-simulation-ingot-79,,currentOverview is stale; rerun with --force after re-reviewing this row,"Refresh currentOverview from live game data, re-read the reviewed copy beside the current record, then import with --force only after confirming the row is still accurate."
ps2-priority-zeroone-kinnikuman-reviewed-overviews-2026-08-25.json,data/games/reviewed-overview-imports/ps2-priority-zeroone-kinnikuman-reviewed-overviews-2026-08-25.csv,ps2,ps2-kinniku-banzuke-muscle-wars-21,,currentOverview is stale; rerun with --force after re-reviewing this row,"Refresh currentOverview from live game data, re-read the reviewed copy beside the current record, then import with --force only after confirming the row is still accurate."
ps2-priority-zeroone-kinnikuman-reviewed-overviews-2026-08-25.json,data/games/reviewed-overview-imports/ps2-priority-zeroone-kinnikuman-reviewed-overviews-2026-08-25.csv,ps2,ps2-kinnikuman-muscle-grand-prix-max,,currentOverview is stale; rerun with --force after re-reviewing this row,"Refresh currentOverview from live game data, re-read the reviewed copy beside the current record, then import with --force only after confirming the row is still accurate."
ps2-priority-zeroone-kinnikuman-reviewed-overviews-2026-08-25.json,data/games/reviewed-overview-imports/ps2-priority-zeroone-kinnikuman-reviewed-overviews-2026-08-25.csv,ps2,ps2-kinnikuman-muscle-grand-prix-max-2-tokumori,,currentOverview is stale; rerun with --force after re-reviewing this row,"Refresh currentOverview from live game data, re-read the reviewed copy beside the current record, then import with --force only after confirming the row is still accurate."
ps2-sports-licensed-visual-novel-reviewed-overviews-5.json,data/games/reviewed-overview-imports/ps2-sports-licensed-visual-novel-reviewed-overviews-5.csv,ps2,ps2-all-star-pro-wrestling,,currentOverview is stale; rerun with --force after re-reviewing this row,"Refresh currentOverview from live game data, re-read the reviewed copy beside the current record, then import with --force only after confirming the row is still accurate."
ps2-sports-licensed-visual-novel-reviewed-overviews-5.json,data/games/reviewed-overview-imports/ps2-sports-licensed-visual-novel-reviewed-overviews-5.csv,ps2,ps2-all-star-pro-wrestling-ii,,currentOverview is stale; rerun with --force after re-reviewing this row,"Refresh currentOverview from live game data, re-read the reviewed copy beside the current record, then import with --force only after confirming the row is still accurate."
ps2-sports-licensed-visual-novel-reviewed-overviews-5.json,data/games/reviewed-overview-imports/ps2-sports-licensed-visual-novel-reviewed-overviews-5.csv,ps2,ps2-all-star-pro-wrestling-iii,,currentOverview is stale; rerun with --force after re-reviewing this row,"Refresh currentOverview from live game data, re-read the reviewed copy beside the current record, then import with --force only after confirming the row is still accurate."
ps2-sports-licensed-visual-novel-reviewed-overviews-5.json,data/games/reviewed-overview-imports/ps2-sports-licensed-visual-novel-reviewed-overviews-5.csv,ps2,ps2-alpine-ski-racing-2007,,currentOverview is stale; rerun with --force after re-reviewing this row,"Refresh currentOverview from live game data, re-read the reviewed copy beside the current record, then import with --force only after confirming the row is still accurate."
ps2-sports-licensed-visual-novel-reviewed-overviews-5.json,data/games/reviewed-overview-imports/ps2-sports-licensed-visual-novel-reviewed-overviews-5.csv,ps2,ps2-alpine-skiing-2005,,currentOverview is stale; rerun with --force after re-reviewing this row,"Refresh currentOverview from live game data, re-read the reviewed copy beside the current record, then import with --force only after confirming the row is still accurate."
ps2-sports-licensed-visual-novel-reviewed-overviews-5.json,data/games/reviewed-overview-imports/ps2-sports-licensed-visual-novel-reviewed-overviews-5.csv,ps2,ps2-american-chopper,,currentOverview is stale; rerun with --force after re-reviewing this row,"Refresh currentOverview from live game data, re-read the reviewed copy beside the current record, then import with --force only after confirming the row is still accurate."
ps2-sports-licensed-visual-novel-reviewed-overviews-5.json,data/games/reviewed-overview-imports/ps2-sports-licensed-visual-novel-reviewed-overviews-5.csv,ps2,ps2-american-chopper-2-full-throttle,,currentOverview is stale; rerun with --force after re-reviewing this row,"Refresh currentOverview from live game data, re-read the reviewed copy beside the current record, then import with --force only after confirming the row is still accurate."
ps2-sports-licensed-visual-novel-reviewed-overviews-5.json,data/games/reviewed-overview-imports/ps2-sports-licensed-visual-novel-reviewed-overviews-5.csv,ps2,ps2-angel-s-feather,,currentOverview is stale; rerun with --force after re-reviewing this row,"Refresh currentOverview from live game data, re-read the reviewed copy beside the current record, then import with --force only after confirming the row is still accurate."
ps2-sports-licensed-visual-novel-reviewed-overviews-5.json,data/games/reviewed-overview-imports/ps2-sports-licensed-visual-novel-reviewed-overviews-5.csv,ps2,ps2-angelique-trois,,currentOverview is stale; rerun with --force after re-reviewing this row,"Refresh currentOverview from live game data, re-read the reviewed copy beside the current record, then import with --force only after confirming the row is still accurate."
ps2-sports-licensed-visual-novel-reviewed-overviews-5.json,data/games/reviewed-overview-imports/ps2-sports-licensed-visual-novel-reviewed-overviews-5.csv,ps2,ps2-angelic-concert,,currentOverview is stale; rerun with --force after re-reviewing this row,"Refresh currentOverview from live game data, re-read the reviewed copy beside the current record, then import with --force only after confirming the row is still accurate."
ps2-weak-template-ddrmax-deepwater-reviewed-overviews-49.json,data/games/reviewed-overview-imports/ps2-weak-template-ddrmax-deepwater-reviewed-overviews-49.csv,ps2,ps2-deadly-strike,,currentOverview is stale; rerun with --force after re-reviewing this row,"Refresh currentOverview from live game data, re-read the reviewed copy beside the current record, then import with --force only after confirming the row is still accurate."
ps3-franchise-collector-reviewed-overviews-2.json,data/games/reviewed-overview-imports/ps3-franchise-collector-reviewed-overviews-2.csv,ps3,ps3-god-of-war-hd,,currentOverview is stale; rerun with --force after re-reviewing this row,"Refresh currentOverview from live game data, re-read the reviewed copy beside the current record, then import with --force only after confirming the row is still accurate."
ps3-franchise-collector-reviewed-overviews-2.json,data/games/reviewed-overview-imports/ps3-franchise-collector-reviewed-overviews-2.csv,ps3,ps3-god-of-war-ii-hd,,currentOverview is stale; rerun with --force after re-reviewing this row,"Refresh currentOverview from live game data, re-read the reviewed copy beside the current record, then import with --force only after confirming the row is still accurate."
ps3-franchise-collector-reviewed-overviews-2.json,data/games/reviewed-overview-imports/ps3-franchise-collector-reviewed-overviews-2.csv,ps3,ps3-gundam-breaker,,currentOverview is stale; rerun with --force after re-reviewing this row,"Refresh currentOverview from live game data, re-read the reviewed copy beside the current record, then import with --force only after confirming the row is still accurate."
ps3-franchise-collector-reviewed-overviews-2.json,data/games/reviewed-overview-imports/ps3-franchise-collector-reviewed-overviews-2.csv,ps3,ps3-gundam-breaker-2,,currentOverview is stale; rerun with --force after re-reviewing this row,"Refresh currentOverview from live game data, re-read the reviewed copy beside the current record, then import with --force only after confirming the row is still accurate."
ps3-franchise-collector-reviewed-overviews-2.json,data/games/reviewed-overview-imports/ps3-franchise-collector-reviewed-overviews-2.csv,ps3,ps3-lego-star-wars-the-force-awakens,,currentOverview is stale; rerun with --force after re-reviewing this row,"Refresh currentOverview from live game data, re-read the reviewed copy beside the current record, then import with --force only after confirming the row is still accurate."
ps3-franchise-collector-reviewed-overviews-2.json,data/games/reviewed-overview-imports/ps3-franchise-collector-reviewed-overviews-2.csv,ps3,ps3-yu-gi-oh-5d-s-decade-duels-plus,,currentOverview is stale; rerun with --force after re-reviewing this row,"Refresh currentOverview from live game data, re-read the reviewed copy beside the current record, then import with --force only after confirming the row is still accurate."
ps3-franchise-collector-reviewed-overviews-2.json,data/games/reviewed-overview-imports/ps3-franchise-collector-reviewed-overviews-2.csv,ps3,ps3-atelier-ayesha-the-alchemist-of-dusk,,currentOverview is stale; rerun with --force after re-reviewing this row,"Refresh currentOverview from live game data, re-read the reviewed copy beside the current record, then import with --force only after confirming the row is still accurate."
ps3-franchise-collector-reviewed-overviews-2.json,data/games/reviewed-overview-imports/ps3-franchise-collector-reviewed-overviews-2.csv,ps3,ps3-atelier-rorona-plus-the-alchemist-of-arland,,currentOverview is stale; rerun with --force after re-reviewing this row,"Refresh currentOverview from live game data, re-read the reviewed copy beside the current record, then import with --force only after confirming the row is still accurate."
ps3-franchise-collector-reviewed-overviews-2.json,data/games/reviewed-overview-imports/ps3-franchise-collector-reviewed-overviews-2.csv,ps3,ps3-tales-of-graces,,currentOverview is stale; rerun with --force after re-reviewing this row,"Refresh currentOverview from live game data, re-read the reviewed copy beside the current record, then import with --force only after confirming the row is still accurate."
ps3-franchise-collector-reviewed-overviews-2.json,data/games/reviewed-overview-imports/ps3-franchise-collector-reviewed-overviews-2.csv,ps3,ps3-tales-of-xillia-2,,currentOverview is stale; rerun with --force after re-reviewing this row,"Refresh currentOverview from live game data, re-read the reviewed copy beside the current record, then import with --force only after confirming the row is still accurate."
ps3-priority-a-adams-reviewed-overviews-2026-08-25.json,data/games/reviewed-overview-imports/ps3-priority-a-adams-reviewed-overviews-2026-08-25.csv,ps3,ps3-and-sora-no-muko-de-saki-masuyo-ni,,currentOverview is stale; rerun with --force after re-reviewing this row,"Refresh currentOverview from live game data, re-read the reviewed copy beside the current record, then import with --force only after confirming the row is still accurate."
ps3-priority-a-adams-reviewed-overviews-2026-08-25.json,data/games/reviewed-overview-imports/ps3-priority-a-adams-reviewed-overviews-2026-08-25.csv,ps3,ps3-killallzombies,,currentOverview is stale; rerun with --force after re-reviewing this row,"Refresh currentOverview from live game data, re-read the reviewed copy beside the current record, then import with --force only after confirming the row is still accurate."
ps3-priority-a-adams-reviewed-overviews-2026-08-25.json,data/games/reviewed-overview-imports/ps3-priority-a-adams-reviewed-overviews-2026-08-25.csv,ps3,ps3-3d-ultra-minigolf-adventures-2,,currentOverview is stale; rerun with --force after re-reviewing this row,"Refresh currentOverview from live game data, re-read the reviewed copy beside the current record, then import with --force only after confirming the row is still accurate."
ps3-priority-a-adams-reviewed-overviews-2026-08-25.json,data/games/reviewed-overview-imports/ps3-priority-a-adams-reviewed-overviews-2026-08-25.csv,ps3,ps3-4-elements-hd,,currentOverview is stale; rerun with --force after re-reviewing this row,"Refresh currentOverview from live game data, re-read the reviewed copy beside the current record, then import with --force only after confirming the row is still accurate."
ps3-priority-a-adams-reviewed-overviews-2026-08-25.json,data/games/reviewed-overview-imports/ps3-priority-a-adams-reviewed-overviews-2026-08-25.csv,ps3,ps3-5-star-wrestling,,currentOverview is stale; rerun with --force after re-reviewing this row,"Refresh currentOverview from live game data, re-read the reviewed copy beside the current record, then import with --force only after confirming the row is still accurate."
ps3-priority-a-adams-reviewed-overviews-2026-08-25.json,data/games/reviewed-overview-imports/ps3-priority-a-adams-reviewed-overviews-2026-08-25.csv,ps3,ps3-100-yen-gomibako,,currentOverview is stale; rerun with --force after re-reviewing this row,"Refresh currentOverview from live game data, re-read the reviewed copy beside the current record, then import with --force only after confirming the row is still accurate."
ps3-priority-a-adams-reviewed-overviews-2026-08-25.json,data/games/reviewed-overview-imports/ps3-priority-a-adams-reviewed-overviews-2026-08-25.csv,ps3,ps3-a-men,,currentOverview is stale; rerun with --force after re-reviewing this row,"Refresh currentOverview from live game data, re-read the reviewed copy beside the current record, then import with --force only after confirming the row is still accurate."
ps3-priority-a-adams-reviewed-overviews-2026-08-25.json,data/games/reviewed-overview-imports/ps3-priority-a-adams-reviewed-overviews-2026-08-25.csv,ps3,ps3-aabs-animals,,currentOverview is stale; rerun with --force after re-reviewing this row,"Refresh currentOverview from live game data, re-read the reviewed copy beside the current record, then import with --force only after confirming the row is still accurate."
ps3-priority-a-adams-reviewed-overviews-2026-08-25.json,data/games/reviewed-overview-imports/ps3-priority-a-adams-reviewed-overviews-2026-08-25.csv,ps3,ps3-aaru-s-awakening,,currentOverview is stale; rerun with --force after re-reviewing this row,"Refresh currentOverview from live game data, re-read the reviewed copy beside the current record, then import with --force only after confirming the row is still accurate."
ps3-priority-a-adams-reviewed-overviews-2026-08-25.json,data/games/reviewed-overview-imports/ps3-priority-a-adams-reviewed-overviews-2026-08-25.csv,ps3,ps3-absolute-supercars,,currentOverview is stale; rerun with --force after re-reviewing this row,"Refresh currentOverview from live game data, re-read the reviewed copy beside the current record, then import with --force only after confirming the row is still accurate."
ps3-priority-a-adams-reviewed-overviews-2026-08-25.json,data/games/reviewed-overview-imports/ps3-priority-a-adams-reviewed-overviews-2026-08-25.csv,ps3,ps3-ac-dc-live-rock-band-track-pack,,currentOverview is stale; rerun with --force after re-reviewing this row,"Refresh currentOverview from live game data, re-read the reviewed copy beside the current record, then import with --force only after confirming the row is still accurate."
ps3-priority-a-adams-reviewed-overviews-2026-08-25.json,data/games/reviewed-overview-imports/ps3-priority-a-adams-reviewed-overviews-2026-08-25.csv,ps3,ps3-accel-world-ginyoku-no-kakusei,,currentOverview is stale; rerun with --force after re-reviewing this row,"Refresh currentOverview from live game data, re-read the reviewed copy beside the current record, then import with --force only after confirming the row is still accurate."
ps3-priority-a-adams-reviewed-overviews-2026-08-25.json,data/games/reviewed-overview-imports/ps3-priority-a-adams-reviewed-overviews-2026-08-25.csv,ps3,ps3-accel-world-kasoku-no-chouten,,currentOverview is stale; rerun with --force after re-reviewing this row,"Refresh currentOverview from live game data, re-read the reviewed copy beside the current record, then import with --force only after confirming the row is still accurate."
ps3-priority-a-adams-reviewed-overviews-2026-08-25.json,data/games/reviewed-overview-imports/ps3-priority-a-adams-reviewed-overviews-2026-08-25.csv,ps3,ps3-action-henk,,currentOverview is stale; rerun with --force after re-reviewing this row,"Refresh currentOverview from live game data, re-read the reviewed copy beside the current record, then import with --force only after confirming the row is still accurate."
ps3-priority-a-adams-reviewed-overviews-2026-08-25.json,data/games/reviewed-overview-imports/ps3-priority-a-adams-reviewed-overviews-2026-08-25.csv,ps3,ps3-adam-s-venture-chronicles,,currentOverview is stale; rerun with --force after re-reviewing this row,"Refresh currentOverview from live game data, re-read the reviewed copy beside the current record, then import with --force only after confirming the row is still accurate."
ps3-recognizable-action-fighting-horror-reviewed-overviews-4.json,data/games/reviewed-overview-imports/ps3-recognizable-action-fighting-horror-reviewed-overviews-4.csv,ps3,ps3-ratchet-and-clank-hd,,currentOverview is stale; rerun with --force after re-reviewing this row,"Refresh currentOverview from live game data, re-read the reviewed copy beside the current record, then import with --force only after confirming the row is still accurate."
ps3-recognizable-action-fighting-horror-reviewed-overviews-4.json,data/games/reviewed-overview-imports/ps3-recognizable-action-fighting-horror-reviewed-overviews-4.csv,ps3,ps3-ratchet-deadlocked,,currentOverview is stale; rerun with --force after re-reviewing this row,"Refresh currentOverview from live game data, re-read the reviewed copy beside the current record, then import with --force only after confirming the row is still accurate."
ps3-recognizable-action-fighting-horror-reviewed-overviews-4.json,data/games/reviewed-overview-imports/ps3-recognizable-action-fighting-horror-reviewed-overviews-4.csv,ps3,ps3-resident-evil-hd-remaster,,currentOverview is stale; rerun with --force after re-reviewing this row,"Refresh currentOverview from live game data, re-read the reviewed copy beside the current record, then import with --force only after confirming the row is still accurate."
ps3-recognizable-action-fighting-horror-reviewed-overviews-4.json,data/games/reviewed-overview-imports/ps3-recognizable-action-fighting-horror-reviewed-overviews-4.csv,ps3,ps3-resident-evil-operation-raccoon-city,,currentOverview is stale; rerun with --force after re-reviewing this row,"Refresh currentOverview from live game data, re-read the reviewed copy beside the current record, then import with --force only after confirming the row is still accurate."
ps3-recognizable-action-fighting-horror-reviewed-overviews-4.json,data/games/reviewed-overview-imports/ps3-recognizable-action-fighting-horror-reviewed-overviews-4.csv,ps3,ps3-silent-hill-hd-collection,,currentOverview is stale; rerun with --force after re-reviewing this row,"Refresh currentOverview from live game data, re-read the reviewed copy beside the current record, then import with --force only after confirming the row is still accurate."
ps3-recognizable-action-fighting-horror-reviewed-overviews-4.json,data/games/reviewed-overview-imports/ps3-recognizable-action-fighting-horror-reviewed-overviews-4.csv,ps3,ps3-tekken-revolution,,currentOverview is stale; rerun with --force after re-reviewing this row,"Refresh currentOverview from live game data, re-read the reviewed copy beside the current record, then import with --force only after confirming the row is still accurate."
ps3-recognizable-action-fighting-horror-reviewed-overviews-4.json,data/games/reviewed-overview-imports/ps3-recognizable-action-fighting-horror-reviewed-overviews-4.csv,ps3,ps3-virtua-fighter-5,,currentOverview is stale; rerun with --force after re-reviewing this row,"Refresh currentOverview from live game data, re-read the reviewed copy beside the current record, then import with --force only after confirming the row is still accurate."
ps3-recognizable-action-fighting-horror-reviewed-overviews-4.json,data/games/reviewed-overview-imports/ps3-recognizable-action-fighting-horror-reviewed-overviews-4.csv,ps3,ps3-guilty-gear-xrd-sign,,currentOverview is stale; rerun with --force after re-reviewing this row,"Refresh currentOverview from live game data, re-read the reviewed copy beside the current record, then import with --force only after confirming the row is still accurate."
ps3-recognizable-action-fighting-horror-reviewed-overviews-4.json,data/games/reviewed-overview-imports/ps3-recognizable-action-fighting-horror-reviewed-overviews-4.csv,ps3,ps3-sonic-cd,,currentOverview is stale; rerun with --force after re-reviewing this row,"Refresh currentOverview from live game data, re-read the reviewed copy beside the current record, then import with --force only after confirming the row is still accurate."
ps3-recognizable-action-fighting-horror-reviewed-overviews-4.json,data/games/reviewed-overview-imports/ps3-recognizable-action-fighting-horror-reviewed-overviews-4.csv,ps3,ps3-sonic-s-ultimate-genesis-collection,,currentOverview is stale; rerun with --force after re-reviewing this row,"Refresh currentOverview from live game data, re-read the reviewed copy beside the current record, then import with --force only after confirming the row is still accurate."
ps3-recognizable-action-fighting-reviewed-overviews.json,data/games/reviewed-overview-imports/ps3-recognizable-action-fighting-reviewed-overviews.csv,ps3,ps3-hack-versus,,currentOverview is stale; rerun with --force after re-reviewing this row,"Refresh currentOverview from live game data, re-read the reviewed copy beside the current record, then import with --force only after confirming the row is still accurate."
ps3-recognizable-action-fighting-reviewed-overviews.json,data/games/reviewed-overview-imports/ps3-recognizable-action-fighting-reviewed-overviews.csv,ps3,ps3-alien-breed-3-descent,,currentOverview is stale; rerun with --force after re-reviewing this row,"Refresh currentOverview from live game data, re-read the reviewed copy beside the current record, then import with --force only after confirming the row is still accurate."
ps3-recognizable-action-fighting-reviewed-overviews.json,data/games/reviewed-overview-imports/ps3-recognizable-action-fighting-reviewed-overviews.csv,ps3,ps3-anna-extended-edition,,currentOverview is stale; rerun with --force after re-reviewing this row,"Refresh currentOverview from live game data, re-read the reviewed copy beside the current record, then import with --force only after confirming the row is still accurate."
ps3-recognizable-action-fighting-reviewed-overviews.json,data/games/reviewed-overview-imports/ps3-recognizable-action-fighting-reviewed-overviews.csv,ps3,ps3-armored-core-v,,currentOverview is stale; rerun with --force after re-reviewing this row,"Refresh currentOverview from live game data, re-read the reviewed copy beside the current record, then import with --force only after confirming the row is still accurate."
ps3-recognizable-action-fighting-reviewed-overviews.json,data/games/reviewed-overview-imports/ps3-recognizable-action-fighting-reviewed-overviews.csv,ps3,ps3-batman-the-telltale-series,,currentOverview is stale; rerun with --force after re-reviewing this row,"Refresh currentOverview from live game data, re-read the reviewed copy beside the current record, then import with --force only after confirming the row is still accurate."
ps3-recognizable-action-fighting-reviewed-overviews.json,data/games/reviewed-overview-imports/ps3-recognizable-action-fighting-reviewed-overviews.csv,ps3,ps3-battlefield-bad-company,,currentOverview is stale; rerun with --force after re-reviewing this row,"Refresh currentOverview from live game data, re-read the reviewed copy beside the current record, then import with --force only after confirming the row is still accurate."
ps3-recognizable-action-fighting-reviewed-overviews.json,data/games/reviewed-overview-imports/ps3-recognizable-action-fighting-reviewed-overviews.csv,ps3,ps3-battlefield-bad-company-2,,currentOverview is stale; rerun with --force after re-reviewing this row,"Refresh currentOverview from live game data, re-read the reviewed copy beside the current record, then import with --force only after confirming the row is still accurate."
ps3-recognizable-action-fighting-reviewed-overviews.json,data/games/reviewed-overview-imports/ps3-recognizable-action-fighting-reviewed-overviews.csv,ps3,ps3-blazblue-chrono-phantasma,,currentOverview is stale; rerun with --force after re-reviewing this row,"Refresh currentOverview from live game data, re-read the reviewed copy beside the current record, then import with --force only after confirming the row is still accurate."
ps3-recognizable-action-fighting-reviewed-overviews.json,data/games/reviewed-overview-imports/ps3-recognizable-action-fighting-reviewed-overviews.csv,ps3,ps3-blazblue-continuum-shift,,currentOverview is stale; rerun with --force after re-reviewing this row,"Refresh currentOverview from live game data, re-read the reviewed copy beside the current record, then import with --force only after confirming the row is still accurate."
ps3-recognizable-action-fighting-reviewed-overviews.json,data/games/reviewed-overview-imports/ps3-recognizable-action-fighting-reviewed-overviews.csv,ps3,ps3-blazing-angels-2-secret-missions-of-wwii,,currentOverview is stale; rerun with --force after re-reviewing this row,"Refresh currentOverview from live game data, re-read the reviewed copy beside the current record, then import with --force only after confirming the row is still accurate."
ps4-action-adventure-collection-reviewed-overviews.json,data/games/reviewed-overview-imports/ps4-action-adventure-collection-reviewed-overviews.csv,ps4,ps4-assassin-s-creed-chronicles-china,,currentOverview is stale; rerun with --force after re-reviewing this row,"Refresh currentOverview from live game data, re-read the reviewed copy beside the current record, then import with --force only after confirming the row is still accurate."
ps4-action-adventure-collection-reviewed-overviews.json,data/games/reviewed-overview-imports/ps4-action-adventure-collection-reviewed-overviews.csv,ps4,ps4-assassin-s-creed-chronicles-russia,,currentOverview is stale; rerun with --force after re-reviewing this row,"Refresh currentOverview from live game data, re-read the reviewed copy beside the current record, then import with --force only after confirming the row is still accurate."
ps4-action-adventure-collection-reviewed-overviews.json,data/games/reviewed-overview-imports/ps4-action-adventure-collection-reviewed-overviews.csv,ps4,ps4-asterix-and-obelix-xxl-3-the-crystal-menhir,,currentOverview is stale; rerun with --force after re-reviewing this row,"Refresh currentOverview from live game data, re-read the reviewed copy beside the current record, then import with --force only after confirming the row is still accurate."
ps4-action-adventure-collection-reviewed-overviews.json,data/games/reviewed-overview-imports/ps4-action-adventure-collection-reviewed-overviews.csv,ps4,ps4-asterix-and-obelix-slap-them-all,,currentOverview is stale; rerun with --force after re-reviewing this row,"Refresh currentOverview from live game data, re-read the reviewed copy beside the current record, then import with --force only after confirming the row is still accurate."
ps4-collection-fighter-reviewed-overviews.json,data/games/reviewed-overview-imports/ps4-collection-fighter-reviewed-overviews.csv,ps4,ps4-castlevania-advance-collection,,currentOverview is stale; rerun with --force after re-reviewing this row,"Refresh currentOverview from live game data, re-read the reviewed copy beside the current record, then import with --force only after confirming the row is still accurate."
ps4-collection-fighter-reviewed-overviews.json,data/games/reviewed-overview-imports/ps4-collection-fighter-reviewed-overviews.csv,ps4,ps4-castlevania-anniversary-collection,,currentOverview is stale; rerun with --force after re-reviewing this row,"Refresh currentOverview from live game data, re-read the reviewed copy beside the current record, then import with --force only after confirming the row is still accurate."
ps4-collection-fighter-reviewed-overviews.json,data/games/reviewed-overview-imports/ps4-collection-fighter-reviewed-overviews.csv,ps4,ps4-castlevania-requiem,,currentOverview is stale; rerun with --force after re-reviewing this row,"Refresh currentOverview from live game data, re-read the reviewed copy beside the current record, then import with --force only after confirming the row is still accurate."
ps4-collection-fighter-reviewed-overviews.json,data/games/reviewed-overview-imports/ps4-collection-fighter-reviewed-overviews.csv,ps4,ps4-gundam-breaker-3,,currentOverview is stale; rerun with --force after re-reviewing this row,"Refresh currentOverview from live game data, re-read the reviewed copy beside the current record, then import with --force only after confirming the row is still accurate."
ps4-collection-fighter-reviewed-overviews.json,data/games/reviewed-overview-imports/ps4-collection-fighter-reviewed-overviews.csv,ps4,ps4-gundam-versus,,currentOverview is stale; rerun with --force after re-reviewing this row,"Refresh currentOverview from live game data, re-read the reviewed copy beside the current record, then import with --force only after confirming the row is still accurate."
ps4-collection-fighter-reviewed-overviews.json,data/games/reviewed-overview-imports/ps4-collection-fighter-reviewed-overviews.csv,ps4,ps4-mega-man-legacy-collection,,currentOverview is stale; rerun with --force after re-reviewing this row,"Refresh currentOverview from live game data, re-read the reviewed copy beside the current record, then import with --force only after confirming the row is still accurate."
ps4-collection-fighter-reviewed-overviews.json,data/games/reviewed-overview-imports/ps4-collection-fighter-reviewed-overviews.csv,ps4,ps4-mega-man-battle-network-legacy-collection-vol-1,,currentOverview is stale; rerun with --force after re-reviewing this row,"Refresh currentOverview from live game data, re-read the reviewed copy beside the current record, then import with --force only after confirming the row is still accurate."
ps4-collection-fighter-reviewed-overviews.json,data/games/reviewed-overview-imports/ps4-collection-fighter-reviewed-overviews.csv,ps4,ps4-street-fighter-v-champion-edition,,currentOverview is stale; rerun with --force after re-reviewing this row,"Refresh currentOverview from live game data, re-read the reviewed copy beside the current record, then import with --force only after confirming the row is still accurate."
ps4-franchise-collector-reviewed-overviews.json,data/games/reviewed-overview-imports/ps4-franchise-collector-reviewed-overviews.csv,ps4,ps4-batman-the-telltale-series,,currentOverview is stale; rerun with --force after re-reviewing this row,"Refresh currentOverview from live game data, re-read the reviewed copy beside the current record, then import with --force only after confirming the row is still accurate."
ps4-franchise-collector-reviewed-overviews.json,data/games/reviewed-overview-imports/ps4-franchise-collector-reviewed-overviews.csv,ps4,ps4-dragon-ball-the-breakers,,currentOverview is stale; rerun with --force after re-reviewing this row,"Refresh currentOverview from live game data, re-read the reviewed copy beside the current record, then import with --force only after confirming the row is still accurate."
ps4-franchise-collector-reviewed-overviews.json,data/games/reviewed-overview-imports/ps4-franchise-collector-reviewed-overviews.csv,ps4,ps4-kingdom-hearts-hd-1-5-2-5-remix,,currentOverview is stale; rerun with --force after re-reviewing this row,"Refresh currentOverview from live game data, re-read the reviewed copy beside the current record, then import with --force only after confirming the row is still accurate."
ps4-franchise-collector-reviewed-overviews.json,data/games/reviewed-overview-imports/ps4-franchise-collector-reviewed-overviews.csv,ps4,ps4-kingdom-hearts-the-story-so-far,,currentOverview is stale; rerun with --force after re-reviewing this row,"Refresh currentOverview from live game data, re-read the reviewed copy beside the current record, then import with --force only after confirming the row is still accurate."
ps4-franchise-collector-reviewed-overviews.json,data/games/reviewed-overview-imports/ps4-franchise-collector-reviewed-overviews.csv,ps4,ps4-lego-star-wars-the-skywalker-saga,,currentOverview is stale; rerun with --force after re-reviewing this row,"Refresh currentOverview from live game data, re-read the reviewed copy beside the current record, then import with --force only after confirming the row is still accurate."
ps4-franchise-collector-reviewed-overviews.json,data/games/reviewed-overview-imports/ps4-franchise-collector-reviewed-overviews.csv,ps4,ps4-persona-3-dancing-in-moonlight,,currentOverview is stale; rerun with --force after re-reviewing this row,"Refresh currentOverview from live game data, re-read the reviewed copy beside the current record, then import with --force only after confirming the row is still accurate."
ps4-franchise-collector-reviewed-overviews.json,data/games/reviewed-overview-imports/ps4-franchise-collector-reviewed-overviews.csv,ps4,ps4-persona-5-dancing-star-night,,currentOverview is stale; rerun with --force after re-reviewing this row,"Refresh currentOverview from live game data, re-read the reviewed copy beside the current record, then import with --force only after confirming the row is still accurate."
ps4-franchise-collector-reviewed-overviews.json,data/games/reviewed-overview-imports/ps4-franchise-collector-reviewed-overviews.csv,ps4,ps4-resident-evil-hd-remaster,,currentOverview is stale; rerun with --force after re-reviewing this row,"Refresh currentOverview from live game data, re-read the reviewed copy beside the current record, then import with --force only after confirming the row is still accurate."
ps4-franchise-collector-reviewed-overviews.json,data/games/reviewed-overview-imports/ps4-franchise-collector-reviewed-overviews.csv,ps4,ps4-sonic-mania,,currentOverview is stale; rerun with --force after re-reviewing this row,"Refresh currentOverview from live game data, re-read the reviewed copy beside the current record, then import with --force only after confirming the row is still accurate."
ps4-franchise-collector-reviewed-overviews.json,data/games/reviewed-overview-imports/ps4-franchise-collector-reviewed-overviews.csv,ps4,ps4-sonic-mania-plus,,currentOverview is stale; rerun with --force after re-reviewing this row,"Refresh currentOverview from live game data, re-read the reviewed copy beside the current record, then import with --force only after confirming the row is still accurate."
ps4-franchise-collector-reviewed-overviews.json,data/games/reviewed-overview-imports/ps4-franchise-collector-reviewed-overviews.csv,ps4,ps4-star-wars-battlefront-classic-collection,,currentOverview is stale; rerun with --force after re-reviewing this row,"Refresh currentOverview from live game data, re-read the reviewed copy beside the current record, then import with --force only after confirming the row is still accurate."
ps4-franchise-collector-reviewed-overviews.json,data/games/reviewed-overview-imports/ps4-franchise-collector-reviewed-overviews.csv,ps4,ps4-yakuza-ishin,,currentOverview is stale; rerun with --force after re-reviewing this row,"Refresh currentOverview from live game data, re-read the reviewed copy beside the current record, then import with --force only after confirming the row is still accurate."
ps4-indie-platform-stealth-reviewed-overviews.json,data/games/reviewed-overview-imports/ps4-indie-platform-stealth-reviewed-overviews.csv,ps4,ps4-60-parsecs,,currentOverview is stale; rerun with --force after re-reviewing this row,"Refresh currentOverview from live game data, re-read the reviewed copy beside the current record, then import with --force only after confirming the row is still accurate."
ps4-indie-platform-stealth-reviewed-overviews.json,data/games/reviewed-overview-imports/ps4-indie-platform-stealth-reviewed-overviews.csv,ps4,ps4-60-seconds,,currentOverview is stale; rerun with --force after re-reviewing this row,"Refresh currentOverview from live game data, re-read the reviewed copy beside the current record, then import with --force only after confirming the row is still accurate."
ps4-indie-platform-stealth-reviewed-overviews.json,data/games/reviewed-overview-imports/ps4-indie-platform-stealth-reviewed-overviews.csv,ps4,ps4-101-ways-to-die,,currentOverview is stale; rerun with --force after re-reviewing this row,"Refresh currentOverview from live game data, re-read the reviewed copy beside the current record, then import with --force only after confirming the row is still accurate."
ps4-indie-platform-stealth-reviewed-overviews.json,data/games/reviewed-overview-imports/ps4-indie-platform-stealth-reviewed-overviews.csv,ps4,ps4-a-juggler-s-tale,,currentOverview is stale; rerun with --force after re-reviewing this row,"Refresh currentOverview from live game data, re-read the reviewed copy beside the current record, then import with --force only after confirming the row is still accurate."
ps4-indie-platform-stealth-reviewed-overviews.json,data/games/reviewed-overview-imports/ps4-indie-platform-stealth-reviewed-overviews.csv,ps4,ps4-a-knight-s-quest,,currentOverview is stale; rerun with --force after re-reviewing this row,"Refresh currentOverview from live game data, re-read the reviewed copy beside the current record, then import with --force only after confirming the row is still accurate."
ps4-indie-platform-stealth-reviewed-overviews.json,data/games/reviewed-overview-imports/ps4-indie-platform-stealth-reviewed-overviews.csv,ps4,ps4-a-tale-of-paper,,currentOverview is stale; rerun with --force after re-reviewing this row,"Refresh currentOverview from live game data, re-read the reviewed copy beside the current record, then import with --force only after confirming the row is still accurate."
ps4-indie-platform-stealth-reviewed-overviews.json,data/games/reviewed-overview-imports/ps4-indie-platform-stealth-reviewed-overviews.csv,ps4,ps4-aragami-2,,currentOverview is stale; rerun with --force after re-reviewing this row,"Refresh currentOverview from live game data, re-read the reviewed copy beside the current record, then import with --force only after confirming the row is still accurate."
ps4-priority-ace-alwa-reviewed-overviews-2026-08-24.json,data/games/reviewed-overview-imports/ps4-priority-ace-alwa-reviewed-overviews-2026-08-24.csv,ps4,ps4-airship-q,,currentOverview is stale; rerun with --force after re-reviewing this row,"Refresh currentOverview from live game data, re-read the reviewed copy beside the current record, then import with --force only after confirming the row is still accurate."
ps4-priority-amazing-blastoff-reviewed-overviews-2026-08-24.json,data/games/reviewed-overview-imports/ps4-priority-amazing-blastoff-reviewed-overviews-2026-08-24.csv,ps4,ps4-amazing-discoveries-in-outer-space,,currentOverview is stale; rerun with --force after re-reviewing this row,"Refresh currentOverview from live game data, re-read the reviewed copy beside the current record, then import with --force only after confirming the row is still accurate."
ps4-priority-amazing-blastoff-reviewed-overviews-2026-08-24.json,data/games/reviewed-overview-imports/ps4-priority-amazing-blastoff-reviewed-overviews-2026-08-24.csv,ps4,ps4-amoeba-battle-microscopic-rts-action,,currentOverview is stale; rerun with --force after re-reviewing this row,"Refresh currentOverview from live game data, re-read the reviewed copy beside the current record, then import with --force only after confirming the row is still accurate."
ps4-priority-amazing-blastoff-reviewed-overviews-2026-08-24.json,data/games/reviewed-overview-imports/ps4-priority-amazing-blastoff-reviewed-overviews-2026-08-24.csv,ps4,ps4-antiquia-lost,,currentOverview is stale; rerun with --force after re-reviewing this row,"Refresh currentOverview from live game data, re-read the reviewed copy beside the current record, then import with --force only after confirming the row is still accurate."
ps4-priority-amazing-blastoff-reviewed-overviews-2026-08-24.json,data/games/reviewed-overview-imports/ps4-priority-amazing-blastoff-reviewed-overviews-2026-08-24.csv,ps4,ps4-arcade-archives-armed-f,,currentOverview is stale; rerun with --force after re-reviewing this row,"Refresh currentOverview from live game data, re-read the reviewed copy beside the current record, then import with --force only after confirming the row is still accurate."
ps4-priority-amazing-blastoff-reviewed-overviews-2026-08-24.json,data/games/reviewed-overview-imports/ps4-priority-amazing-blastoff-reviewed-overviews-2026-08-24.csv,ps4,ps4-arcade-archives-black-heart,,currentOverview is stale; rerun with --force after re-reviewing this row,"Refresh currentOverview from live game data, re-read the reviewed copy beside the current record, then import with --force only after confirming the row is still accurate."
ps4-priority-atari-batu-reviewed-overviews-2026-08-24.json,data/games/reviewed-overview-imports/ps4-priority-atari-batu-reviewed-overviews-2026-08-24.csv,ps4,ps4-atari-flashback-classics-volume-2,,currentOverview is stale; rerun with --force after re-reviewing this row,"Refresh currentOverview from live game data, re-read the reviewed copy beside the current record, then import with --force only after confirming the row is still accurate."
ps4-priority-atari-batu-reviewed-overviews-2026-08-24.json,data/games/reviewed-overview-imports/ps4-priority-atari-batu-reviewed-overviews-2026-08-24.csv,ps4,ps4-atelier-sophie-2-the-alchemist-of-the-mysterious-dream,,currentOverview is stale; rerun with --force after re-reviewing this row,"Refresh currentOverview from live game data, re-read the reviewed copy beside the current record, then import with --force only after confirming the row is still accurate."
ps4-priority-atari-batu-reviewed-overviews-2026-08-24.json,data/games/reviewed-overview-imports/ps4-priority-atari-batu-reviewed-overviews-2026-08-24.csv,ps4,ps4-atv-drift-and-tricks,,currentOverview is stale; rerun with --force after re-reviewing this row,"Refresh currentOverview from live game data, re-read the reviewed copy beside the current record, then import with --force only after confirming the row is still accurate."
ps4-priority-atari-batu-reviewed-overviews-2026-08-24.json,data/games/reviewed-overview-imports/ps4-priority-atari-batu-reviewed-overviews-2026-08-24.csv,ps4,ps4-away-the-survival-series,,currentOverview is stale; rerun with --force after re-reviewing this row,"Refresh currentOverview from live game data, re-read the reviewed copy beside the current record, then import with --force only after confirming the row is still accurate."
ps4-priority-atari-batu-reviewed-overviews-2026-08-24.json,data/games/reviewed-overview-imports/ps4-priority-atari-batu-reviewed-overviews-2026-08-24.csv,ps4,ps4-azure-reflections,,currentOverview is stale; rerun with --force after re-reviewing this row,"Refresh currentOverview from live game data, re-read the reviewed copy beside the current record, then import with --force only after confirming the row is still accurate."
ps4-priority-atari-batu-reviewed-overviews-2026-08-24.json,data/games/reviewed-overview-imports/ps4-priority-atari-batu-reviewed-overviews-2026-08-24.csv,ps4,ps4-backgammon-blitz,,currentOverview is stale; rerun with --force after re-reviewing this row,"Refresh currentOverview from live game data, re-read the reviewed copy beside the current record, then import with --force only after confirming the row is still accurate."
ps4-priority-atari-batu-reviewed-overviews-2026-08-24.json,data/games/reviewed-overview-imports/ps4-priority-atari-batu-reviewed-overviews-2026-08-24.csv,ps4,ps4-basement-crawl,,currentOverview is stale; rerun with --force after re-reviewing this row,"Refresh currentOverview from live game data, re-read the reviewed copy beside the current record, then import with --force only after confirming the row is still accurate."
ps4-priority-atari-batu-reviewed-overviews-2026-08-24.json,data/games/reviewed-overview-imports/ps4-priority-atari-batu-reviewed-overviews-2026-08-24.csv,ps4,ps4-battle-princess-madelyn,,currentOverview is stale; rerun with --force after re-reviewing this row,"Refresh currentOverview from live game data, re-read the reviewed copy beside the current record, then import with --force only after confirming the row is still accurate."
ps4-priority-atari-batu-reviewed-overviews-2026-08-24.json,data/games/reviewed-overview-imports/ps4-priority-atari-batu-reviewed-overviews-2026-08-24.csv,ps4,ps4-battle-spirits-collected-battlers,,currentOverview is stale; rerun with --force after re-reviewing this row,"Refresh currentOverview from live game data, re-read the reviewed copy beside the current record, then import with --force only after confirming the row is still accurate."
ps4-priority-atari-batu-reviewed-overviews-2026-08-24.json,data/games/reviewed-overview-imports/ps4-priority-atari-batu-reviewed-overviews-2026-08-24.csv,ps4,ps4-battleship,,currentOverview is stale; rerun with --force after re-reviewing this row,"Refresh currentOverview from live game data, re-read the reviewed copy beside the current record, then import with --force only after confirming the row is still accurate."
ps4-priority-bears-bladed-reviewed-overviews-2026-08-25.json,data/games/reviewed-overview-imports/ps4-priority-bears-bladed-reviewed-overviews-2026-08-25.csv,ps4,ps4-bears-can-t-drift,,currentOverview is stale; rerun with --force after re-reviewing this row,"Refresh currentOverview from live game data, re-read the reviewed copy beside the current record, then import with --force only after confirming the row is still accurate."
ps4-priority-bears-bladed-reviewed-overviews-2026-08-25.json,data/games/reviewed-overview-imports/ps4-priority-bears-bladed-reviewed-overviews-2026-08-25.csv,ps4,ps4-bee-simulator,,currentOverview is stale; rerun with --force after re-reviewing this row,"Refresh currentOverview from live game data, re-read the reviewed copy beside the current record, then import with --force only after confirming the row is still accurate."
ps4-priority-bears-bladed-reviewed-overviews-2026-08-25.json,data/games/reviewed-overview-imports/ps4-priority-bears-bladed-reviewed-overviews-2026-08-25.csv,ps4,ps4-ben-10-power-trip,,currentOverview is stale; rerun with --force after re-reviewing this row,"Refresh currentOverview from live game data, re-read the reviewed copy beside the current record, then import with --force only after confirming the row is still accurate."
ps4-priority-bears-bladed-reviewed-overviews-2026-08-25.json,data/games/reviewed-overview-imports/ps4-priority-bears-bladed-reviewed-overviews-2026-08-25.csv,ps4,ps4-betty-bat-s-treasure-hunt,,currentOverview is stale; rerun with --force after re-reviewing this row,"Refresh currentOverview from live game data, re-read the reviewed copy beside the current record, then import with --force only after confirming the row is still accurate."
ps4-priority-bears-bladed-reviewed-overviews-2026-08-25.json,data/games/reviewed-overview-imports/ps4-priority-bears-bladed-reviewed-overviews-2026-08-25.csv,ps4,ps4-big-bash-boom,,currentOverview is stale; rerun with --force after re-reviewing this row,"Refresh currentOverview from live game data, re-read the reviewed copy beside the current record, then import with --force only after confirming the row is still accurate."
ps4-priority-bears-bladed-reviewed-overviews-2026-08-25.json,data/games/reviewed-overview-imports/ps4-priority-bears-bladed-reviewed-overviews-2026-08-25.csv,ps4,ps4-binaries,,currentOverview is stale; rerun with --force after re-reviewing this row,"Refresh currentOverview from live game data, re-read the reviewed copy beside the current record, then import with --force only after confirming the row is still accurate."
ps4-priority-bears-bladed-reviewed-overviews-2026-08-25.json,data/games/reviewed-overview-imports/ps4-priority-bears-bladed-reviewed-overviews-2026-08-25.csv,ps4,ps4-bit-trip,,currentOverview is stale; rerun with --force after re-reviewing this row,"Refresh currentOverview from live game data, re-read the reviewed copy beside the current record, then import with --force only after confirming the row is still accurate."
ps4-priority-bears-bladed-reviewed-overviews-2026-08-25.json,data/games/reviewed-overview-imports/ps4-priority-bears-bladed-reviewed-overviews-2026-08-25.csv,ps4,ps4-black-legend,,currentOverview is stale; rerun with --force after re-reviewing this row,"Refresh currentOverview from live game data, re-read the reviewed copy beside the current record, then import with --force only after confirming the row is still accurate."
ps4-priority-bears-bladed-reviewed-overviews-2026-08-25.json,data/games/reviewed-overview-imports/ps4-priority-bears-bladed-reviewed-overviews-2026-08-25.csv,ps4,ps4-bladed-fury,,currentOverview is stale; rerun with --force after re-reviewing this row,"Refresh currentOverview from live game data, re-read the reviewed copy beside the current record, then import with --force only after confirming the row is still accurate."
ps4-priority-blair-bow-reviewed-overviews-2026-08-25.json,data/games/reviewed-overview-imports/ps4-priority-blair-bow-reviewed-overviews-2026-08-25.csv,ps4,ps4-blair-witch,,currentOverview is stale; rerun with --force after re-reviewing this row,"Refresh currentOverview from live game data, re-read the reviewed copy beside the current record, then import with --force only after confirming the row is still accurate."
ps4-priority-blair-bow-reviewed-overviews-2026-08-25.json,data/games/reviewed-overview-imports/ps4-priority-blair-bow-reviewed-overviews-2026-08-25.csv,ps4,ps4-blast-zone-tournament,,currentOverview is stale; rerun with --force after re-reviewing this row,"Refresh currentOverview from live game data, re-read the reviewed copy beside the current record, then import with --force only after confirming the row is still accurate."
ps4-priority-blair-bow-reviewed-overviews-2026-08-25.json,data/games/reviewed-overview-imports/ps4-priority-blair-bow-reviewed-overviews-2026-08-25.csv,ps4,ps4-bleach-rebirth-of-souls,,currentOverview is stale; rerun with --force after re-reviewing this row,"Refresh currentOverview from live game data, re-read the reviewed copy beside the current record, then import with --force only after confirming the row is still accurate."
ps4-priority-blair-bow-reviewed-overviews-2026-08-25.json,data/games/reviewed-overview-imports/ps4-priority-blair-bow-reviewed-overviews-2026-08-25.csv,ps4,ps4-bleed-2,,currentOverview is stale; rerun with --force after re-reviewing this row,"Refresh currentOverview from live game data, re-read the reviewed copy beside the current record, then import with --force only after confirming the row is still accurate."
ps4-priority-blair-bow-reviewed-overviews-2026-08-25.json,data/games/reviewed-overview-imports/ps4-priority-blair-bow-reviewed-overviews-2026-08-25.csv,ps4,ps4-block-a-pix-deluxe,,currentOverview is stale; rerun with --force after re-reviewing this row,"Refresh currentOverview from live game data, re-read the reviewed copy beside the current record, then import with --force only after confirming the row is still accurate."
ps4-priority-blair-bow-reviewed-overviews-2026-08-25.json,data/games/reviewed-overview-imports/ps4-priority-blair-bow-reviewed-overviews-2026-08-25.csv,ps4,ps4-bloody-zombies,,currentOverview is stale; rerun with --force after re-reviewing this row,"Refresh currentOverview from live game data, re-read the reviewed copy beside the current record, then import with --force only after confirming the row is still accurate."
ps4-priority-blair-bow-reviewed-overviews-2026-08-25.json,data/games/reviewed-overview-imports/ps4-priority-blair-bow-reviewed-overviews-2026-08-25.csv,ps4,ps4-blue-estate,,currentOverview is stale; rerun with --force after re-reviewing this row,"Refresh currentOverview from live game data, re-read the reviewed copy beside the current record, then import with --force only after confirming the row is still accurate."
ps4-priority-blair-bow-reviewed-overviews-2026-08-25.json,data/games/reviewed-overview-imports/ps4-priority-blair-bow-reviewed-overviews-2026-08-25.csv,ps4,ps4-blue-rider,,currentOverview is stale; rerun with --force after re-reviewing this row,"Refresh currentOverview from live game data, re-read the reviewed copy beside the current record, then import with --force only after confirming the row is still accurate."
ps4-priority-blair-bow-reviewed-overviews-2026-08-25.json,data/games/reviewed-overview-imports/ps4-priority-blair-bow-reviewed-overviews-2026-08-25.csv,ps4,ps4-boiling-bolt,,currentOverview is stale; rerun with --force after re-reviewing this row,"Refresh currentOverview from live game data, re-read the reviewed copy beside the current record, then import with --force only after confirming the row is still accurate."
ps4-priority-blair-bow-reviewed-overviews-2026-08-25.json,data/games/reviewed-overview-imports/ps4-priority-blair-bow-reviewed-overviews-2026-08-25.csv,ps4,ps4-bokosuka-wars-ii,,currentOverview is stale; rerun with --force after re-reviewing this row,"Refresh currentOverview from live game data, re-read the reviewed copy beside the current record, then import with --force only after confirming the row is still accurate."
ps4-priority-blair-bow-reviewed-overviews-2026-08-25.json,data/games/reviewed-overview-imports/ps4-priority-blair-bow-reviewed-overviews-2026-08-25.csv,ps4,ps4-book-of-demons,,currentOverview is stale; rerun with --force after re-reviewing this row,"Refresh currentOverview from live game data, re-read the reviewed copy beside the current record, then import with --force only after confirming the row is still accurate."
ps4-priority-blair-bow-reviewed-overviews-2026-08-25.json,data/games/reviewed-overview-imports/ps4-priority-blair-bow-reviewed-overviews-2026-08-25.csv,ps4,ps4-bounty-battle,,currentOverview is stale; rerun with --force after re-reviewing this row,"Refresh currentOverview from live game data, re-read the reviewed copy beside the current record, then import with --force only after confirming the row is still accurate."
ps4-priority-blair-bow-reviewed-overviews-2026-08-25.json,data/games/reviewed-overview-imports/ps4-priority-blair-bow-reviewed-overviews-2026-08-25.csv,ps4,ps4-bow-to-blood-last-captain-standing,,currentOverview is stale; rerun with --force after re-reviewing this row,"Refresh currentOverview from live game data, re-read the reviewed copy beside the current record, then import with --force only after confirming the row is still accurate."
ps4-priority-bqm-bus-reviewed-overviews-2026-08-25.json,data/games/reviewed-overview-imports/ps4-priority-bqm-bus-reviewed-overviews-2026-08-25.csv,ps4,ps4-bqm-blockquest-maker,,currentOverview is stale; rerun with --force after re-reviewing this row,"Refresh currentOverview from live game data, re-read the reviewed copy beside the current record, then import with --force only after confirming the row is still accurate."
ps4-priority-bqm-bus-reviewed-overviews-2026-08-25.json,data/games/reviewed-overview-imports/ps4-priority-bqm-bus-reviewed-overviews-2026-08-25.csv,ps4,ps4-braveland-trilogy,,currentOverview is stale; rerun with --force after re-reviewing this row,"Refresh currentOverview from live game data, re-read the reviewed copy beside the current record, then import with --force only after confirming the row is still accurate."
ps4-priority-bqm-bus-reviewed-overviews-2026-08-25.json,data/games/reviewed-overview-imports/ps4-priority-bqm-bus-reviewed-overviews-2026-08-25.csv,ps4,ps4-breakneck-city,,currentOverview is stale; rerun with --force after re-reviewing this row,"Refresh currentOverview from live game data, re-read the reviewed copy beside the current record, then import with --force only after confirming the row is still accurate."
ps4-priority-bqm-bus-reviewed-overviews-2026-08-25.json,data/games/reviewed-overview-imports/ps4-priority-bqm-bus-reviewed-overviews-2026-08-25.csv,ps4,ps4-breakthrough-gaming-arcade-baseball,,currentOverview is stale; rerun with --force after re-reviewing this row,"Refresh currentOverview from live game data, re-read the reviewed copy beside the current record, then import with --force only after confirming the row is still accurate."
ps4-priority-bqm-bus-reviewed-overviews-2026-08-25.json,data/games/reviewed-overview-imports/ps4-priority-bqm-bus-reviewed-overviews-2026-08-25.csv,ps4,ps4-breakthrough-gaming-arcade-skateboarding,,currentOverview is stale; rerun with --force after re-reviewing this row,"Refresh currentOverview from live game data, re-read the reviewed copy beside the current record, then import with --force only after confirming the row is still accurate."
ps4-priority-bqm-bus-reviewed-overviews-2026-08-25.json,data/games/reviewed-overview-imports/ps4-priority-bqm-bus-reviewed-overviews-2026-08-25.csv,ps4,ps4-breakthrough-gaming-arcade-track,,currentOverview is stale; rerun with --force after re-reviewing this row,"Refresh currentOverview from live game data, re-read the reviewed copy beside the current record, then import with --force only after confirming the row is still accurate."
ps4-priority-bqm-bus-reviewed-overviews-2026-08-25.json,data/games/reviewed-overview-imports/ps4-priority-bqm-bus-reviewed-overviews-2026-08-25.csv,ps4,ps4-bridge-constructor-the-walking-dead,,currentOverview is stale; rerun with --force after re-reviewing this row,"Refresh currentOverview from live game data, re-read the reviewed copy beside the current record, then import with --force only after confirming the row is still accurate."
ps4-priority-bqm-bus-reviewed-overviews-2026-08-25.json,data/games/reviewed-overview-imports/ps4-priority-bqm-bus-reviewed-overviews-2026-08-25.csv,ps4,ps4-brief-battles,,currentOverview is stale; rerun with --force after re-reviewing this row,"Refresh currentOverview from live game data, re-read the reviewed copy beside the current record, then import with --force only after confirming the row is still accurate."
ps4-priority-bqm-bus-reviewed-overviews-2026-08-25.json,data/games/reviewed-overview-imports/ps4-priority-bqm-bus-reviewed-overviews-2026-08-25.csv,ps4,ps4-bucket-knight,,currentOverview is stale; rerun with --force after re-reviewing this row,"Refresh currentOverview from live game data, re-read the reviewed copy beside the current record, then import with --force only after confirming the row is still accurate."
ps4-priority-bqm-bus-reviewed-overviews-2026-08-25.json,data/games/reviewed-overview-imports/ps4-priority-bqm-bus-reviewed-overviews-2026-08-25.csv,ps4,ps4-bugsbox,,currentOverview is stale; rerun with --force after re-reviewing this row,"Refresh currentOverview from live game data, re-read the reviewed copy beside the current record, then import with --force only after confirming the row is still accurate."
ps4-priority-bqm-bus-reviewed-overviews-2026-08-25.json,data/games/reviewed-overview-imports/ps4-priority-bqm-bus-reviewed-overviews-2026-08-25.csv,ps4,ps4-bulwark-evolution-falconeer-chronicles,,currentOverview is stale; rerun with --force after re-reviewing this row,"Refresh currentOverview from live game data, re-read the reviewed copy beside the current record, then import with --force only after confirming the row is still accurate."
ps4-priority-bqm-bus-reviewed-overviews-2026-08-25.json,data/games/reviewed-overview-imports/ps4-priority-bqm-bus-reviewed-overviews-2026-08-25.csv,ps4,ps4-bus-driver-simulator,,currentOverview is stale; rerun with --force after re-reviewing this row,"Refresh currentOverview from live game data, re-read the reviewed copy beside the current record, then import with --force only after confirming the row is still accurate."
ps4-priority-castle-asemblance-reviewed-overviews-2026-08-24.json,data/games/reviewed-overview-imports/ps4-priority-castle-asemblance-reviewed-overviews-2026-08-24.csv,ps4,ps4-arcade-archives-castle-of-dragon,,currentOverview is stale; rerun with --force after re-reviewing this row,"Refresh currentOverview from live game data, re-read the reviewed copy beside the current record, then import with --force only after confirming the row is still accurate."
ps4-priority-castle-asemblance-reviewed-overviews-2026-08-24.json,data/games/reviewed-overview-imports/ps4-priority-castle-asemblance-reviewed-overviews-2026-08-24.csv,ps4,ps4-arcade-archives-crime-city,,currentOverview is stale; rerun with --force after re-reviewing this row,"Refresh currentOverview from live game data, re-read the reviewed copy beside the current record, then import with --force only after confirming the row is still accurate."
ps4-priority-castle-asemblance-reviewed-overviews-2026-08-24.json,data/games/reviewed-overview-imports/ps4-priority-castle-asemblance-reviewed-overviews-2026-08-24.csv,ps4,ps4-arcade-classics-anniversary-collection,,currentOverview is stale; rerun with --force after re-reviewing this row,"Refresh currentOverview from live game data, re-read the reviewed copy beside the current record, then import with --force only after confirming the row is still accurate."
ps4-priority-castle-asemblance-reviewed-overviews-2026-08-24.json,data/games/reviewed-overview-imports/ps4-priority-castle-asemblance-reviewed-overviews-2026-08-24.csv,ps4,ps4-arcade-spirits,,currentOverview is stale; rerun with --force after re-reviewing this row,"Refresh currentOverview from live game data, re-read the reviewed copy beside the current record, then import with --force only after confirming the row is still accurate."
ps4-priority-castle-asemblance-reviewed-overviews-2026-08-24.json,data/games/reviewed-overview-imports/ps4-priority-castle-asemblance-reviewed-overviews-2026-08-24.csv,ps4,ps4-arietta-of-spirits,,currentOverview is stale; rerun with --force after re-reviewing this row,"Refresh currentOverview from live game data, re-read the reviewed copy beside the current record, then import with --force only after confirming the row is still accurate."
ps4-priority-castle-asemblance-reviewed-overviews-2026-08-24.json,data/games/reviewed-overview-imports/ps4-priority-castle-asemblance-reviewed-overviews-2026-08-24.csv,ps4,ps4-asdivine-dios,,currentOverview is stale; rerun with --force after re-reviewing this row,"Refresh currentOverview from live game data, re-read the reviewed copy beside the current record, then import with --force only after confirming the row is still accurate."
ps4-priority-castle-asemblance-reviewed-overviews-2026-08-24.json,data/games/reviewed-overview-imports/ps4-priority-castle-asemblance-reviewed-overviews-2026-08-24.csv,ps4,ps4-asdivine-hearts-ii,,currentOverview is stale; rerun with --force after re-reviewing this row,"Refresh currentOverview from live game data, re-read the reviewed copy beside the current record, then import with --force only after confirming the row is still accurate."
ps4-priority-castle-asemblance-reviewed-overviews-2026-08-24.json,data/games/reviewed-overview-imports/ps4-priority-castle-asemblance-reviewed-overviews-2026-08-24.csv,ps4,ps4-asdivine-menace,,currentOverview is stale; rerun with --force after re-reviewing this row,"Refresh currentOverview from live game data, re-read the reviewed copy beside the current record, then import with --force only after confirming the row is still accurate."
ps4-priority-funtime-accolade-reviewed-overviews-2026-08-24.json,data/games/reviewed-overview-imports/ps4-priority-funtime-accolade-reviewed-overviews-2026-08-24.csv,ps4,ps4-3-c-sand-puzzle,,currentOverview is stale; rerun with --force after re-reviewing this row,"Refresh currentOverview from live game data, re-read the reviewed copy beside the current record, then import with --force only after confirming the row is still accurate."
ps4-priority-granturismo-shinobi-reviewed-overviews-2026-08-25.json,data/games/reviewed-overview-imports/ps4-priority-granturismo-shinobi-reviewed-overviews-2026-08-25.csv,ps4,ps4-my-first-gran-turismo,,currentOverview is stale; rerun with --force after re-reviewing this row,"Refresh currentOverview from live game data, re-read the reviewed copy beside the current record, then import with --force only after confirming the row is still accurate."
ps4-priority-granturismo-shinobi-reviewed-overviews-2026-08-25.json,data/games/reviewed-overview-imports/ps4-priority-granturismo-shinobi-reviewed-overviews-2026-08-25.csv,ps4,ps4-my-universe-cooking-star-restaurant,,currentOverview is stale; rerun with --force after re-reviewing this row,"Refresh currentOverview from live game data, re-read the reviewed copy beside the current record, then import with --force only after confirming the row is still accurate."
ps4-priority-granturismo-shinobi-reviewed-overviews-2026-08-25.json,data/games/reviewed-overview-imports/ps4-priority-granturismo-shinobi-reviewed-overviews-2026-08-25.csv,ps4,ps4-my-universe-fashion-boutique,,currentOverview is stale; rerun with --force after re-reviewing this row,"Refresh currentOverview from live game data, re-read the reviewed copy beside the current record, then import with --force only after confirming the row is still accurate."
ps4-priority-granturismo-shinobi-reviewed-overviews-2026-08-25.json,data/games/reviewed-overview-imports/ps4-priority-granturismo-shinobi-reviewed-overviews-2026-08-25.csv,ps4,ps4-my-universe-my-baby,,currentOverview is stale; rerun with --force after re-reviewing this row,"Refresh currentOverview from live game data, re-read the reviewed copy beside the current record, then import with --force only after confirming the row is still accurate."
ps4-priority-granturismo-shinobi-reviewed-overviews-2026-08-25.json,data/games/reviewed-overview-imports/ps4-priority-granturismo-shinobi-reviewed-overviews-2026-08-25.csv,ps4,ps4-my-universe-pet-clinic-cats-and-dogs,,currentOverview is stale; rerun with --force after re-reviewing this row,"Refresh currentOverview from live game data, re-read the reviewed copy beside the current record, then import with --force only after confirming the row is still accurate."
ps4-priority-granturismo-shinobi-reviewed-overviews-2026-08-25.json,data/games/reviewed-overview-imports/ps4-priority-granturismo-shinobi-reviewed-overviews-2026-08-25.csv,ps4,ps4-my-universe-school-teacher,,currentOverview is stale; rerun with --force after re-reviewing this row,"Refresh currentOverview from live game data, re-read the reviewed copy beside the current record, then import with --force only after confirming the row is still accurate."
ps4-priority-granturismo-shinobi-reviewed-overviews-2026-08-25.json,data/games/reviewed-overview-imports/ps4-priority-granturismo-shinobi-reviewed-overviews-2026-08-25.csv,ps4,ps4-narcos-rise-of-the-cartels,,currentOverview is stale; rerun with --force after re-reviewing this row,"Refresh currentOverview from live game data, re-read the reviewed copy beside the current record, then import with --force only after confirming the row is still accurate."
ps4-priority-granturismo-shinobi-reviewed-overviews-2026-08-25.json,data/games/reviewed-overview-imports/ps4-priority-granturismo-shinobi-reviewed-overviews-2026-08-25.csv,ps4,ps4-naruto-to-boruto-shinobi-striker,,currentOverview is stale; rerun with --force after re-reviewing this row,"Refresh currentOverview from live game data, re-read the reviewed copy beside the current record, then import with --force only after confirming the row is still accurate."
ps4-priority-locoroco-lostsea-reviewed-overviews-2026-08-25.json,data/games/reviewed-overview-imports/ps4-priority-locoroco-lostsea-reviewed-overviews-2026-08-25.csv,ps4,ps4-lost-grimoires-stolen-kingdom,,currentOverview is stale; rerun with --force after re-reviewing this row,"Refresh currentOverview from live game data, re-read the reviewed copy beside the current record, then import with --force only after confirming the row is still accurate."
ps4-priority-lostwing-mafia-reviewed-overviews-2026-08-25.json,data/games/reviewed-overview-imports/ps4-priority-lostwing-mafia-reviewed-overviews-2026-08-25.csv,ps4,ps4-lost-wing,,currentOverview is stale; rerun with --force after re-reviewing this row,"Refresh currentOverview from live game data, re-read the reviewed copy beside the current record, then import with --force only after confirming the row is still accurate."
ps4-priority-mafia-def-maquette-reviewed-overviews-2026-08-25.json,data/games/reviewed-overview-imports/ps4-priority-mafia-def-maquette-reviewed-overviews-2026-08-25.csv,ps4,ps4-magic-story-fear-and-the-mysterious-school,,currentOverview is stale; rerun with --force after re-reviewing this row,"Refresh currentOverview from live game data, re-read the reviewed copy beside the current record, then import with --force only after confirming the row is still accurate."
ps4-priority-marchen-masquerada-reviewed-overviews-2026-08-25.json,data/games/reviewed-overview-imports/ps4-priority-marchen-masquerada-reviewed-overviews-2026-08-25.csv,ps4,ps4-marooners,,currentOverview is stale; rerun with --force after re-reviewing this row,"Refresh currentOverview from live game data, re-read the reviewed copy beside the current record, then import with --force only after confirming the row is still accurate."
ps4-priority-masyu-mekazoo-reviewed-overviews-2026-08-25.json,data/games/reviewed-overview-imports/ps4-priority-masyu-mekazoo-reviewed-overviews-2026-08-25.csv,ps4,ps4-matchpoint-tennis-championships,,currentOverview is stale; rerun with --force after re-reviewing this row,"Refresh currentOverview from live game data, re-read the reviewed copy beside the current record, then import with --force only after confirming the row is still accurate."
ps4-priority-melbits-metalmax-reviewed-overviews-2026-08-25.json,data/games/reviewed-overview-imports/ps4-priority-melbits-metalmax-reviewed-overviews-2026-08-25.csv,ps4,ps4-melbits-world,,currentOverview is stale; rerun with --force after re-reviewing this row,"Refresh currentOverview from live game data, re-read the reviewed copy beside the current record, then import with --force only after confirming the row is still accurate."
ps4-priority-melbits-metalmax-reviewed-overviews-2026-08-25.json,data/games/reviewed-overview-imports/ps4-priority-melbits-metalmax-reviewed-overviews-2026-08-25.csv,ps4,ps4-memories-off-historia-vol-2,,currentOverview is stale; rerun with --force after re-reviewing this row,"Refresh currentOverview from live game data, re-read the reviewed copy beside the current record, then import with --force only after confirming the row is still accurate."
ps4-priority-micetopia-minutes-reviewed-overviews-2026-08-25.json,data/games/reviewed-overview-imports/ps4-priority-micetopia-minutes-reviewed-overviews-2026-08-25.csv,ps4,ps4-micetopia,,currentOverview is stale; rerun with --force after re-reviewing this row,"Refresh currentOverview from live game data, re-read the reviewed copy beside the current record, then import with --force only after confirming the row is still accurate."
ps4-priority-micetopia-minutes-reviewed-overviews-2026-08-25.json,data/games/reviewed-overview-imports/ps4-priority-micetopia-minutes-reviewed-overviews-2026-08-25.csv,ps4,ps4-micro-machines-world-series,,currentOverview is stale; rerun with --force after re-reviewing this row,"Refresh currentOverview from live game data, re-read the reviewed copy beside the current record, then import with --force only after confirming the row is still accurate."
ps4-priority-micetopia-minutes-reviewed-overviews-2026-08-25.json,data/games/reviewed-overview-imports/ps4-priority-micetopia-minutes-reviewed-overviews-2026-08-25.csv,ps4,ps4-miles-and-kilo,,currentOverview is stale; rerun with --force after re-reviewing this row,"Refresh currentOverview from live game data, re-read the reviewed copy beside the current record, then import with --force only after confirming the row is still accurate."
ps4-priority-micetopia-minutes-reviewed-overviews-2026-08-25.json,data/games/reviewed-overview-imports/ps4-priority-micetopia-minutes-reviewed-overviews-2026-08-25.csv,ps4,ps4-minecraft-story-mode-season-2,,currentOverview is stale; rerun with --force after re-reviewing this row,"Refresh currentOverview from live game data, re-read the reviewed copy beside the current record, then import with --force only after confirming the row is still accurate."
ps4-priority-micetopia-minutes-reviewed-overviews-2026-08-25.json,data/games/reviewed-overview-imports/ps4-priority-micetopia-minutes-reviewed-overviews-2026-08-25.csv,ps4,ps4-minoria,,currentOverview is stale; rerun with --force after re-reviewing this row,"Refresh currentOverview from live game data, re-read the reviewed copy beside the current record, then import with --force only after confirming the row is still accurate."
ps4-priority-micetopia-minutes-reviewed-overviews-2026-08-25.json,data/games/reviewed-overview-imports/ps4-priority-micetopia-minutes-reviewed-overviews-2026-08-25.csv,ps4,ps4-minotaur-arcade-volume-1,,currentOverview is stale; rerun with --force after re-reviewing this row,"Refresh currentOverview from live game data, re-read the reviewed copy beside the current record, then import with --force only after confirming the row is still accurate."
ps4-priority-mistover-supercross2-reviewed-overviews-2026-08-25.json,data/games/reviewed-overview-imports/ps4-priority-mistover-supercross2-reviewed-overviews-2026-08-25.csv,ps4,ps4-mistover,,currentOverview is stale; rerun with --force after re-reviewing this row,"Refresh currentOverview from live game data, re-read the reviewed copy beside the current record, then import with --force only after confirming the row is still accurate."
ps4-priority-mistover-supercross2-reviewed-overviews-2026-08-25.json,data/games/reviewed-overview-imports/ps4-priority-mistover-supercross2-reviewed-overviews-2026-08-25.csv,ps4,ps4-mistover-dr-faust-s-otherworldly-adventure,,currentOverview is stale; rerun with --force after re-reviewing this row,"Refresh currentOverview from live game data, re-read the reviewed copy beside the current record, then import with --force only after confirming the row is still accurate."
ps4-priority-mistover-supercross2-reviewed-overviews-2026-08-25.json,data/games/reviewed-overview-imports/ps4-priority-mistover-supercross2-reviewed-overviews-2026-08-25.csv,ps4,ps4-modern-tales-age-of-invention,,currentOverview is stale; rerun with --force after re-reviewing this row,"Refresh currentOverview from live game data, re-read the reviewed copy beside the current record, then import with --force only after confirming the row is still accurate."
ps4-priority-mistover-supercross2-reviewed-overviews-2026-08-25.json,data/games/reviewed-overview-imports/ps4-priority-mistover-supercross2-reviewed-overviews-2026-08-25.csv,ps4,ps4-monopoly,,currentOverview is stale; rerun with --force after re-reviewing this row,"Refresh currentOverview from live game data, re-read the reviewed copy beside the current record, then import with --force only after confirming the row is still accurate."
ps4-priority-mistover-supercross2-reviewed-overviews-2026-08-25.json,data/games/reviewed-overview-imports/ps4-priority-mistover-supercross2-reviewed-overviews-2026-08-25.csv,ps4,ps4-monopoly-madness,,currentOverview is stale; rerun with --force after re-reviewing this row,"Refresh currentOverview from live game data, re-read the reviewed copy beside the current record, then import with --force only after confirming the row is still accurate."
ps4-priority-mistover-supercross2-reviewed-overviews-2026-08-25.json,data/games/reviewed-overview-imports/ps4-priority-mistover-supercross2-reviewed-overviews-2026-08-25.csv,ps4,ps4-monster-energy-supercross,,currentOverview is stale; rerun with --force after re-reviewing this row,"Refresh currentOverview from live game data, re-read the reviewed copy beside the current record, then import with --force only after confirming the row is still accurate."
ps4-priority-mistover-supercross2-reviewed-overviews-2026-08-25.json,data/games/reviewed-overview-imports/ps4-priority-mistover-supercross2-reviewed-overviews-2026-08-25.csv,ps4,ps4-monster-energy-supercross-2,,currentOverview is stale; rerun with --force after re-reviewing this row,"Refresh currentOverview from live game data, re-read the reviewed copy beside the current record, then import with --force only after confirming the row is still accurate."
ps4-priority-morbid-motogp21-reviewed-overviews-2026-08-25.json,data/games/reviewed-overview-imports/ps4-priority-morbid-motogp21-reviewed-overviews-2026-08-25.csv,ps4,ps4-morbid-the-seven-acolytes,,currentOverview is stale; rerun with --force after re-reviewing this row,"Refresh currentOverview from live game data, re-read the reviewed copy beside the current record, then import with --force only after confirming the row is still accurate."
ps4-priority-morbid-motogp21-reviewed-overviews-2026-08-25.json,data/games/reviewed-overview-imports/ps4-priority-morbid-motogp21-reviewed-overviews-2026-08-25.csv,ps4,ps4-more-dark,,currentOverview is stale; rerun with --force after re-reviewing this row,"Refresh currentOverview from live game data, re-read the reviewed copy beside the current record, then import with --force only after confirming the row is still accurate."
ps4-priority-morbid-motogp21-reviewed-overviews-2026-08-25.json,data/games/reviewed-overview-imports/ps4-priority-morbid-motogp21-reviewed-overviews-2026-08-25.csv,ps4,ps4-mosaic,,currentOverview is stale; rerun with --force after re-reviewing this row,"Refresh currentOverview from live game data, re-read the reviewed copy beside the current record, then import with --force only after confirming the row is still accurate."
ps4-priority-morbid-motogp21-reviewed-overviews-2026-08-25.json,data/games/reviewed-overview-imports/ps4-priority-morbid-motogp21-reviewed-overviews-2026-08-25.csv,ps4,ps4-motogp-14,,currentOverview is stale; rerun with --force after re-reviewing this row,"Refresh currentOverview from live game data, re-read the reviewed copy beside the current record, then import with --force only after confirming the row is still accurate."
ps4-priority-morbid-motogp21-reviewed-overviews-2026-08-25.json,data/games/reviewed-overview-imports/ps4-priority-morbid-motogp21-reviewed-overviews-2026-08-25.csv,ps4,ps4-motogp-17,,currentOverview is stale; rerun with --force after re-reviewing this row,"Refresh currentOverview from live game data, re-read the reviewed copy beside the current record, then import with --force only after confirming the row is still accurate."
ps4-priority-morbid-motogp21-reviewed-overviews-2026-08-25.json,data/games/reviewed-overview-imports/ps4-priority-morbid-motogp21-reviewed-overviews-2026-08-25.csv,ps4,ps4-motogp-19,,currentOverview is stale; rerun with --force after re-reviewing this row,"Refresh currentOverview from live game data, re-read the reviewed copy beside the current record, then import with --force only after confirming the row is still accurate."
ps4-priority-morbid-motogp21-reviewed-overviews-2026-08-25.json,data/games/reviewed-overview-imports/ps4-priority-morbid-motogp21-reviewed-overviews-2026-08-25.csv,ps4,ps4-motogp-20,,currentOverview is stale; rerun with --force after re-reviewing this row,"Refresh currentOverview from live game data, re-read the reviewed copy beside the current record, then import with --force only after confirming the row is still accurate."
ps4-priority-motogp22-murder-detective-reviewed-overviews-2026-08-25.json,data/games/reviewed-overview-imports/ps4-priority-motogp22-murder-detective-reviewed-overviews-2026-08-25.csv,ps4,ps4-motogp-22,,currentOverview is stale; rerun with --force after re-reviewing this row,"Refresh currentOverview from live game data, re-read the reviewed copy beside the current record, then import with --force only after confirming the row is still accurate."
ps4-priority-motogp22-murder-detective-reviewed-overviews-2026-08-25.json,data/games/reviewed-overview-imports/ps4-priority-motogp22-murder-detective-reviewed-overviews-2026-08-25.csv,ps4,ps4-motor-strike-immortal-legends,,currentOverview is stale; rerun with --force after re-reviewing this row,"Refresh currentOverview from live game data, re-read the reviewed copy beside the current record, then import with --force only after confirming the row is still accurate."
ps4-priority-motogp22-murder-detective-reviewed-overviews-2026-08-25.json,data/games/reviewed-overview-imports/ps4-priority-motogp22-murder-detective-reviewed-overviews-2026-08-25.csv,ps4,ps4-mowin-and-throwin,,currentOverview is stale; rerun with --force after re-reviewing this row,"Refresh currentOverview from live game data, re-read the reviewed copy beside the current record, then import with --force only after confirming the row is still accurate."
ps4-priority-motogp22-murder-detective-reviewed-overviews-2026-08-25.json,data/games/reviewed-overview-imports/ps4-priority-motogp22-murder-detective-reviewed-overviews-2026-08-25.csv,ps4,ps4-mugsters,,currentOverview is stale; rerun with --force after re-reviewing this row,"Refresh currentOverview from live game data, re-read the reviewed copy beside the current record, then import with --force only after confirming the row is still accurate."
ps4-priority-motogp22-murder-detective-reviewed-overviews-2026-08-25.json,data/games/reviewed-overview-imports/ps4-priority-motogp22-murder-detective-reviewed-overviews-2026-08-25.csv,ps4,ps4-mulaka,,currentOverview is stale; rerun with --force after re-reviewing this row,"Refresh currentOverview from live game data, re-read the reviewed copy beside the current record, then import with --force only after confirming the row is still accurate."
ps4-priority-motogp22-murder-detective-reviewed-overviews-2026-08-25.json,data/games/reviewed-overview-imports/ps4-priority-motogp22-murder-detective-reviewed-overviews-2026-08-25.csv,ps4,ps4-munchkin-quacked-quest,,currentOverview is stale; rerun with --force after re-reviewing this row,"Refresh currentOverview from live game data, re-read the reviewed copy beside the current record, then import with --force only after confirming the row is still accurate."
ps4-priority-motogp22-murder-detective-reviewed-overviews-2026-08-25.json,data/games/reviewed-overview-imports/ps4-priority-motogp22-murder-detective-reviewed-overviews-2026-08-25.csv,ps4,ps4-murder-detective-jack-the-ripper,,currentOverview is stale; rerun with --force after re-reviewing this row,"Refresh currentOverview from live game data, re-read the reviewed copy beside the current record, then import with --force only after confirming the row is still accurate."
ps4-priority-murdered-mxallout-reviewed-overviews-2026-08-25.json,data/games/reviewed-overview-imports/ps4-priority-murdered-mxallout-reviewed-overviews-2026-08-25.csv,ps4,ps4-murdered-soul-suspect,,currentOverview is stale; rerun with --force after re-reviewing this row,"Refresh currentOverview from live game data, re-read the reviewed copy beside the current record, then import with --force only after confirming the row is still accurate."
ps4-priority-murdered-mxallout-reviewed-overviews-2026-08-25.json,data/games/reviewed-overview-imports/ps4-priority-murdered-mxallout-reviewed-overviews-2026-08-25.csv,ps4,ps4-mushroom-heroes,,currentOverview is stale; rerun with --force after re-reviewing this row,"Refresh currentOverview from live game data, re-read the reviewed copy beside the current record, then import with --force only after confirming the row is still accurate."
ps4-priority-murdered-mxallout-reviewed-overviews-2026-08-25.json,data/games/reviewed-overview-imports/ps4-priority-murdered-mxallout-reviewed-overviews-2026-08-25.csv,ps4,ps4-musicus,,currentOverview is stale; rerun with --force after re-reviewing this row,"Refresh currentOverview from live game data, re-read the reviewed copy beside the current record, then import with --force only after confirming the row is still accurate."
ps4-priority-murdered-mxallout-reviewed-overviews-2026-08-25.json,data/games/reviewed-overview-imports/ps4-priority-murdered-mxallout-reviewed-overviews-2026-08-25.csv,ps4,ps4-mutant-mudds-deluxe,,currentOverview is stale; rerun with --force after re-reviewing this row,"Refresh currentOverview from live game data, re-read the reviewed copy beside the current record, then import with --force only after confirming the row is still accurate."
ps4-priority-murdered-mxallout-reviewed-overviews-2026-08-25.json,data/games/reviewed-overview-imports/ps4-priority-murdered-mxallout-reviewed-overviews-2026-08-25.csv,ps4,ps4-mutant-mudds-super-challenge,,currentOverview is stale; rerun with --force after re-reviewing this row,"Refresh currentOverview from live game data, re-read the reviewed copy beside the current record, then import with --force only after confirming the row is still accurate."
ps4-priority-murdered-mxallout-reviewed-overviews-2026-08-25.json,data/games/reviewed-overview-imports/ps4-priority-murdered-mxallout-reviewed-overviews-2026-08-25.csv,ps4,ps4-mx-nitro,,currentOverview is stale; rerun with --force after re-reviewing this row,"Refresh currentOverview from live game data, re-read the reviewed copy beside the current record, then import with --force only after confirming the row is still accurate."
ps4-priority-murdered-mxallout-reviewed-overviews-2026-08-25.json,data/games/reviewed-overview-imports/ps4-priority-murdered-mxallout-reviewed-overviews-2026-08-25.csv,ps4,ps4-mx-nitro-unleashed,,currentOverview is stale; rerun with --force after re-reviewing this row,"Refresh currentOverview from live game data, re-read the reviewed copy beside the current record, then import with --force only after confirming the row is still accurate."
ps4-priority-murdered-mxallout-reviewed-overviews-2026-08-25.json,data/games/reviewed-overview-imports/ps4-priority-murdered-mxallout-reviewed-overviews-2026-08-25.csv,ps4,ps4-mx-vs-atv-all-out,,currentOverview is stale; rerun with --force after re-reviewing this row,"Refresh currentOverview from live game data, re-read the reviewed copy beside the current record, then import with --force only after confirming the row is still accurate."
ps4-priority-mxgp-mybrother-reviewed-overviews-2026-08-25.json,data/games/reviewed-overview-imports/ps4-priority-mxgp-mybrother-reviewed-overviews-2026-08-25.csv,ps4,ps4-mxgp-2,,currentOverview is stale; rerun with --force after re-reviewing this row,"Refresh currentOverview from live game data, re-read the reviewed copy beside the current record, then import with --force only after confirming the row is still accurate."
ps4-priority-mxgp-mybrother-reviewed-overviews-2026-08-25.json,data/games/reviewed-overview-imports/ps4-priority-mxgp-mybrother-reviewed-overviews-2026-08-25.csv,ps4,ps4-mxgp-3,,currentOverview is stale; rerun with --force after re-reviewing this row,"Refresh currentOverview from live game data, re-read the reviewed copy beside the current record, then import with --force only after confirming the row is still accurate."
ps4-priority-mxgp-mybrother-reviewed-overviews-2026-08-25.json,data/games/reviewed-overview-imports/ps4-priority-mxgp-mybrother-reviewed-overviews-2026-08-25.csv,ps4,ps4-mxgp-2019,,currentOverview is stale; rerun with --force after re-reviewing this row,"Refresh currentOverview from live game data, re-read the reviewed copy beside the current record, then import with --force only after confirming the row is still accurate."
ps4-priority-mxgp-mybrother-reviewed-overviews-2026-08-25.json,data/games/reviewed-overview-imports/ps4-priority-mxgp-mybrother-reviewed-overviews-2026-08-25.csv,ps4,ps4-mxgp-2021,,currentOverview is stale; rerun with --force after re-reviewing this row,"Refresh currentOverview from live game data, re-read the reviewed copy beside the current record, then import with --force only after confirming the row is still accurate."
ps4-priority-mxgp-mybrother-reviewed-overviews-2026-08-25.json,data/games/reviewed-overview-imports/ps4-priority-mxgp-mybrother-reviewed-overviews-2026-08-25.csv,ps4,ps4-mxgp-the-official-motocross-videogame,,currentOverview is stale; rerun with --force after re-reviewing this row,"Refresh currentOverview from live game data, re-read the reviewed copy beside the current record, then import with --force only after confirming the row is still accurate."
ps4-priority-mxgp-mybrother-reviewed-overviews-2026-08-25.json,data/games/reviewed-overview-imports/ps4-priority-mxgp-mybrother-reviewed-overviews-2026-08-25.csv,ps4,ps4-my-big-sister,,currentOverview is stale; rerun with --force after re-reviewing this row,"Refresh currentOverview from live game data, re-read the reviewed copy beside the current record, then import with --force only after confirming the row is still accurate."
ps4-priority-mxgp-mybrother-reviewed-overviews-2026-08-25.json,data/games/reviewed-overview-imports/ps4-priority-mxgp-mybrother-reviewed-overviews-2026-08-25.csv,ps4,ps4-my-brother-rabbit,,currentOverview is stale; rerun with --force after re-reviewing this row,"Refresh currentOverview from live game data, re-read the reviewed copy beside the current record, then import with --force only after confirming the row is still accurate."
ps4-priority-naught-neptunia-reviewed-overviews-2026-08-25.json,data/games/reviewed-overview-imports/ps4-priority-naught-neptunia-reviewed-overviews-2026-08-25.csv,ps4,ps4-naught,,currentOverview is stale; rerun with --force after re-reviewing this row,"Refresh currentOverview from live game data, re-read the reviewed copy beside the current record, then import with --force only after confirming the row is still accurate."
ps4-priority-naught-neptunia-reviewed-overviews-2026-08-25.json,data/games/reviewed-overview-imports/ps4-priority-naught-neptunia-reviewed-overviews-2026-08-25.csv,ps4,ps4-nekopara-vol-1,,currentOverview is stale; rerun with --force after re-reviewing this row,"Refresh currentOverview from live game data, re-read the reviewed copy beside the current record, then import with --force only after confirming the row is still accurate."
ps4-priority-naught-neptunia-reviewed-overviews-2026-08-25.json,data/games/reviewed-overview-imports/ps4-priority-naught-neptunia-reviewed-overviews-2026-08-25.csv,ps4,ps4-nekopara-vol-2,,currentOverview is stale; rerun with --force after re-reviewing this row,"Refresh currentOverview from live game data, re-read the reviewed copy beside the current record, then import with --force only after confirming the row is still accurate."
ps4-priority-naught-neptunia-reviewed-overviews-2026-08-25.json,data/games/reviewed-overview-imports/ps4-priority-naught-neptunia-reviewed-overviews-2026-08-25.csv,ps4,ps4-nekopara-vol-3,,currentOverview is stale; rerun with --force after re-reviewing this row,"Refresh currentOverview from live game data, re-read the reviewed copy beside the current record, then import with --force only after confirming the row is still accurate."
ps4-priority-naught-neptunia-reviewed-overviews-2026-08-25.json,data/games/reviewed-overview-imports/ps4-priority-naught-neptunia-reviewed-overviews-2026-08-25.csv,ps4,ps4-nekopara-vol-4,,currentOverview is stale; rerun with --force after re-reviewing this row,"Refresh currentOverview from live game data, re-read the reviewed copy beside the current record, then import with --force only after confirming the row is still accurate."
ps4-priority-naught-neptunia-reviewed-overviews-2026-08-25.json,data/games/reviewed-overview-imports/ps4-priority-naught-neptunia-reviewed-overviews-2026-08-25.csv,ps4,ps4-neon-abyss,,currentOverview is stale; rerun with --force after re-reviewing this row,"Refresh currentOverview from live game data, re-read the reviewed copy beside the current record, then import with --force only after confirming the row is still accurate."
ps4-priority-naught-neptunia-reviewed-overviews-2026-08-25.json,data/games/reviewed-overview-imports/ps4-priority-naught-neptunia-reviewed-overviews-2026-08-25.csv,ps4,ps4-neon-city-riders,,currentOverview is stale; rerun with --force after re-reviewing this row,"Refresh currentOverview from live game data, re-read the reviewed copy beside the current record, then import with --force only after confirming the row is still accurate."
ps4-priority-naught-neptunia-reviewed-overviews-2026-08-25.json,data/games/reviewed-overview-imports/ps4-priority-naught-neptunia-reviewed-overviews-2026-08-25.csv,ps4,ps4-neptunia-game-maker-r-evolution,,currentOverview is stale; rerun with --force after re-reviewing this row,"Refresh currentOverview from live game data, re-read the reviewed copy beside the current record, then import with --force only after confirming the row is still accurate."
ps4-priority-supercross3-moons-reviewed-overviews-2026-08-25.json,data/games/reviewed-overview-imports/ps4-priority-supercross3-moons-reviewed-overviews-2026-08-25.csv,ps4,ps4-monster-energy-supercross-3,,currentOverview is stale; rerun with --force after re-reviewing this row,"Refresh currentOverview from live game data, re-read the reviewed copy beside the current record, then import with --force only after confirming the row is still accurate."
ps4-priority-supercross3-moons-reviewed-overviews-2026-08-25.json,data/games/reviewed-overview-imports/ps4-priority-supercross3-moons-reviewed-overviews-2026-08-25.csv,ps4,ps4-monster-harvest,,currentOverview is stale; rerun with --force after re-reviewing this row,"Refresh currentOverview from live game data, re-read the reviewed copy beside the current record, then import with --force only after confirming the row is still accurate."
ps4-priority-supercross3-moons-reviewed-overviews-2026-08-25.json,data/games/reviewed-overview-imports/ps4-priority-supercross3-moons-reviewed-overviews-2026-08-25.csv,ps4,ps4-monster-jam-steel-titans,,currentOverview is stale; rerun with --force after re-reviewing this row,"Refresh currentOverview from live game data, re-read the reviewed copy beside the current record, then import with --force only after confirming the row is still accurate."
ps4-priority-supercross3-moons-reviewed-overviews-2026-08-25.json,data/games/reviewed-overview-imports/ps4-priority-supercross3-moons-reviewed-overviews-2026-08-25.csv,ps4,ps4-monster-jam-steel-titans-2,,currentOverview is stale; rerun with --force after re-reviewing this row,"Refresh currentOverview from live game data, re-read the reviewed copy beside the current record, then import with --force only after confirming the row is still accurate."
ps4-priority-supercross3-moons-reviewed-overviews-2026-08-25.json,data/games/reviewed-overview-imports/ps4-priority-supercross3-moons-reviewed-overviews-2026-08-25.csv,ps4,ps4-monster-sanctuary,,currentOverview is stale; rerun with --force after re-reviewing this row,"Refresh currentOverview from live game data, re-read the reviewed copy beside the current record, then import with --force only after confirming the row is still accurate."
ps4-priority-supercross3-moons-reviewed-overviews-2026-08-25.json,data/games/reviewed-overview-imports/ps4-priority-supercross3-moons-reviewed-overviews-2026-08-25.csv,ps4,ps4-monster-truck-championship,,currentOverview is stale; rerun with --force after re-reviewing this row,"Refresh currentOverview from live game data, re-read the reviewed copy beside the current record, then import with --force only after confirming the row is still accurate."
ps4-priority-supercross3-moons-reviewed-overviews-2026-08-25.json,data/games/reviewed-overview-imports/ps4-priority-supercross3-moons-reviewed-overviews-2026-08-25.csv,ps4,ps4-moons-of-madness,,currentOverview is stale; rerun with --force after re-reviewing this row,"Refresh currentOverview from live game data, re-read the reviewed copy beside the current record, then import with --force only after confirming the row is still accurate."
ps4-recognizable-catalog-reviewed-overviews.json,data/games/reviewed-overview-imports/ps4-recognizable-catalog-reviewed-overviews.csv,ps4,ps4-hack-g-u-last-recode,,currentOverview is stale; rerun with --force after re-reviewing this row,"Refresh currentOverview from live game data, re-read the reviewed copy beside the current record, then import with --force only after confirming the row is still accurate."
ps4-recognizable-catalog-reviewed-overviews.json,data/games/reviewed-overview-imports/ps4-recognizable-catalog-reviewed-overviews.csv,ps4,ps4-2dark,,currentOverview is stale; rerun with --force after re-reviewing this row,"Refresh currentOverview from live game data, re-read the reviewed copy beside the current record, then import with --force only after confirming the row is still accurate."
ps4-recognizable-catalog-reviewed-overviews.json,data/games/reviewed-overview-imports/ps4-recognizable-catalog-reviewed-overviews.csv,ps4,ps4-8-bit-invaders,,currentOverview is stale; rerun with --force after re-reviewing this row,"Refresh currentOverview from live game data, re-read the reviewed copy beside the current record, then import with --force only after confirming the row is still accurate."
ps4-recognizable-catalog-reviewed-overviews.json,data/games/reviewed-overview-imports/ps4-recognizable-catalog-reviewed-overviews.csv,ps4,ps4-aces-of-the-luftwaffe,,currentOverview is stale; rerun with --force after re-reviewing this row,"Refresh currentOverview from live game data, re-read the reviewed copy beside the current record, then import with --force only after confirming the row is still accurate."
ps4-recognizable-catalog-reviewed-overviews.json,data/games/reviewed-overview-imports/ps4-recognizable-catalog-reviewed-overviews.csv,ps4,ps4-agatha-christie-hercule-poirot-the-first-cases,,currentOverview is stale; rerun with --force after re-reviewing this row,"Refresh currentOverview from live game data, re-read the reviewed copy beside the current record, then import with --force only after confirming the row is still accurate."
ps4-recognizable-franchise-overviews-6.json,data/games/reviewed-overview-imports/ps4-recognizable-franchise-overviews-6.csv,ps4,ps4-dynasty-warriors-8-xtreme-legends-complete-edition,,currentOverview is stale; rerun with --force after re-reviewing this row,"Refresh currentOverview from live game data, re-read the reviewed copy beside the current record, then import with --force only after confirming the row is still accurate."
ps4-recognizable-franchise-overviews-6.json,data/games/reviewed-overview-imports/ps4-recognizable-franchise-overviews-6.csv,ps4,ps4-dynasty-warriors-8-empires,,currentOverview is stale; rerun with --force after re-reviewing this row,"Refresh currentOverview from live game data, re-read the reviewed copy beside the current record, then import with --force only after confirming the row is still accurate."
ps4-recognizable-franchise-overviews-6.json,data/games/reviewed-overview-imports/ps4-recognizable-franchise-overviews-6.csv,ps4,ps4-dynasty-warriors-9-empires,,currentOverview is stale; rerun with --force after re-reviewing this row,"Refresh currentOverview from live game data, re-read the reviewed copy beside the current record, then import with --force only after confirming the row is still accurate."
ps4-recognizable-franchise-overviews-6.json,data/games/reviewed-overview-imports/ps4-recognizable-franchise-overviews-6.csv,ps4,ps4-mega-man-battle-network-legacy-collection-vol-2,,currentOverview is stale; rerun with --force after re-reviewing this row,"Refresh currentOverview from live game data, re-read the reviewed copy beside the current record, then import with --force only after confirming the row is still accurate."
ps4-recognizable-franchise-overviews-6.json,data/games/reviewed-overview-imports/ps4-recognizable-franchise-overviews-6.csv,ps4,ps4-mega-man-legacy-collection-2,,currentOverview is stale; rerun with --force after re-reviewing this row,"Refresh currentOverview from live game data, re-read the reviewed copy beside the current record, then import with --force only after confirming the row is still accurate."
ps4-recognizable-franchise-overviews-6.json,data/games/reviewed-overview-imports/ps4-recognizable-franchise-overviews-6.csv,ps4,ps4-mega-man-x-legacy-collection-2,,currentOverview is stale; rerun with --force after re-reviewing this row,"Refresh currentOverview from live game data, re-read the reviewed copy beside the current record, then import with --force only after confirming the row is still accurate."
ps4-recognizable-franchise-overviews-6.json,data/games/reviewed-overview-imports/ps4-recognizable-franchise-overviews-6.csv,ps4,ps4-lego-jurassic-world,,currentOverview is stale; rerun with --force after re-reviewing this row,"Refresh currentOverview from live game data, re-read the reviewed copy beside the current record, then import with --force only after confirming the row is still accurate."
ps4-recognizable-franchise-overviews-6.json,data/games/reviewed-overview-imports/ps4-recognizable-franchise-overviews-6.csv,ps4,ps4-lego-star-wars-the-force-awakens,,currentOverview is stale; rerun with --force after re-reviewing this row,"Refresh currentOverview from live game data, re-read the reviewed copy beside the current record, then import with --force only after confirming the row is still accurate."
ps4-recognizable-franchise-overviews-6.json,data/games/reviewed-overview-imports/ps4-recognizable-franchise-overviews-6.csv,ps4,ps4-sonic-origins-plus,,currentOverview is stale; rerun with --force after re-reviewing this row,"Refresh currentOverview from live game data, re-read the reviewed copy beside the current record, then import with --force only after confirming the row is still accurate."
ps4-recognizable-franchise-overviews-6.json,data/games/reviewed-overview-imports/ps4-recognizable-franchise-overviews-6.csv,ps4,ps4-dragon-quest-x,,currentOverview is stale; rerun with --force after re-reviewing this row,"Refresh currentOverview from live game data, re-read the reviewed copy beside the current record, then import with --force only after confirming the row is still accurate."
psp-franchise-collector-reviewed-overviews-2.json,data/games/reviewed-overview-imports/psp-franchise-collector-reviewed-overviews-2.csv,psp,psp-lego-star-wars-ii-the-original-trilogy,,currentOverview is stale; rerun with --force after re-reviewing this row,"Refresh currentOverview from live game data, re-read the reviewed copy beside the current record, then import with --force only after confirming the row is still accurate."
psp-franchise-collector-reviewed-overviews-2.json,data/games/reviewed-overview-imports/psp-franchise-collector-reviewed-overviews-2.csv,psp,psp-monster-hunter-diary-poka-poka-airu-village-g,,currentOverview is stale; rerun with --force after re-reviewing this row,"Refresh currentOverview from live game data, re-read the reviewed copy beside the current record, then import with --force only after confirming the row is still accurate."
psp-franchise-collector-reviewed-overviews-2.json,data/games/reviewed-overview-imports/psp-franchise-collector-reviewed-overviews-2.csv,psp,psp-naruto-shippuden-kizuna-drive,,currentOverview is stale; rerun with --force after re-reviewing this row,"Refresh currentOverview from live game data, re-read the reviewed copy beside the current record, then import with --force only after confirming the row is still accurate."
psp-franchise-collector-reviewed-overviews-2.json,data/games/reviewed-overview-imports/psp-franchise-collector-reviewed-overviews-2.csv,psp,psp-naruto-shippuden-ultimate-ninja-heroes-3,,currentOverview is stale; rerun with --force after re-reviewing this row,"Refresh currentOverview from live game data, re-read the reviewed copy beside the current record, then import with --force only after confirming the row is still accurate."
psp-franchise-collector-reviewed-overviews-2.json,data/games/reviewed-overview-imports/psp-franchise-collector-reviewed-overviews-2.csv,psp,psp-naruto-shippuden-ultimate-ninja-impact,,currentOverview is stale; rerun with --force after re-reviewing this row,"Refresh currentOverview from live game data, re-read the reviewed copy beside the current record, then import with --force only after confirming the row is still accurate."
psp-franchise-collector-reviewed-overviews-2.json,data/games/reviewed-overview-imports/psp-franchise-collector-reviewed-overviews-2.csv,psp,psp-yu-gi-oh-5d-s-tag-force-6,,currentOverview is stale; rerun with --force after re-reviewing this row,"Refresh currentOverview from live game data, re-read the reviewed copy beside the current record, then import with --force only after confirming the row is still accurate."
psp-franchise-collector-reviewed-overviews-2.json,data/games/reviewed-overview-imports/psp-franchise-collector-reviewed-overviews-2.csv,psp,psp-blazblue-continuum-shift,,currentOverview is stale; rerun with --force after re-reviewing this row,"Refresh currentOverview from live game data, re-read the reviewed copy beside the current record, then import with --force only after confirming the row is still accurate."
psp-franchise-collector-reviewed-overviews-2.json,data/games/reviewed-overview-imports/psp-franchise-collector-reviewed-overviews-2.csv,psp,psp-blazblue-continuum-shift-ii,,currentOverview is stale; rerun with --force after re-reviewing this row,"Refresh currentOverview from live game data, re-read the reviewed copy beside the current record, then import with --force only after confirming the row is still accurate."
psp-franchise-collector-reviewed-overviews-2.json,data/games/reviewed-overview-imports/psp-franchise-collector-reviewed-overviews-2.csv,psp,psp-corpse-party-book-of-shadows,,currentOverview is stale; rerun with --force after re-reviewing this row,"Refresh currentOverview from live game data, re-read the reviewed copy beside the current record, then import with --force only after confirming the row is still accurate."
psp-franchise-collector-reviewed-overviews-2.json,data/games/reviewed-overview-imports/psp-franchise-collector-reviewed-overviews-2.csv,psp,psp-innocent-life-a-futuristic-harvest-moon,,currentOverview is stale; rerun with --force after re-reviewing this row,"Refresh currentOverview from live game data, re-read the reviewed copy beside the current record, then import with --force only after confirming the row is still accurate."
psp-franchise-collector-reviewed-overviews-2.json,data/games/reviewed-overview-imports/psp-franchise-collector-reviewed-overviews-2.csv,psp,psp-tales-of-the-world-radiant-mythology,,currentOverview is stale; rerun with --force after re-reviewing this row,"Refresh currentOverview from live game data, re-read the reviewed copy beside the current record, then import with --force only after confirming the row is still accurate."
psp-franchise-import-collector-reviewed-overviews-3.json,data/games/reviewed-overview-imports/psp-franchise-import-collector-reviewed-overviews-3.csv,psp,psp-capcom-classics-collection-remixed,,currentOverview is stale; rerun with --force after re-reviewing this row,"Refresh currentOverview from live game data, re-read the reviewed copy beside the current record, then import with --force only after confirming the row is still accurate."
psp-franchise-import-collector-reviewed-overviews-3.json,data/games/reviewed-overview-imports/psp-franchise-import-collector-reviewed-overviews-3.csv,psp,psp-tales-of-destiny-2,,currentOverview is stale; rerun with --force after re-reviewing this row,"Refresh currentOverview from live game data, re-read the reviewed copy beside the current record, then import with --force only after confirming the row is still accurate."
psp-gundam-collector-reviewed-overviews.json,data/games/reviewed-overview-imports/psp-gundam-collector-reviewed-overviews.csv,psp,psp-gundam-assault-survive,,currentOverview is stale; rerun with --force after re-reviewing this row,"Refresh currentOverview from live game data, re-read the reviewed copy beside the current record, then import with --force only after confirming the row is still accurate."
psp-gundam-collector-reviewed-overviews.json,data/games/reviewed-overview-imports/psp-gundam-collector-reviewed-overviews.csv,psp,psp-gundam-battle-chronicle,,currentOverview is stale; rerun with --force after re-reviewing this row,"Refresh currentOverview from live game data, re-read the reviewed copy beside the current record, then import with --force only after confirming the row is still accurate."
psp-gundam-collector-reviewed-overviews.json,data/games/reviewed-overview-imports/psp-gundam-collector-reviewed-overviews.csv,psp,psp-gundam-battle-tactics,,currentOverview is stale; rerun with --force after re-reviewing this row,"Refresh currentOverview from live game data, re-read the reviewed copy beside the current record, then import with --force only after confirming the row is still accurate."
psp-gundam-collector-reviewed-overviews.json,data/games/reviewed-overview-imports/psp-gundam-collector-reviewed-overviews.csv,psp,psp-gundam-battle-universe,,currentOverview is stale; rerun with --force after re-reviewing this row,"Refresh currentOverview from live game data, re-read the reviewed copy beside the current record, then import with --force only after confirming the row is still accurate."
psp-gundam-collector-reviewed-overviews.json,data/games/reviewed-overview-imports/psp-gundam-collector-reviewed-overviews.csv,psp,psp-kidou-senshi-gundam-age-cosmic-drive,,currentOverview is stale; rerun with --force after re-reviewing this row,"Refresh currentOverview from live game data, re-read the reviewed copy beside the current record, then import with --force only after confirming the row is still accurate."
psp-gundam-collector-reviewed-overviews.json,data/games/reviewed-overview-imports/psp-gundam-collector-reviewed-overviews.csv,psp,psp-kidou-senshi-gundam-age-universe-accel,,currentOverview is stale; rerun with --force after re-reviewing this row,"Refresh currentOverview from live game data, re-read the reviewed copy beside the current record, then import with --force only after confirming the row is still accurate."
psp-gundam-collector-reviewed-overviews.json,data/games/reviewed-overview-imports/psp-gundam-collector-reviewed-overviews.csv,psp,psp-kidou-senshi-gundam-gundam-vs-gundam,,currentOverview is stale; rerun with --force after re-reviewing this row,"Refresh currentOverview from live game data, re-read the reviewed copy beside the current record, then import with --force only after confirming the row is still accurate."
psp-gundam-collector-reviewed-overviews.json,data/games/reviewed-overview-imports/psp-gundam-collector-reviewed-overviews.csv,psp,psp-kidou-senshi-gundam-gundam-vs-gundam-next-plus,,currentOverview is stale; rerun with --force after re-reviewing this row,"Refresh currentOverview from live game data, re-read the reviewed copy beside the current record, then import with --force only after confirming the row is still accurate."
psp-gundam-collector-reviewed-overviews.json,data/games/reviewed-overview-imports/psp-gundam-collector-reviewed-overviews.csv,psp,psp-sd-gundam-g-generation-portable,,currentOverview is stale; rerun with --force after re-reviewing this row,"Refresh currentOverview from live game data, re-read the reviewed copy beside the current record, then import with --force only after confirming the row is still accurate."
psp-priority-24ji-akb-reviewed-overviews-2026-08-25.json,data/games/reviewed-overview-imports/psp-priority-24ji-akb-reviewed-overviews-2026-08-25.csv,psp,psp-24-ji-no-kane-to-cinderella-halloween-wedding,,currentOverview is stale; rerun with --force after re-reviewing this row,"Refresh currentOverview from live game data, re-read the reviewed copy beside the current record, then import with --force only after confirming the row is still accurate."
psp-priority-24ji-akb-reviewed-overviews-2026-08-25.json,data/games/reviewed-overview-imports/psp-priority-24ji-akb-reviewed-overviews-2026-08-25.csv,psp,psp-77-sevens-beyond-the-milky-way,,currentOverview is stale; rerun with --force after re-reviewing this row,"Refresh currentOverview from live game data, re-read the reviewed copy beside the current record, then import with --force only after confirming the row is still accurate."
psp-priority-24ji-akb-reviewed-overviews-2026-08-25.json,data/games/reviewed-overview-imports/psp-priority-24ji-akb-reviewed-overviews-2026-08-25.csv,psp,psp-abunai-koi-no-sousashitsu,,currentOverview is stale; rerun with --force after re-reviewing this row,"Refresh currentOverview from live game data, re-read the reviewed copy beside the current record, then import with --force only after confirming the row is still accurate."
psp-priority-24ji-akb-reviewed-overviews-2026-08-25.json,data/games/reviewed-overview-imports/psp-priority-24ji-akb-reviewed-overviews-2026-08-25.csv,psp,psp-ai-igo,,currentOverview is stale; rerun with --force after re-reviewing this row,"Refresh currentOverview from live game data, re-read the reviewed copy beside the current record, then import with --force only after confirming the row is still accurate."
psp-priority-24ji-akb-reviewed-overviews-2026-08-25.json,data/games/reviewed-overview-imports/psp-priority-24ji-akb-reviewed-overviews-2026-08-25.csv,psp,psp-akatsuki-no-amaneka-to-aoi-kyojin,,currentOverview is stale; rerun with --force after re-reviewing this row,"Refresh currentOverview from live game data, re-read the reviewed copy beside the current record, then import with --force only after confirming the row is still accurate."
psp-priority-24ji-akb-reviewed-overviews-2026-08-25.json,data/games/reviewed-overview-imports/psp-priority-24ji-akb-reviewed-overviews-2026-08-25.csv,psp,psp-akatsuki-no-goei-trinity,,currentOverview is stale; rerun with --force after re-reviewing this row,"Refresh currentOverview from live game data, re-read the reviewed copy beside the current record, then import with --force only after confirming the row is still accurate."
psp-priority-24ji-akb-reviewed-overviews-2026-08-25.json,data/games/reviewed-overview-imports/psp-priority-24ji-akb-reviewed-overviews-2026-08-25.csv,psp,psp-akb1-48-idol-to-guam-de-koishitara,,currentOverview is stale; rerun with --force after re-reviewing this row,"Refresh currentOverview from live game data, re-read the reviewed copy beside the current record, then import with --force only after confirming the row is still accurate."
psp-priority-minus8-12riven-reviewed-overviews-2026-08-25.json,data/games/reviewed-overview-imports/psp-priority-minus8-12riven-reviewed-overviews-2026-08-25.csv,psp,psp-8-minus-8,,currentOverview is stale; rerun with --force after re-reviewing this row,"Refresh currentOverview from live game data, re-read the reviewed copy beside the current record, then import with --force only after confirming the row is still accurate."
psp-priority-minus8-12riven-reviewed-overviews-2026-08-25.json,data/games/reviewed-overview-imports/psp-priority-minus8-12riven-reviewed-overviews-2026-08-25.csv,psp,psp-hack-link,,currentOverview is stale; rerun with --force after re-reviewing this row,"Refresh currentOverview from live game data, re-read the reviewed copy beside the current record, then import with --force only after confirming the row is still accurate."
psp-priority-minus8-12riven-reviewed-overviews-2026-08-25.json,data/games/reviewed-overview-imports/psp-priority-minus8-12riven-reviewed-overviews-2026-08-25.csv,psp,psp-0-ji-no-kane-to-cinderella-halloween-wedding,,currentOverview is stale; rerun with --force after re-reviewing this row,"Refresh currentOverview from live game data, re-read the reviewed copy beside the current record, then import with --force only after confirming the row is still accurate."
psp-priority-minus8-12riven-reviewed-overviews-2026-08-25.json,data/games/reviewed-overview-imports/psp-priority-minus8-12riven-reviewed-overviews-2026-08-25.csv,psp,psp-1-2-summer,,currentOverview is stale; rerun with --force after re-reviewing this row,"Refresh currentOverview from live game data, re-read the reviewed copy beside the current record, then import with --force only after confirming the row is still accurate."
psp-priority-minus8-12riven-reviewed-overviews-2026-08-25.json,data/games/reviewed-overview-imports/psp-priority-minus8-12riven-reviewed-overviews-2026-08-25.csv,psp,psp-7-wonders-of-the-ancient-world,,currentOverview is stale; rerun with --force after re-reviewing this row,"Refresh currentOverview from live game data, re-read the reviewed copy beside the current record, then import with --force only after confirming the row is still accurate."
psp-priority-minus8-12riven-reviewed-overviews-2026-08-25.json,data/games/reviewed-overview-imports/psp-priority-minus8-12riven-reviewed-overviews-2026-08-25.csv,psp,psp-7th-dragon-2020-ii,,currentOverview is stale; rerun with --force after re-reviewing this row,"Refresh currentOverview from live game data, re-read the reviewed copy beside the current record, then import with --force only after confirming the row is still accurate."
psp-priority-minus8-12riven-reviewed-overviews-2026-08-25.json,data/games/reviewed-overview-imports/psp-priority-minus8-12riven-reviewed-overviews-2026-08-25.csv,psp,psp-11eyes-crossover,,currentOverview is stale; rerun with --force after re-reviewing this row,"Refresh currentOverview from live game data, re-read the reviewed copy beside the current record, then import with --force only after confirming the row is still accurate."
psp-priority-minus8-12riven-reviewed-overviews-2026-08-25.json,data/games/reviewed-overview-imports/psp-priority-minus8-12riven-reviewed-overviews-2026-08-25.csv,psp,psp-12-ji-no-kane-to-cinderella-halloween-wedding,,currentOverview is stale; rerun with --force after re-reviewing this row,"Refresh currentOverview from live game data, re-read the reviewed copy beside the current record, then import with --force only after confirming the row is still accurate."
psp-priority-minus8-12riven-reviewed-overviews-2026-08-25.json,data/games/reviewed-overview-imports/psp-priority-minus8-12riven-reviewed-overviews-2026-08-25.csv,psp,psp-12riven-the-psi-climinal-of-integral,,currentOverview is stale; rerun with --force after re-reviewing this row,"Refresh currentOverview from live game data, re-read the reviewed copy beside the current record, then import with --force only after confirming the row is still accurate."
psp-recognizable-handheld-catalog-reviewed-overviews-5.json,data/games/reviewed-overview-imports/psp-recognizable-handheld-catalog-reviewed-overviews-5.csv,psp,psp-viorate-no-atelier-gramnad-no-renkinjutsushi-2-gunjou-no-omoide,,currentOverview is stale; rerun with --force after re-reviewing this row,"Refresh currentOverview from live game data, re-read the reviewed copy beside the current record, then import with --force only after confirming the row is still accurate."
psp-recognizable-handheld-catalog-reviewed-overviews-5.json,data/games/reviewed-overview-imports/psp-recognizable-handheld-catalog-reviewed-overviews-5.csv,psp,psp-bleach-heat-the-soul-5,,currentOverview is stale; rerun with --force after re-reviewing this row,"Refresh currentOverview from live game data, re-read the reviewed copy beside the current record, then import with --force only after confirming the row is still accurate."
psp-recognizable-handheld-catalog-reviewed-overviews-5.json,data/games/reviewed-overview-imports/psp-recognizable-handheld-catalog-reviewed-overviews-5.csv,psp,psp-bleach-heat-the-soul-6,,currentOverview is stale; rerun with --force after re-reviewing this row,"Refresh currentOverview from live game data, re-read the reviewed copy beside the current record, then import with --force only after confirming the row is still accurate."
psp-recognizable-handheld-catalog-reviewed-overviews-5.json,data/games/reviewed-overview-imports/psp-recognizable-handheld-catalog-reviewed-overviews-5.csv,psp,psp-bleach-heat-the-soul-7,,currentOverview is stale; rerun with --force after re-reviewing this row,"Refresh currentOverview from live game data, re-read the reviewed copy beside the current record, then import with --force only after confirming the row is still accurate."
psp-recognizable-handheld-catalog-reviewed-overviews-5.json,data/games/reviewed-overview-imports/psp-recognizable-handheld-catalog-reviewed-overviews-5.csv,psp,psp-bleach-soul-carnival,,currentOverview is stale; rerun with --force after re-reviewing this row,"Refresh currentOverview from live game data, re-read the reviewed copy beside the current record, then import with --force only after confirming the row is still accurate."
psp-recognizable-handheld-catalog-reviewed-overviews-5.json,data/games/reviewed-overview-imports/psp-recognizable-handheld-catalog-reviewed-overviews-5.csv,psp,psp-kidou-senshi-gundam-ghiren-no-yabou-axis-no-kyoui-v,,currentOverview is stale; rerun with --force after re-reviewing this row,"Refresh currentOverview from live game data, re-read the reviewed copy beside the current record, then import with --force only after confirming the row is still accurate."
psp-recognizable-handheld-catalog-reviewed-overviews-5.json,data/games/reviewed-overview-imports/psp-recognizable-handheld-catalog-reviewed-overviews-5.csv,psp,psp-kidou-senshi-gundam-ghiren-no-yabou-zeon-no-keifu,,currentOverview is stale; rerun with --force after re-reviewing this row,"Refresh currentOverview from live game data, re-read the reviewed copy beside the current record, then import with --force only after confirming the row is still accurate."
psp-recognizable-handheld-catalog-reviewed-overviews-5.json,data/games/reviewed-overview-imports/psp-recognizable-handheld-catalog-reviewed-overviews-5.csv,psp,psp-kidou-senshi-gundam-mokuba-no-kiseki,,currentOverview is stale; rerun with --force after re-reviewing this row,"Refresh currentOverview from live game data, re-read the reviewed copy beside the current record, then import with --force only after confirming the row is still accurate."
psp-recognizable-handheld-catalog-reviewed-overviews-5.json,data/games/reviewed-overview-imports/psp-recognizable-handheld-catalog-reviewed-overviews-5.csv,psp,psp-kidou-senshi-gundam-senjou-no-kizuna-portable,,currentOverview is stale; rerun with --force after re-reviewing this row,"Refresh currentOverview from live game data, re-read the reviewed copy beside the current record, then import with --force only after confirming the row is still accurate."
psp-recognizable-handheld-catalog-reviewed-overviews-5.json,data/games/reviewed-overview-imports/psp-recognizable-handheld-catalog-reviewed-overviews-5.csv,psp,psp-pachinka-mania-p-cr-tekkenden-tough,,currentOverview is stale; rerun with --force after re-reviewing this row,"Refresh currentOverview from live game data, re-read the reviewed copy beside the current record, then import with --force only after confirming the row is still accurate."
psp-recognizable-handheld-catalog-reviewed-overviews-5.json,data/games/reviewed-overview-imports/psp-recognizable-handheld-catalog-reviewed-overviews-5.csv,psp,psp-tales-of-the-world-radiant-mythology-3,,currentOverview is stale; rerun with --force after re-reviewing this row,"Refresh currentOverview from live game data, re-read the reviewed copy beside the current record, then import with --force only after confirming the row is still accurate."
psp-recognizable-handheld-catalog-reviewed-overviews-5.json,data/games/reviewed-overview-imports/psp-recognizable-handheld-catalog-reviewed-overviews-5.csv,psp,psp-all-kamen-rider-rider-generation-2,,currentOverview is stale; rerun with --force after re-reviewing this row,"Refresh currentOverview from live game data, re-read the reviewed copy beside the current record, then import with --force only after confirming the row is still accurate."
psp-recognizable-rpg-collection-reviewed-overviews.json,data/games/reviewed-overview-imports/psp-recognizable-rpg-collection-reviewed-overviews.csv,psp,psp-7th-dragon-2020,,currentOverview is stale; rerun with --force after re-reviewing this row,"Refresh currentOverview from live game data, re-read the reviewed copy beside the current record, then import with --force only after confirming the row is still accurate."
psp-recognizable-rpg-collection-reviewed-overviews.json,data/games/reviewed-overview-imports/psp-recognizable-rpg-collection-reviewed-overviews.csv,psp,psp-7th-dragon-2020-ii,,currentOverview is stale; rerun with --force after re-reviewing this row,"Refresh currentOverview from live game data, re-read the reviewed copy beside the current record, then import with --force only after confirming the row is still accurate."
psp-recognizable-rpg-collection-reviewed-overviews.json,data/games/reviewed-overview-imports/psp-recognizable-rpg-collection-reviewed-overviews.csv,psp,psp-101-in-1-megamix,,currentOverview is stale; rerun with --force after re-reviewing this row,"Refresh currentOverview from live game data, re-read the reviewed copy beside the current record, then import with --force only after confirming the row is still accurate."
psp-recognizable-rpg-collection-reviewed-overviews.json,data/games/reviewed-overview-imports/psp-recognizable-rpg-collection-reviewed-overviews.csv,psp,psp-428-fuusa-sareta-shibuya,,currentOverview is stale; rerun with --force after re-reviewing this row,"Refresh currentOverview from live game data, re-read the reviewed copy beside the current record, then import with --force only after confirming the row is still accurate."
psp-recognizable-rpg-collection-reviewed-overviews.json,data/games/reviewed-overview-imports/psp-recognizable-rpg-collection-reviewed-overviews.csv,psp,psp-aces-of-war,,currentOverview is stale; rerun with --force after re-reviewing this row,"Refresh currentOverview from live game data, re-read the reviewed copy beside the current record, then import with --force only after confirming the row is still accurate."
psp-recognizable-rpg-collection-reviewed-overviews.json,data/games/reviewed-overview-imports/psp-recognizable-rpg-collection-reviewed-overviews.csv,psp,psp-activision-hits-remixed,,currentOverview is stale; rerun with --force after re-reviewing this row,"Refresh currentOverview from live game data, re-read the reviewed copy beside the current record, then import with --force only after confirming the row is still accurate."
psp-recognizable-rpg-collection-reviewed-overviews.json,data/games/reviewed-overview-imports/psp-recognizable-rpg-collection-reviewed-overviews.csv,psp,psp-adventures-to-go,,currentOverview is stale; rerun with --force after re-reviewing this row,"Refresh currentOverview from live game data, re-read the reviewed copy beside the current record, then import with --force only after confirming the row is still accurate."
psp-recognizable-rpg-collection-reviewed-overviews.json,data/games/reviewed-overview-imports/psp-recognizable-rpg-collection-reviewed-overviews.csv,psp,psp-afl-challenge,,currentOverview is stale; rerun with --force after re-reviewing this row,"Refresh currentOverview from live game data, re-read the reviewed copy beside the current record, then import with --force only after confirming the row is still accurate."
psp-recognizable-rpg-collection-reviewed-overviews.json,data/games/reviewed-overview-imports/psp-recognizable-rpg-collection-reviewed-overviews.csv,psp,psp-agarest-senki-marriage,,currentOverview is stale; rerun with --force after re-reviewing this row,"Refresh currentOverview from live game data, re-read the reviewed copy beside the current record, then import with --force only after confirming the row is still accurate."
psp-recognizable-rpg-collection-reviewed-overviews.json,data/games/reviewed-overview-imports/psp-recognizable-rpg-collection-reviewed-overviews.csv,psp,psp-ailu-de-puzzle,,currentOverview is stale; rerun with --force after re-reviewing this row,"Refresh currentOverview from live game data, re-read the reviewed copy beside the current record, then import with --force only after confirming the row is still accurate."
psp-recognizable-rpg-collection-reviewed-overviews.json,data/games/reviewed-overview-imports/psp-recognizable-rpg-collection-reviewed-overviews.csv,psp,psp-akaya-akashiya-ayakashino,,currentOverview is stale; rerun with --force after re-reviewing this row,"Refresh currentOverview from live game data, re-read the reviewed copy beside the current record, then import with --force only after confirming the row is still accurate."
psp-recognizable-rpg-collection-reviewed-overviews.json,data/games/reviewed-overview-imports/psp-recognizable-rpg-collection-reviewed-overviews.csv,psp,psp-amnesia,,currentOverview is stale; rerun with --force after re-reviewing this row,"Refresh currentOverview from live game data, re-read the reviewed copy beside the current record, then import with --force only after confirming the row is still accurate."
psp-tcg-anime-action-reviewed-overviews.json,data/games/reviewed-overview-imports/psp-tcg-anime-action-reviewed-overviews.csv,psp,psp-yu-gi-oh-duel-monsters-gx-tag-force,,currentOverview is stale; rerun with --force after re-reviewing this row,"Refresh currentOverview from live game data, re-read the reviewed copy beside the current record, then import with --force only after confirming the row is still accurate."
psp-tcg-anime-action-reviewed-overviews.json,data/games/reviewed-overview-imports/psp-tcg-anime-action-reviewed-overviews.csv,psp,psp-yu-gi-oh-duel-monsters-gx-tag-force-2,,currentOverview is stale; rerun with --force after re-reviewing this row,"Refresh currentOverview from live game data, re-read the reviewed copy beside the current record, then import with --force only after confirming the row is still accurate."
psp-tcg-anime-action-reviewed-overviews.json,data/games/reviewed-overview-imports/psp-tcg-anime-action-reviewed-overviews.csv,psp,psp-yu-gi-oh-duel-monsters-gx-tag-force-3,,currentOverview is stale; rerun with --force after re-reviewing this row,"Refresh currentOverview from live game data, re-read the reviewed copy beside the current record, then import with --force only after confirming the row is still accurate."
psp-tcg-anime-action-reviewed-overviews.json,data/games/reviewed-overview-imports/psp-tcg-anime-action-reviewed-overviews.csv,psp,psp-yu-gi-oh-5d-s-tag-force-4,,currentOverview is stale; rerun with --force after re-reviewing this row,"Refresh currentOverview from live game data, re-read the reviewed copy beside the current record, then import with --force only after confirming the row is still accurate."
psp-tcg-anime-action-reviewed-overviews.json,data/games/reviewed-overview-imports/psp-tcg-anime-action-reviewed-overviews.csv,psp,psp-yu-gi-oh-5d-s-tag-force-5,,currentOverview is stale; rerun with --force after re-reviewing this row,"Refresh currentOverview from live game data, re-read the reviewed copy beside the current record, then import with --force only after confirming the row is still accurate."
psp-tcg-anime-action-reviewed-overviews.json,data/games/reviewed-overview-imports/psp-tcg-anime-action-reviewed-overviews.csv,psp,psp-yu-gi-oh-arc-v-tag-force-special,,currentOverview is stale; rerun with --force after re-reviewing this row,"Refresh currentOverview from live game data, re-read the reviewed copy beside the current record, then import with --force only after confirming the row is still accurate."
psp-tcg-anime-action-reviewed-overviews.json,data/games/reviewed-overview-imports/psp-tcg-anime-action-reviewed-overviews.csv,psp,psp-digimon-adventure,,currentOverview is stale; rerun with --force after re-reviewing this row,"Refresh currentOverview from live game data, re-read the reviewed copy beside the current record, then import with --force only after confirming the row is still accurate."
psp-tcg-anime-action-reviewed-overviews.json,data/games/reviewed-overview-imports/psp-tcg-anime-action-reviewed-overviews.csv,psp,psp-dragon-ball-z-shin-budokai,,currentOverview is stale; rerun with --force after re-reviewing this row,"Refresh currentOverview from live game data, re-read the reviewed copy beside the current record, then import with --force only after confirming the row is still accurate."
psp-tcg-anime-action-reviewed-overviews.json,data/games/reviewed-overview-imports/psp-tcg-anime-action-reviewed-overviews.csv,psp,psp-dragon-ball-z-shin-budokai-another-road,,currentOverview is stale; rerun with --force after re-reviewing this row,"Refresh currentOverview from live game data, re-read the reviewed copy beside the current record, then import with --force only after confirming the row is still accurate."
psp-tcg-anime-action-reviewed-overviews.json,data/games/reviewed-overview-imports/psp-tcg-anime-action-reviewed-overviews.csv,psp,psp-dragon-ball-z-tenkaichi-tag-team,,currentOverview is stale; rerun with --force after re-reviewing this row,"Refresh currentOverview from live game data, re-read the reviewed copy beside the current record, then import with --force only after confirming the row is still accurate."
psp-tcg-anime-action-reviewed-overviews.json,data/games/reviewed-overview-imports/psp-tcg-anime-action-reviewed-overviews.csv,psp,psp-monster-hunter-diary-poka-poka-airu-village,,currentOverview is stale; rerun with --force after re-reviewing this row,"Refresh currentOverview from live game data, re-read the reviewed copy beside the current record, then import with --force only after confirming the row is still accurate."
psp-tcg-anime-action-reviewed-overviews.json,data/games/reviewed-overview-imports/psp-tcg-anime-action-reviewed-overviews.csv,psp,psp-metal-gear-solid-portable-ops-plus,,currentOverview is stale; rerun with --force after re-reviewing this row,"Refresh currentOverview from live game data, re-read the reviewed copy beside the current record, then import with --force only after confirming the row is still accurate."
switch-recognizable-nintendo-capcom-square-reviewed-overviews-2.json,data/games/reviewed-overview-imports/switch-recognizable-nintendo-capcom-square-reviewed-overviews-2.csv,switch,switch-super-mario-bros-35,,currentOverview is stale; rerun with --force after re-reviewing this row,"Refresh currentOverview from live game data, re-read the reviewed copy beside the current record, then import with --force only after confirming the row is still accurate."
switch-recognizable-nintendo-capcom-square-reviewed-overviews-2.json,data/games/reviewed-overview-imports/switch-recognizable-nintendo-capcom-square-reviewed-overviews-2.csv,switch,switch-resident-evil-origins-collection,,currentOverview is stale; rerun with --force after re-reviewing this row,"Refresh currentOverview from live game data, re-read the reviewed copy beside the current record, then import with --force only after confirming the row is still accurate."
switch-recognizable-nintendo-capcom-square-reviewed-overviews-2.json,data/games/reviewed-overview-imports/switch-recognizable-nintendo-capcom-square-reviewed-overviews-2.csv,switch,switch-mega-man-legacy-collection,,currentOverview is stale; rerun with --force after re-reviewing this row,"Refresh currentOverview from live game data, re-read the reviewed copy beside the current record, then import with --force only after confirming the row is still accurate."
switch-recognizable-nintendo-capcom-square-reviewed-overviews-2.json,data/games/reviewed-overview-imports/switch-recognizable-nintendo-capcom-square-reviewed-overviews-2.csv,switch,switch-final-fantasy-xv-pocket-edition,,currentOverview is stale; rerun with --force after re-reviewing this row,"Refresh currentOverview from live game data, re-read the reviewed copy beside the current record, then import with --force only after confirming the row is still accurate."
switch-recognizable-nintendo-capcom-square-reviewed-overviews-2.json,data/games/reviewed-overview-imports/switch-recognizable-nintendo-capcom-square-reviewed-overviews-2.csv,switch,switch-dragon-ball-z-super-butoden,,currentOverview is stale; rerun with --force after re-reviewing this row,"Refresh currentOverview from live game data, re-read the reviewed copy beside the current record, then import with --force only after confirming the row is still accurate."
switch-recognizable-nintendo-capcom-square-reviewed-overviews-2.json,data/games/reviewed-overview-imports/switch-recognizable-nintendo-capcom-square-reviewed-overviews-2.csv,switch,switch-pac-man-mega-tunnel-battle-chomp-champs,,currentOverview is stale; rerun with --force after re-reviewing this row,"Refresh currentOverview from live game data, re-read the reviewed copy beside the current record, then import with --force only after confirming the row is still accurate."
switch-recognizable-nintendo-capcom-square-reviewed-overviews-2.json,data/games/reviewed-overview-imports/switch-recognizable-nintendo-capcom-square-reviewed-overviews-2.csv,switch,switch-dragon-quest-heroes-the-world-tree-s-woe-and-the-blight-below,,currentOverview is stale; rerun with --force after re-reviewing this row,"Refresh currentOverview from live game data, re-read the reviewed copy beside the current record, then import with --force only after confirming the row is still accurate."
switch-recognizable-nintendo-capcom-square-reviewed-overviews-2.json,data/games/reviewed-overview-imports/switch-recognizable-nintendo-capcom-square-reviewed-overviews-2.csv,switch,switch-dragon-quest-ii,,currentOverview is stale; rerun with --force after re-reviewing this row,"Refresh currentOverview from live game data, re-read the reviewed copy beside the current record, then import with --force only after confirming the row is still accurate."
switch-recognizable-nintendo-capcom-square-reviewed-overviews-2.json,data/games/reviewed-overview-imports/switch-recognizable-nintendo-capcom-square-reviewed-overviews-2.csv,switch,switch-dragon-quest-monsters-terry-s-wonderland-retro,,currentOverview is stale; rerun with --force after re-reviewing this row,"Refresh currentOverview from live game data, re-read the reviewed copy beside the current record, then import with --force only after confirming the row is still accurate."
switch-recognizable-nintendo-capcom-square-reviewed-overviews-2.json,data/games/reviewed-overview-imports/switch-recognizable-nintendo-capcom-square-reviewed-overviews-2.csv,switch,switch-dragon-quest-rivals-ace,,currentOverview is stale; rerun with --force after re-reviewing this row,"Refresh currentOverview from live game data, re-read the reviewed copy beside the current record, then import with --force only after confirming the row is still accurate."
switch-recognizable-rpg-anime-reviewed-overviews.json,data/games/reviewed-overview-imports/switch-recognizable-rpg-anime-reviewed-overviews.csv,switch,switch-atelier-ryza-ever-darkness-and-the-secret-hideout,,currentOverview is stale; rerun with --force after re-reviewing this row,"Refresh currentOverview from live game data, re-read the reviewed copy beside the current record, then import with --force only after confirming the row is still accurate."
switch-recognizable-rpg-anime-reviewed-overviews.json,data/games/reviewed-overview-imports/switch-recognizable-rpg-anime-reviewed-overviews.csv,switch,switch-atelier-ryza-2-lost-legends-and-the-secret-fairy,,currentOverview is stale; rerun with --force after re-reviewing this row,"Refresh currentOverview from live game data, re-read the reviewed copy beside the current record, then import with --force only after confirming the row is still accurate."
switch-recognizable-rpg-anime-reviewed-overviews.json,data/games/reviewed-overview-imports/switch-recognizable-rpg-anime-reviewed-overviews.csv,switch,switch-atelier-ryza-3-alchemist-of-the-end-and-the-secret-key,,currentOverview is stale; rerun with --force after re-reviewing this row,"Refresh currentOverview from live game data, re-read the reviewed copy beside the current record, then import with --force only after confirming the row is still accurate."
switch-recognizable-rpg-anime-reviewed-overviews.json,data/games/reviewed-overview-imports/switch-recognizable-rpg-anime-reviewed-overviews.csv,switch,switch-attack-on-titan-2,,currentOverview is stale; rerun with --force after re-reviewing this row,"Refresh currentOverview from live game data, re-read the reviewed copy beside the current record, then import with --force only after confirming the row is still accurate."
switch-recognizable-rpg-anime-reviewed-overviews.json,data/games/reviewed-overview-imports/switch-recognizable-rpg-anime-reviewed-overviews.csv,switch,switch-dragon-ball-xenoverse-2,,currentOverview is stale; rerun with --force after re-reviewing this row,"Refresh currentOverview from live game data, re-read the reviewed copy beside the current record, then import with --force only after confirming the row is still accurate."
switch-recognizable-rpg-anime-reviewed-overviews.json,data/games/reviewed-overview-imports/switch-recognizable-rpg-anime-reviewed-overviews.csv,switch,switch-dragon-ball-z-kakarot,,currentOverview is stale; rerun with --force after re-reviewing this row,"Refresh currentOverview from live game data, re-read the reviewed copy beside the current record, then import with --force only after confirming the row is still accurate."
switch-recognizable-rpg-anime-reviewed-overviews.json,data/games/reviewed-overview-imports/switch-recognizable-rpg-anime-reviewed-overviews.csv,switch,switch-dragon-quest-xi,,currentOverview is stale; rerun with --force after re-reviewing this row,"Refresh currentOverview from live game data, re-read the reviewed copy beside the current record, then import with --force only after confirming the row is still accurate."
switch-recognizable-rpg-anime-reviewed-overviews.json,data/games/reviewed-overview-imports/switch-recognizable-rpg-anime-reviewed-overviews.csv,switch,switch-dragon-quest-heroes-ii,,currentOverview is stale; rerun with --force after re-reviewing this row,"Refresh currentOverview from live game data, re-read the reviewed copy beside the current record, then import with --force only after confirming the row is still accurate."
switch-recognizable-rpg-anime-reviewed-overviews.json,data/games/reviewed-overview-imports/switch-recognizable-rpg-anime-reviewed-overviews.csv,switch,switch-lego-2k-drive,,currentOverview is stale; rerun with --force after re-reviewing this row,"Refresh currentOverview from live game data, re-read the reviewed copy beside the current record, then import with --force only after confirming the row is still accurate."
switch-recognizable-rpg-anime-reviewed-overviews.json,data/games/reviewed-overview-imports/switch-recognizable-rpg-anime-reviewed-overviews.csv,switch,switch-mario-and-sonic-at-the-olympic-games-tokyo-2020,,currentOverview is stale; rerun with --force after re-reviewing this row,"Refresh currentOverview from live game data, re-read the reviewed copy beside the current record, then import with --force only after confirming the row is still accurate."
switch-recognizable-rpg-anime-reviewed-overviews.json,data/games/reviewed-overview-imports/switch-recognizable-rpg-anime-reviewed-overviews.csv,switch,switch-pokemon-cafe-mix,,currentOverview is stale; rerun with --force after re-reviewing this row,"Refresh currentOverview from live game data, re-read the reviewed copy beside the current record, then import with --force only after confirming the row is still accurate."
switch-recognizable-rpg-anime-reviewed-overviews.json,data/games/reviewed-overview-imports/switch-recognizable-rpg-anime-reviewed-overviews.csv,switch,switch-yu-gi-oh-master-duel,,currentOverview is stale; rerun with --force after re-reviewing this row,"Refresh currentOverview from live game data, re-read the reviewed copy beside the current record, then import with --force only after confirming the row is still accurate."
vita-franchise-action-collector-reviewed-overviews-2.json,data/games/reviewed-overview-imports/vita-franchise-action-collector-reviewed-overviews-2.csv,vita,vita-gundam-breaker,,currentOverview is stale; rerun with --force after re-reviewing this row,"Refresh currentOverview from live game data, re-read the reviewed copy beside the current record, then import with --force only after confirming the row is still accurate."
vita-franchise-action-collector-reviewed-overviews-2.json,data/games/reviewed-overview-imports/vita-franchise-action-collector-reviewed-overviews-2.csv,vita,vita-gundam-breaker-2,,currentOverview is stale; rerun with --force after re-reviewing this row,"Refresh currentOverview from live game data, re-read the reviewed copy beside the current record, then import with --force only after confirming the row is still accurate."
vita-franchise-action-collector-reviewed-overviews-2.json,data/games/reviewed-overview-imports/vita-franchise-action-collector-reviewed-overviews-2.csv,vita,vita-gundam-breaker-3,,currentOverview is stale; rerun with --force after re-reviewing this row,"Refresh currentOverview from live game data, re-read the reviewed copy beside the current record, then import with --force only after confirming the row is still accurate."
vita-franchise-action-collector-reviewed-overviews-2.json,data/games/reviewed-overview-imports/vita-franchise-action-collector-reviewed-overviews-2.csv,vita,vita-j-stars-victory-vs,,currentOverview is stale; rerun with --force after re-reviewing this row,"Refresh currentOverview from live game data, re-read the reviewed copy beside the current record, then import with --force only after confirming the row is still accurate."
vita-franchise-action-collector-reviewed-overviews-2.json,data/games/reviewed-overview-imports/vita-franchise-action-collector-reviewed-overviews-2.csv,vita,vita-j-stars-victory-vs-plus,,currentOverview is stale; rerun with --force after re-reviewing this row,"Refresh currentOverview from live game data, re-read the reviewed copy beside the current record, then import with --force only after confirming the row is still accurate."
vita-franchise-action-collector-reviewed-overviews-2.json,data/games/reviewed-overview-imports/vita-franchise-action-collector-reviewed-overviews-2.csv,vita,vita-kido-senshi-gundam-seed-battle-destiny,,currentOverview is stale; rerun with --force after re-reviewing this row,"Refresh currentOverview from live game data, re-read the reviewed copy beside the current record, then import with --force only after confirming the row is still accurate."
vita-franchise-action-collector-reviewed-overviews-2.json,data/games/reviewed-overview-imports/vita-franchise-action-collector-reviewed-overviews-2.csv,vita,vita-lego-jurassic-world,,currentOverview is stale; rerun with --force after re-reviewing this row,"Refresh currentOverview from live game data, re-read the reviewed copy beside the current record, then import with --force only after confirming the row is still accurate."
vita-franchise-action-collector-reviewed-overviews-2.json,data/games/reviewed-overview-imports/vita-franchise-action-collector-reviewed-overviews-2.csv,vita,vita-lego-star-wars-the-force-awakens,,currentOverview is stale; rerun with --force after re-reviewing this row,"Refresh currentOverview from live game data, re-read the reviewed copy beside the current record, then import with --force only after confirming the row is still accurate."
vita-franchise-action-collector-reviewed-overviews-2.json,data/games/reviewed-overview-imports/vita-franchise-action-collector-reviewed-overviews-2.csv,vita,vita-mobile-suit-gundam-extreme-vs-force,,currentOverview is stale; rerun with --force after re-reviewing this row,"Refresh currentOverview from live game data, re-read the reviewed copy beside the current record, then import with --force only after confirming the row is still accurate."
vita-franchise-action-collector-reviewed-overviews-2.json,data/games/reviewed-overview-imports/vita-franchise-action-collector-reviewed-overviews-2.csv,vita,vita-nelke-to-densetsu-no-renkinjutsushi-tachi-aratana-daichi-no-atelier,,currentOverview is stale; rerun with --force after re-reviewing this row,"Refresh currentOverview from live game data, re-read the reviewed copy beside the current record, then import with --force only after confirming the row is still accurate."
vita-franchise-action-collector-reviewed-overviews-2.json,data/games/reviewed-overview-imports/vita-franchise-action-collector-reviewed-overviews-2.csv,vita,vita-shin-gundam-musou,,currentOverview is stale; rerun with --force after re-reviewing this row,"Refresh currentOverview from live game data, re-read the reviewed copy beside the current record, then import with --force only after confirming the row is still accurate."
vita-franchise-action-collector-reviewed-overviews-2.json,data/games/reviewed-overview-imports/vita-franchise-action-collector-reviewed-overviews-2.csv,vita,vita-toukiden-kiwami,,currentOverview is stale; rerun with --force after re-reviewing this row,"Refresh currentOverview from live game data, re-read the reviewed copy beside the current record, then import with --force only after confirming the row is still accurate."
vita-franchise-import-collector-reviewed-overviews-3.json,data/games/reviewed-overview-imports/vita-franchise-import-collector-reviewed-overviews-3.csv,vita,vita-himehibi-zoku-nigakki-new-princess-days,,currentOverview is stale; rerun with --force after re-reviewing this row,"Refresh currentOverview from live game data, re-read the reviewed copy beside the current record, then import with --force only after confirming the row is still accurate."
vita-gameboy-recognizable-reviewed-overviews.json,data/games/reviewed-overview-imports/vita-gameboy-recognizable-reviewed-overviews.csv,vita,vita-bigfest,,currentOverview is stale; rerun with --force after re-reviewing this row,"Refresh currentOverview from live game data, re-read the reviewed copy beside the current record, then import with --force only after confirming the row is still accurate."
vita-gameboy-recognizable-reviewed-overviews.json,data/games/reviewed-overview-imports/vita-gameboy-recognizable-reviewed-overviews.csv,vita,vita-blazblue-chrono-phantasma,,currentOverview is stale; rerun with --force after re-reviewing this row,"Refresh currentOverview from live game data, re-read the reviewed copy beside the current record, then import with --force only after confirming the row is still accurate."
vita-gameboy-recognizable-reviewed-overviews.json,data/games/reviewed-overview-imports/vita-gameboy-recognizable-reviewed-overviews.csv,gameboy,gbc-barbie-magic-genie-adventure,,currentOverview is stale; rerun with --force after re-reviewing this row,"Refresh currentOverview from live game data, re-read the reviewed copy beside the current record, then import with --force only after confirming the row is still accurate."
vita-gameboy-recognizable-reviewed-overviews.json,data/games/reviewed-overview-imports/vita-gameboy-recognizable-reviewed-overviews.csv,gameboy,gb-batman-the-animated-series,,currentOverview is stale; rerun with --force after re-reviewing this row,"Refresh currentOverview from live game data, re-read the reviewed copy beside the current record, then import with --force only after confirming the row is still accurate."
vita-gameboy-recognizable-reviewed-overviews.json,data/games/reviewed-overview-imports/vita-gameboy-recognizable-reviewed-overviews.csv,gameboy,gbc-battletanx,,currentOverview is stale; rerun with --force after re-reviewing this row,"Refresh currentOverview from live game data, re-read the reviewed copy beside the current record, then import with --force only after confirming the row is still accurate."
vita-rpg-collector-reviewed-overviews.json,data/games/reviewed-overview-imports/vita-rpg-collector-reviewed-overviews.csv,vita,vita-atelier-rorona-plus-the-alchemist-of-arland,,currentOverview is stale; rerun with --force after re-reviewing this row,"Refresh currentOverview from live game data, re-read the reviewed copy beside the current record, then import with --force only after confirming the row is still accurate."
vita-rpg-collector-reviewed-overviews.json,data/games/reviewed-overview-imports/vita-rpg-collector-reviewed-overviews.csv,vita,vita-atelier-totori-plus-the-adventurer-of-arland,,currentOverview is stale; rerun with --force after re-reviewing this row,"Refresh currentOverview from live game data, re-read the reviewed copy beside the current record, then import with --force only after confirming the row is still accurate."
vita-rpg-collector-reviewed-overviews.json,data/games/reviewed-overview-imports/vita-rpg-collector-reviewed-overviews.csv,vita,vita-atelier-meruru-plus-the-apprentice-of-arland,,currentOverview is stale; rerun with --force after re-reviewing this row,"Refresh currentOverview from live game data, re-read the reviewed copy beside the current record, then import with --force only after confirming the row is still accurate."
vita-rpg-collector-reviewed-overviews.json,data/games/reviewed-overview-imports/vita-rpg-collector-reviewed-overviews.csv,vita,vita-atelier-ayesha-plus-the-alchemist-of-dusk,,currentOverview is stale; rerun with --force after re-reviewing this row,"Refresh currentOverview from live game data, re-read the reviewed copy beside the current record, then import with --force only after confirming the row is still accurate."
vita-rpg-collector-reviewed-overviews.json,data/games/reviewed-overview-imports/vita-rpg-collector-reviewed-overviews.csv,vita,vita-atelier-escha-and-logy-plus-alchemists-of-the-dusk-sky,,currentOverview is stale; rerun with --force after re-reviewing this row,"Refresh currentOverview from live game data, re-read the reviewed copy beside the current record, then import with --force only after confirming the row is still accurate."
vita-rpg-collector-reviewed-overviews.json,data/games/reviewed-overview-imports/vita-rpg-collector-reviewed-overviews.csv,vita,vita-atelier-shallie-plus-alchemists-of-the-dusk-sea,,currentOverview is stale; rerun with --force after re-reviewing this row,"Refresh currentOverview from live game data, re-read the reviewed copy beside the current record, then import with --force only after confirming the row is still accurate."
vita-rpg-collector-reviewed-overviews.json,data/games/reviewed-overview-imports/vita-rpg-collector-reviewed-overviews.csv,vita,vita-god-eater-2,,currentOverview is stale; rerun with --force after re-reviewing this row,"Refresh currentOverview from live game data, re-read the reviewed copy beside the current record, then import with --force only after confirming the row is still accurate."
vita-rpg-collector-reviewed-overviews.json,data/games/reviewed-overview-imports/vita-rpg-collector-reviewed-overviews.csv,vita,vita-persona-3-dancing-in-moonlight,,currentOverview is stale; rerun with --force after re-reviewing this row,"Refresh currentOverview from live game data, re-read the reviewed copy beside the current record, then import with --force only after confirming the row is still accurate."
vita-rpg-collector-reviewed-overviews.json,data/games/reviewed-overview-imports/vita-rpg-collector-reviewed-overviews.csv,vita,vita-ragnarok-odyssey,,currentOverview is stale; rerun with --force after re-reviewing this row,"Refresh currentOverview from live game data, re-read the reviewed copy beside the current record, then import with --force only after confirming the row is still accurate."
vita-rpg-collector-reviewed-overviews.json,data/games/reviewed-overview-imports/vita-rpg-collector-reviewed-overviews.csv,vita,vita-ragnarok-odyssey-ace,,currentOverview is stale; rerun with --force after re-reviewing this row,"Refresh currentOverview from live game data, re-read the reviewed copy beside the current record, then import with --force only after confirming the row is still accurate."
vita-rpg-collector-reviewed-overviews.json,data/games/reviewed-overview-imports/vita-rpg-collector-reviewed-overviews.csv,vita,vita-jak-3-hd,,currentOverview is stale; rerun with --force after re-reviewing this row,"Refresh currentOverview from live game data, re-read the reviewed copy beside the current record, then import with --force only after confirming the row is still accurate."
vita-rpg-visual-novel-indie-reviewed-overviews.json,data/games/reviewed-overview-imports/vita-rpg-visual-novel-indie-reviewed-overviews.csv,vita,vita-killallzombies,,currentOverview is stale; rerun with --force after re-reviewing this row,"Refresh currentOverview from live game data, re-read the reviewed copy beside the current record, then import with --force only after confirming the row is still accurate."
vita-rpg-visual-novel-indie-reviewed-overviews.json,data/games/reviewed-overview-imports/vita-rpg-visual-novel-indie-reviewed-overviews.csv,vita,vita-3rd-super-robot-wars-z-jigoku-hen,,currentOverview is stale; rerun with --force after re-reviewing this row,"Refresh currentOverview from live game data, re-read the reviewed copy beside the current record, then import with --force only after confirming the row is still accurate."
vita-rpg-visual-novel-indie-reviewed-overviews.json,data/games/reviewed-overview-imports/vita-rpg-visual-novel-indie-reviewed-overviews.csv,vita,vita-3rd-super-robot-wars-z-tengoku-hen,,currentOverview is stale; rerun with --force after re-reviewing this row,"Refresh currentOverview from live game data, re-read the reviewed copy beside the current record, then import with --force only after confirming the row is still accurate."
vita-rpg-visual-novel-indie-reviewed-overviews.json,data/games/reviewed-overview-imports/vita-rpg-visual-novel-indie-reviewed-overviews.csv,vita,vita-36-fragments-of-midnight,,currentOverview is stale; rerun with --force after re-reviewing this row,"Refresh currentOverview from live game data, re-read the reviewed copy beside the current record, then import with --force only after confirming the row is still accurate."
vita-rpg-visual-novel-indie-reviewed-overviews.json,data/games/reviewed-overview-imports/vita-rpg-visual-novel-indie-reviewed-overviews.csv,vita,vita-88-heroes,,currentOverview is stale; rerun with --force after re-reviewing this row,"Refresh currentOverview from live game data, re-read the reviewed copy beside the current record, then import with --force only after confirming the row is still accurate."
vita-rpg-visual-novel-indie-reviewed-overviews.json,data/games/reviewed-overview-imports/vita-rpg-visual-novel-indie-reviewed-overviews.csv,vita,vita-a-hole-new-world,,currentOverview is stale; rerun with --force after re-reviewing this row,"Refresh currentOverview from live game data, re-read the reviewed copy beside the current record, then import with --force only after confirming the row is still accurate."
vita-rpg-visual-novel-indie-reviewed-overviews.json,data/games/reviewed-overview-imports/vita-rpg-visual-novel-indie-reviewed-overviews.csv,vita,vita-a-winter-s-daydream,,currentOverview is stale; rerun with --force after re-reviewing this row,"Refresh currentOverview from live game data, re-read the reviewed copy beside the current record, then import with --force only after confirming the row is still accurate."
vita-rpg-visual-novel-indie-reviewed-overviews.json,data/games/reviewed-overview-imports/vita-rpg-visual-novel-indie-reviewed-overviews.csv,vita,vita-a-men,,currentOverview is stale; rerun with --force after re-reviewing this row,"Refresh currentOverview from live game data, re-read the reviewed copy beside the current record, then import with --force only after confirming the row is still accurate."
vita-rpg-visual-novel-indie-reviewed-overviews.json,data/games/reviewed-overview-imports/vita-rpg-visual-novel-indie-reviewed-overviews.csv,vita,vita-a-men-2,,currentOverview is stale; rerun with --force after re-reviewing this row,"Refresh currentOverview from live game data, re-read the reviewed copy beside the current record, then import with --force only after confirming the row is still accurate."
vita-rpg-visual-novel-indie-reviewed-overviews.json,data/games/reviewed-overview-imports/vita-rpg-visual-novel-indie-reviewed-overviews.csv,vita,vita-access-denied,,currentOverview is stale; rerun with --force after re-reviewing this row,"Refresh currentOverview from live game data, re-read the reviewed copy beside the current record, then import with --force only after confirming the row is still accurate."
vita-rpg-visual-novel-indie-reviewed-overviews.json,data/games/reviewed-overview-imports/vita-rpg-visual-novel-indie-reviewed-overviews.csv,vita,vita-active-neurons,,currentOverview is stale; rerun with --force after re-reviewing this row,"Refresh currentOverview from live game data, re-read the reviewed copy beside the current record, then import with --force only after confirming the row is still accurate."
vita-rpg-visual-novel-indie-reviewed-overviews.json,data/games/reviewed-overview-imports/vita-rpg-visual-novel-indie-reviewed-overviews.csv,vita,vita-alone-with-you,,currentOverview is stale; rerun with --force after re-reviewing this row,"Refresh currentOverview from live game data, re-read the reviewed copy beside the current record, then import with --force only after confirming the row is still accurate."
vita-rpg-visual-novel-indie-reviewed-overviews.json,data/games/reviewed-overview-imports/vita-rpg-visual-novel-indie-reviewed-overviews.csv,vita,vita-amnesia-memories,,currentOverview is stale; rerun with --force after re-reviewing this row,"Refresh currentOverview from live game data, re-read the reviewed copy beside the current record, then import with --force only after confirming the row is still accurate."
wii-franchise-collector-reviewed-overviews-2.json,data/games/reviewed-overview-imports/wii-franchise-collector-reviewed-overviews-2.csv,wii,wii-castlevania-judgment,,currentOverview is stale; rerun with --force after re-reviewing this row,"Refresh currentOverview from live game data, re-read the reviewed copy beside the current record, then import with --force only after confirming the row is still accurate."
wii-franchise-collector-reviewed-overviews-2.json,data/games/reviewed-overview-imports/wii-franchise-collector-reviewed-overviews-2.csv,wii,wii-naruto-clash-of-ninja-revolution,,currentOverview is stale; rerun with --force after re-reviewing this row,"Refresh currentOverview from live game data, re-read the reviewed copy beside the current record, then import with --force only after confirming the row is still accurate."
wii-franchise-collector-reviewed-overviews-2.json,data/games/reviewed-overview-imports/wii-franchise-collector-reviewed-overviews-2.csv,wii,wii-naruto-clash-of-ninja-revolution-2,,currentOverview is stale; rerun with --force after re-reviewing this row,"Refresh currentOverview from live game data, re-read the reviewed copy beside the current record, then import with --force only after confirming the row is still accurate."
wii-franchise-collector-reviewed-overviews-2.json,data/games/reviewed-overview-imports/wii-franchise-collector-reviewed-overviews-2.csv,wii,wii-one-piece-unlimited-cruise-episode-1-the-treasure-beneath-the-waves,,currentOverview is stale; rerun with --force after re-reviewing this row,"Refresh currentOverview from live game data, re-read the reviewed copy beside the current record, then import with --force only after confirming the row is still accurate."
wii-franchise-collector-reviewed-overviews-2.json,data/games/reviewed-overview-imports/wii-franchise-collector-reviewed-overviews-2.csv,wii,wii-one-piece-unlimited-cruise-episode-2-awakening-of-a-hero,,currentOverview is stale; rerun with --force after re-reviewing this row,"Refresh currentOverview from live game data, re-read the reviewed copy beside the current record, then import with --force only after confirming the row is still accurate."
wii-franchise-collector-reviewed-overviews-2.json,data/games/reviewed-overview-imports/wii-franchise-collector-reviewed-overviews-2.csv,wii,wii-new-play-control-donkey-kong-jungle-beat,,currentOverview is stale; rerun with --force after re-reviewing this row,"Refresh currentOverview from live game data, re-read the reviewed copy beside the current record, then import with --force only after confirming the row is still accurate."
wii-franchise-collector-reviewed-overviews-2.json,data/games/reviewed-overview-imports/wii-franchise-collector-reviewed-overviews-2.csv,wii,wii-yu-gi-oh-5d-s-wheelie-breakers,,currentOverview is stale; rerun with --force after re-reviewing this row,"Refresh currentOverview from live game data, re-read the reviewed copy beside the current record, then import with --force only after confirming the row is still accurate."
wii-franchise-collector-reviewed-overviews-2.json,data/games/reviewed-overview-imports/wii-franchise-collector-reviewed-overviews-2.csv,wii,wii-mobile-suit-gundam-ms-sensen-0079,,currentOverview is stale; rerun with --force after re-reviewing this row,"Refresh currentOverview from live game data, re-read the reviewed copy beside the current record, then import with --force only after confirming the row is still accurate."
wii-franchise-collector-reviewed-overviews-2.json,data/games/reviewed-overview-imports/wii-franchise-collector-reviewed-overviews-2.csv,wii,wii-sd-gundam-g-generation-world,,currentOverview is stale; rerun with --force after re-reviewing this row,"Refresh currentOverview from live game data, re-read the reviewed copy beside the current record, then import with --force only after confirming the row is still accurate."
wii-licensed-recognizable-reviewed-overviews.json,data/games/reviewed-overview-imports/wii-licensed-recognizable-reviewed-overviews.csv,wii,wii-ac-dc-live-rock-band-track-pack,,currentOverview is stale; rerun with --force after re-reviewing this row,"Refresh currentOverview from live game data, re-read the reviewed copy beside the current record, then import with --force only after confirming the row is still accurate."
wii-licensed-recognizable-reviewed-overviews.json,data/games/reviewed-overview-imports/wii-licensed-recognizable-reviewed-overviews.csv,wii,wii-active-life-magical-carnival,,currentOverview is stale; rerun with --force after re-reviewing this row,"Refresh currentOverview from live game data, re-read the reviewed copy beside the current record, then import with --force only after confirming the row is still accurate."
wii-licensed-recognizable-reviewed-overviews.json,data/games/reviewed-overview-imports/wii-licensed-recognizable-reviewed-overviews.csv,wii,wii-bakugan-battle-brawlers,,currentOverview is stale; rerun with --force after re-reviewing this row,"Refresh currentOverview from live game data, re-read the reviewed copy beside the current record, then import with --force only after confirming the row is still accurate."
wii-licensed-recognizable-reviewed-overviews.json,data/games/reviewed-overview-imports/wii-licensed-recognizable-reviewed-overviews.csv,wii,wii-barbie-dreamhouse-party,,currentOverview is stale; rerun with --force after re-reviewing this row,"Refresh currentOverview from live game data, re-read the reviewed copy beside the current record, then import with --force only after confirming the row is still accurate."
wii-licensed-recognizable-reviewed-overviews.json,data/games/reviewed-overview-imports/wii-licensed-recognizable-reviewed-overviews.csv,wii,wii-bass-pro-shops-the-hunt,,currentOverview is stale; rerun with --force after re-reviewing this row,"Refresh currentOverview from live game data, re-read the reviewed copy beside the current record, then import with --force only after confirming the row is still accurate."
wii-licensed-recognizable-reviewed-overviews.json,data/games/reviewed-overview-imports/wii-licensed-recognizable-reviewed-overviews.csv,wii,wii-bass-pro-shops-the-strike,,currentOverview is stale; rerun with --force after re-reviewing this row,"Refresh currentOverview from live game data, re-read the reviewed copy beside the current record, then import with --force only after confirming the row is still accurate."
wii-licensed-recognizable-reviewed-overviews.json,data/games/reviewed-overview-imports/wii-licensed-recognizable-reviewed-overviews.csv,wii,wii-ben-10-alien-force,,currentOverview is stale; rerun with --force after re-reviewing this row,"Refresh currentOverview from live game data, re-read the reviewed copy beside the current record, then import with --force only after confirming the row is still accurate."
wii-licensed-recognizable-reviewed-overviews.json,data/games/reviewed-overview-imports/wii-licensed-recognizable-reviewed-overviews.csv,wii,wii-disney-think-fast,,currentOverview is stale; rerun with --force after re-reviewing this row,"Refresh currentOverview from live game data, re-read the reviewed copy beside the current record, then import with --force only after confirming the row is still accurate."
wii-licensed-recognizable-reviewed-overviews.json,data/games/reviewed-overview-imports/wii-licensed-recognizable-reviewed-overviews.csv,wii,wii-dragon-ball-z-budokai-tenkaichi-2,,currentOverview is stale; rerun with --force after re-reviewing this row,"Refresh currentOverview from live game data, re-read the reviewed copy beside the current record, then import with --force only after confirming the row is still accurate."
wii-licensed-recognizable-reviewed-overviews.json,data/games/reviewed-overview-imports/wii-licensed-recognizable-reviewed-overviews.csv,wii,wii-dragon-ball-z-budokai-tenkaichi-3,,currentOverview is stale; rerun with --force after re-reviewing this row,"Refresh currentOverview from live game data, re-read the reviewed copy beside the current record, then import with --force only after confirming the row is still accurate."
wii-licensed-recognizable-reviewed-overviews.json,data/games/reviewed-overview-imports/wii-licensed-recognizable-reviewed-overviews.csv,wii,wii-rock-band-track-pack-classic-rock,,currentOverview is stale; rerun with --force after re-reviewing this row,"Refresh currentOverview from live game data, re-read the reviewed copy beside the current record, then import with --force only after confirming the row is still accurate."
xbox360-franchise-collector-reviewed-overviews.json,data/games/reviewed-overview-imports/xbox360-franchise-collector-reviewed-overviews.csv,xbox360,xbox360-armored-core-v,,currentOverview is stale; rerun with --force after re-reviewing this row,"Refresh currentOverview from live game data, re-read the reviewed copy beside the current record, then import with --force only after confirming the row is still accurate."
xbox360-franchise-collector-reviewed-overviews.json,data/games/reviewed-overview-imports/xbox360-franchise-collector-reviewed-overviews.csv,xbox360,xbox360-armored-core-verdict-day,,currentOverview is stale; rerun with --force after re-reviewing this row,"Refresh currentOverview from live game data, re-read the reviewed copy beside the current record, then import with --force only after confirming the row is still accurate."
xbox360-franchise-collector-reviewed-overviews.json,data/games/reviewed-overview-imports/xbox360-franchise-collector-reviewed-overviews.csv,xbox360,xbox360-dead-rising-2-case-zero,,currentOverview is stale; rerun with --force after re-reviewing this row,"Refresh currentOverview from live game data, re-read the reviewed copy beside the current record, then import with --force only after confirming the row is still accurate."
